phase,trial,seed,features,n_rows,candidate_c,true_union_rate,truth,method,decision,pooled_rate_error,max_marginal_error,joint_error
final,0,2964735869414993749,2,12000,0.05,0.15000000000000002,acceptable,pooled,supported,0.00020833333333332427,0.0008333333333333248,0.0005000000000000004
final,0,2964735869414993749,2,12000,0.05,0.15000000000000002,acceptable,per_feature,supported,0.00020833333333332427,0.0008333333333333248,0.0005000000000000004
final,0,2964735869414993749,2,12000,0.05,0.15000000000000002,acceptable,same_evidence,supported,0.00020833333333332427,0.0008333333333333248,0.0005000000000000004
final,0,2964735869414993749,2,12000,0.05,0.15000000000000002,acceptable,framework,supported,0.00020833333333332427,0.0008333333333333248,0.0005000000000000004
final,1,2844696580587073987,2,12000,0.05,0.15000000000000002,acceptable,pooled,supported,0.004208333333333342,0.004416666666666666,0.003499999999999996
final,1,2844696580587073987,2,12000,0.05,0.15000000000000002,acceptable,per_feature,supported,0.004208333333333342,0.004416666666666666,0.003499999999999996
final,1,2844696580587073987,2,12000,0.05,0.15000000000000002,acceptable,same_evidence,supported,0.004208333333333342,0.004416666666666666,0.003499999999999996
final,1,2844696580587073987,2,12000,0.05,0.15000000000000002,acceptable,framework,supported,0.004208333333333342,0.004416666666666666,0.003499999999999996
final,2,3315081315239740820,2,12000,0.05,0.15000000000000002,acceptable,pooled,supported,0.0007083333333333386,0.003333333333333327,0.003999999999999997
final,2,3315081315239740820,2,12000,0.05,0.15000000000000002,acceptable,per_feature,supported,0.0007083333333333386,0.003333333333333327,0.003999999999999997
final,2,3315081315239740820,2,12000,0.05,0.15000000000000002,acceptable,same_evidence,supported,0.0007083333333333386,0.003333333333333327,0.003999999999999997
final,2,3315081315239740820,2,12000,0.05,0.15000000000000002,acceptable,framework,supported,0.0007083333333333386,0.003333333333333327,0.003999999999999997
final,3,3855585915174553355,2,12000,0.05,0.15000000000000002,acceptable,pooled,supported,0.0017916666666666636,0.0026666666666666644,0.0030000000000000027
final,3,3855585915174553355,2,12000,0.05,0.15000000000000002,acceptable,per_feature,supported,0.0017916666666666636,0.0026666666666666644,0.0030000000000000027
final,3,3855585915174553355,2,12000,0.05,0.15000000000000002,acceptable,same_evidence,supported,0.0017916666666666636,0.0026666666666666644,0.0030000000000000027
final,3,3855585915174553355,2,12000,0.05,0.15000000000000002,acceptable,framework,supported,0.0017916666666666636,0.0026666666666666644,0.0030000000000000027
final,4,1235386591896294247,2,12000,0.05,0.15000000000000002,acceptable,pooled,supported,0.0002500000000000002,0.0005000000000000004,0.0029166666666666716
final,4,1235386591896294247,2,12000,0.05,0.15000000000000002,acceptable,per_feature,supported,0.0002500000000000002,0.0005000000000000004,0.0029166666666666716
final,4,1235386591896294247,2,12000,0.05,0.15000000000000002,acceptable,same_evidence,supported,0.0002500000000000002,0.0005000000000000004,0.0029166666666666716
final,4,1235386591896294247,2,12000,0.05,0.15000000000000002,acceptable,framework,supported,0.0002500000000000002,0.0005000000000000004,0.0029166666666666716
final,5,1570900358814039199,2,12000,0.05,0.15000000000000002,acceptable,pooled,supported,0.0006250000000000006,0.00466666666666668,0.0025833333333333333
final,5,1570900358814039199,2,12000,0.05,0.15000000000000002,acceptable,per_feature,supported,0.0006250000000000006,0.00466666666666668,0.0025833333333333333
final,5,1570900358814039199,2,12000,0.05,0.15000000000000002,acceptable,same_evidence,supported,0.0006250000000000006,0.00466666666666668,0.0025833333333333333
final,5,1570900358814039199,2,12000,0.05,0.15000000000000002,acceptable,framework,supported,0.0006250000000000006,0.00466666666666668,0.0025833333333333333
final,6,594118976955960232,2,12000,0.05,0.15000000000000002,acceptable,pooled,supported,0.003958333333333328,0.004416666666666666,0.0020000000000000018
final,6,594118976955960232,2,12000,0.05,0.15000000000000002,acceptable,per_feature,supported,0.003958333333333328,0.004416666666666666,0.0020000000000000018
final,6,594118976955960232,2,12000,0.05,0.15000000000000002,acceptable,same_evidence,supported,0.003958333333333328,0.004416666666666666,0.0020000000000000018
final,6,594118976955960232,2,12000,0.05,0.15000000000000002,acceptable,framework,supported,0.003958333333333328,0.004416666666666666,0.0020000000000000018
final,7,4002597834706353991,2,12000,0.05,0.15000000000000002,acceptable,pooled,supported,0.002249999999999988,0.004250000000000004,0.001083333333333332
final,7,4002597834706353991,2,12000,0.05,0.15000000000000002,acceptable,per_feature,supported,0.002249999999999988,0.004250000000000004,0.001083333333333332
final,7,4002597834706353991,2,12000,0.05,0.15000000000000002,acceptable,same_evidence,supported,0.002249999999999988,0.004250000000000004,0.001083333333333332
final,7,4002597834706353991,2,12000,0.05,0.15000000000000002,acceptable,framework,supported,0.002249999999999988,0.004250000000000004,0.001083333333333332
final,8,1444341726105325108,2,12000,0.05,0.15000000000000002,acceptable,pooled,supported,0.0016666666666666774,0.0030833333333333407,8.33333333333311e-05
final,8,1444341726105325108,2,12000,0.05,0.15000000000000002,acceptable,per_feature,supported,0.0016666666666666774,0.0030833333333333407,8.33333333333311e-05
final,8,1444341726105325108,2,12000,0.05,0.15000000000000002,acceptable,same_evidence,supported,0.0016666666666666774,0.0030833333333333407,8.33333333333311e-05
final,8,1444341726105325108,2,12000,0.05,0.15000000000000002,acceptable,framework,supported,0.0016666666666666774,0.0030833333333333407,8.33333333333311e-05
final,9,517381189319052314,2,12000,0.05,0.15000000000000002,acceptable,pooled,supported,0.0030000000000000027,0.003083333333333327,0.004416666666666666
final,9,517381189319052314,2,12000,0.05,0.15000000000000002,acceptable,per_feature,supported,0.0030000000000000027,0.003083333333333327,0.004416666666666666
final,9,517381189319052314,2,12000,0.05,0.15000000000000002,acceptable,same_evidence,supported,0.0030000000000000027,0.003083333333333327,0.004416666666666666
final,9,517381189319052314,2,12000,0.05,0.15000000000000002,acceptable,framework,supported,0.0030000000000000027,0.003083333333333327,0.004416666666666666
final,10,1605416120935741003,2,12000,0.05,0.15000000000000002,acceptable,pooled,supported,0.0002500000000000002,0.001083333333333339,0.0004999999999999935
final,10,1605416120935741003,2,12000,0.05,0.15000000000000002,acceptable,per_feature,supported,0.0002500000000000002,0.001083333333333339,0.0004999999999999935
final,10,1605416120935741003,2,12000,0.05,0.15000000000000002,acceptable,same_evidence,supported,0.0002500000000000002,0.001083333333333339,0.0004999999999999935
final,10,1605416120935741003,2,12000,0.05,0.15000000000000002,acceptable,framework,supported,0.0002500000000000002,0.001083333333333339,0.0004999999999999935
final,11,101736264929745313,2,12000,0.05,0.15000000000000002,acceptable,pooled,supported,0.005833333333333329,0.009333333333333332,0.005583333333333336
final,11,101736264929745313,2,12000,0.05,0.15000000000000002,acceptable,per_feature,supported,0.005833333333333329,0.009333333333333332,0.005583333333333336
final,11,101736264929745313,2,12000,0.05,0.15000000000000002,acceptable,same_evidence,supported,0.005833333333333329,0.009333333333333332,0.005583333333333336
final,11,101736264929745313,2,12000,0.05,0.15000000000000002,acceptable,framework,supported,0.005833333333333329,0.009333333333333332,0.005583333333333336
final,12,653437200574543256,2,12000,0.05,0.15000000000000002,acceptable,pooled,supported,0.003375000000000017,0.0050833333333333425,0.0039166666666666655
final,12,653437200574543256,2,12000,0.05,0.15000000000000002,acceptable,per_feature,supported,0.003375000000000017,0.0050833333333333425,0.0039166666666666655
final,12,653437200574543256,2,12000,0.05,0.15000000000000002,acceptable,same_evidence,supported,0.003375000000000017,0.0050833333333333425,0.0039166666666666655
final,12,653437200574543256,2,12000,0.05,0.15000000000000002,acceptable,framework,supported,0.003375000000000017,0.0050833333333333425,0.0039166666666666655
final,13,3726061168328045046,2,12000,0.05,0.15000000000000002,acceptable,pooled,supported,0.0026666666666666505,0.0049999999999999906,0.002416666666666664
final,13,3726061168328045046,2,12000,0.05,0.15000000000000002,acceptable,per_feature,supported,0.0026666666666666505,0.0049999999999999906,0.002416666666666664
final,13,3726061168328045046,2,12000,0.05,0.15000000000000002,acceptable,same_evidence,supported,0.0026666666666666505,0.0049999999999999906,0.002416666666666664
final,13,3726061168328045046,2,12000,0.05,0.15000000000000002,acceptable,framework,supported,0.0026666666666666505,0.0049999999999999906,0.002416666666666664
final,14,1252717906236528398,2,12000,0.05,0.15000000000000002,acceptable,pooled,supported,0.0028749999999999887,0.003416666666666665,0.0005000000000000004
final,14,1252717906236528398,2,12000,0.05,0.15000000000000002,acceptable,per_feature,supported,0.0028749999999999887,0.003416666666666665,0.0005000000000000004
final,14,1252717906236528398,2,12000,0.05,0.15000000000000002,acceptable,same_evidence,supported,0.0028749999999999887,0.003416666666666665,0.0005000000000000004
final,14,1252717906236528398,2,12000,0.05,0.15000000000000002,acceptable,framework,supported,0.0028749999999999887,0.003416666666666665,0.0005000000000000004
final,15,1123806898678675035,2,12000,0.05,0.15000000000000002,acceptable,pooled,supported,0.005124999999999991,0.005916666666666653,0.004499999999999997
final,15,1123806898678675035,2,12000,0.05,0.15000000000000002,acceptable,per_feature,supported,0.005124999999999991,0.005916666666666653,0.004499999999999997
final,15,1123806898678675035,2,12000,0.05,0.15000000000000002,acceptable,same_evidence,supported,0.005124999999999991,0.005916666666666653,0.004499999999999997
final,15,1123806898678675035,2,12000,0.05,0.15000000000000002,acceptable,framework,supported,0.005124999999999991,0.005916666666666653,0.004499999999999997
final,16,4024828638901477697,2,12000,0.05,0.15000000000000002,acceptable,pooled,supported,0.00633333333333333,0.0072499999999999926,0.0039166666666666655
final,16,4024828638901477697,2,12000,0.05,0.15000000000000002,acceptable,per_feature,supported,0.00633333333333333,0.0072499999999999926,0.0039166666666666655
final,16,4024828638901477697,2,12000,0.05,0.15000000000000002,acceptable,same_evidence,supported,0.00633333333333333,0.0072499999999999926,0.0039166666666666655
final,16,4024828638901477697,2,12000,0.05,0.15000000000000002,acceptable,framework,supported,0.00633333333333333,0.0072499999999999926,0.0039166666666666655
final,17,1449292084080388600,2,12000,0.05,0.15000000000000002,acceptable,pooled,supported,0.001125000000000001,0.005833333333333329,0.0008333333333333318
final,17,1449292084080388600,2,12000,0.05,0.15000000000000002,acceptable,per_feature,supported,0.001125000000000001,0.005833333333333329,0.0008333333333333318
final,17,1449292084080388600,2,12000,0.05,0.15000000000000002,acceptable,same_evidence,supported,0.001125000000000001,0.005833333333333329,0.0008333333333333318
final,17,1449292084080388600,2,12000,0.05,0.15000000000000002,acceptable,framework,supported,0.001125000000000001,0.005833333333333329,0.0008333333333333318
final,18,2570609688439494625,2,12000,0.05,0.15000000000000002,acceptable,pooled,supported,0.005416666666666667,0.006916666666666668,0.0007500000000000007
final,18,2570609688439494625,2,12000,0.05,0.15000000000000002,acceptable,per_feature,supported,0.005416666666666667,0.006916666666666668,0.0007500000000000007
final,18,2570609688439494625,2,12000,0.05,0.15000000000000002,acceptable,same_evidence,supported,0.005416666666666667,0.006916666666666668,0.0007500000000000007
final,18,2570609688439494625,2,12000,0.05,0.15000000000000002,acceptable,framework,supported,0.005416666666666667,0.006916666666666668,0.0007500000000000007
final,19,3971833958875450577,2,12000,0.05,0.15000000000000002,acceptable,pooled,supported,0.008166666666666655,0.010416666666666671,0.004583333333333335
final,19,3971833958875450577,2,12000,0.05,0.15000000000000002,acceptable,per_feature,withheld,0.008166666666666655,0.010416666666666671,0.004583333333333335
final,19,3971833958875450577,2,12000,0.05,0.15000000000000002,acceptable,same_evidence,withheld,0.008166666666666655,0.010416666666666671,0.004583333333333335
final,19,3971833958875450577,2,12000,0.05,0.15000000000000002,acceptable,framework,withheld,0.008166666666666655,0.010416666666666671,0.004583333333333335
final,20,856287855946148785,2,12000,0.05,0.15000000000000002,acceptable,pooled,supported,0.0048749999999999905,0.005583333333333329,0.0037500000000000033
final,20,856287855946148785,2,12000,0.05,0.15000000000000002,acceptable,per_feature,supported,0.0048749999999999905,0.005583333333333329,0.0037500000000000033
final,20,856287855946148785,2,12000,0.05,0.15000000000000002,acceptable,same_evidence,supported,0.0048749999999999905,0.005583333333333329,0.0037500000000000033
final,20,856287855946148785,2,12000,0.05,0.15000000000000002,acceptable,framework,supported,0.0048749999999999905,0.005583333333333329,0.0037500000000000033
final,21,586184212299874796,2,12000,0.05,0.15000000000000002,acceptable,pooled,supported,0.0017500000000000016,0.0025000000000000022,0.001083333333333339
final,21,586184212299874796,2,12000,0.05,0.15000000000000002,acceptable,per_feature,supported,0.0017500000000000016,0.0025000000000000022,0.001083333333333339
final,21,586184212299874796,2,12000,0.05,0.15000000000000002,acceptable,same_evidence,supported,0.0017500000000000016,0.0025000000000000022,0.001083333333333339
final,21,586184212299874796,2,12000,0.05,0.15000000000000002,acceptable,framework,supported,0.0017500000000000016,0.0025000000000000022,0.001083333333333339
final,22,4054237200189302795,2,12000,0.05,0.15000000000000002,acceptable,pooled,supported,0.0005416666666666625,0.002166666666666664,0.00016666666666666913
final,22,4054237200189302795,2,12000,0.05,0.15000000000000002,acceptable,per_feature,supported,0.0005416666666666625,0.002166666666666664,0.00016666666666666913
final,22,4054237200189302795,2,12000,0.05,0.15000000000000002,acceptable,same_evidence,supported,0.0005416666666666625,0.002166666666666664,0.00016666666666666913
final,22,4054237200189302795,2,12000,0.05,0.15000000000000002,acceptable,framework,supported,0.0005416666666666625,0.002166666666666664,0.00016666666666666913
final,23,3413559790461102576,2,12000,0.05,0.15000000000000002,acceptable,pooled,supported,0.0017499999999999877,0.00449999999999999,0.002083333333333333
final,23,3413559790461102576,2,12000,0.05,0.15000000000000002,acceptable,per_feature,supported,0.0017499999999999877,0.00449999999999999,0.002083333333333333
final,23,3413559790461102576,2,12000,0.05,0.15000000000000002,acceptable,same_evidence,supported,0.0017499999999999877,0.00449999999999999,0.002083333333333333
final,23,3413559790461102576,2,12000,0.05,0.15000000000000002,acceptable,framework,supported,0.0017499999999999877,0.00449999999999999,0.002083333333333333
final,24,4097844346582188739,2,12000,0.05,0.15000000000000002,acceptable,pooled,supported,0.0030000000000000027,0.006416666666666668,0.00116666666666667
final,24,4097844346582188739,2,12000,0.05,0.15000000000000002,acceptable,per_feature,supported,0.0030000000000000027,0.006416666666666668,0.00116666666666667
final,24,4097844346582188739,2,12000,0.05,0.15000000000000002,acceptable,same_evidence,supported,0.0030000000000000027,0.006416666666666668,0.00116666666666667
final,24,4097844346582188739,2,12000,0.05,0.15000000000000002,acceptable,framework,supported,0.0030000000000000027,0.006416666666666668,0.00116666666666667
final,25,422048092445714057,2,12000,0.05,0.15000000000000002,acceptable,pooled,supported,0.002416666666666678,0.0029166666666666785,0.0018333333333333326
final,25,422048092445714057,2,12000,0.05,0.15000000000000002,acceptable,per_feature,supported,0.002416666666666678,0.0029166666666666785,0.0018333333333333326
final,25,422048092445714057,2,12000,0.05,0.15000000000000002,acceptable,same_evidence,supported,0.002416666666666678,0.0029166666666666785,0.0018333333333333326
final,25,422048092445714057,2,12000,0.05,0.15000000000000002,acceptable,framework,supported,0.002416666666666678,0.0029166666666666785,0.0018333333333333326
final,26,1319515566508982110,2,12000,0.05,0.15000000000000002,acceptable,pooled,supported,4.166666666666208e-05,0.0016666666666666635,0.0019166666666666707
final,26,1319515566508982110,2,12000,0.05,0.15000000000000002,acceptable,per_feature,supported,4.166666666666208e-05,0.0016666666666666635,0.0019166666666666707
final,26,1319515566508982110,2,12000,0.05,0.15000000000000002,acceptable,same_evidence,supported,4.166666666666208e-05,0.0016666666666666635,0.0019166666666666707
final,26,1319515566508982110,2,12000,0.05,0.15000000000000002,acceptable,framework,supported,4.166666666666208e-05,0.0016666666666666635,0.0019166666666666707
final,27,4236884624999119870,2,12000,0.05,0.15000000000000002,acceptable,pooled,supported,0.007875000000000007,0.011666666666666672,0.0050833333333333355
final,27,4236884624999119870,2,12000,0.05,0.15000000000000002,acceptable,per_feature,withheld,0.007875000000000007,0.011666666666666672,0.0050833333333333355
final,27,4236884624999119870,2,12000,0.05,0.15000000000000002,acceptable,same_evidence,withheld,0.007875000000000007,0.011666666666666672,0.0050833333333333355
final,27,4236884624999119870,2,12000,0.05,0.15000000000000002,acceptable,framework,withheld,0.007875000000000007,0.011666666666666672,0.0050833333333333355
final,28,2248800264492149306,2,12000,0.05,0.15000000000000002,acceptable,pooled,supported,0.0040416666666666795,0.004833333333333342,0.006249999999999999
final,28,2248800264492149306,2,12000,0.05,0.15000000000000002,acceptable,per_feature,supported,0.0040416666666666795,0.004833333333333342,0.006249999999999999
final,28,2248800264492149306,2,12000,0.05,0.15000000000000002,acceptable,same_evidence,supported,0.0040416666666666795,0.004833333333333342,0.006249999999999999
final,28,2248800264492149306,2,12000,0.05,0.15000000000000002,acceptable,framework,supported,0.0040416666666666795,0.004833333333333342,0.006249999999999999
final,29,3913821184073450194,2,12000,0.05,0.15000000000000002,acceptable,pooled,supported,0.003291666666666665,0.003333333333333327,0.0013333333333333322
final,29,3913821184073450194,2,12000,0.05,0.15000000000000002,acceptable,per_feature,supported,0.003291666666666665,0.003333333333333327,0.0013333333333333322
final,29,3913821184073450194,2,12000,0.05,0.15000000000000002,acceptable,same_evidence,supported,0.003291666666666665,0.003333333333333327,0.0013333333333333322
final,29,3913821184073450194,2,12000,0.05,0.15000000000000002,acceptable,framework,supported,0.003291666666666665,0.003333333333333327,0.0013333333333333322
final,30,4120397466635282230,2,12000,0.05,0.15000000000000002,acceptable,pooled,supported,0.0040000000000000036,0.007333333333333331,0.0005000000000000004
final,30,4120397466635282230,2,12000,0.05,0.15000000000000002,acceptable,per_feature,supported,0.0040000000000000036,0.007333333333333331,0.0005000000000000004
final,30,4120397466635282230,2,12000,0.05,0.15000000000000002,acceptable,same_evidence,supported,0.0040000000000000036,0.007333333333333331,0.0005000000000000004
final,30,4120397466635282230,2,12000,0.05,0.15000000000000002,acceptable,framework,supported,0.0040000000000000036,0.007333333333333331,0.0005000000000000004
final,31,1368244584121232825,2,12000,0.05,0.15000000000000002,acceptable,pooled,supported,0.0029583333333333267,0.0030000000000000027,0.0029166666666666646
final,31,1368244584121232825,2,12000,0.05,0.15000000000000002,acceptable,per_feature,supported,0.0029583333333333267,0.0030000000000000027,0.0029166666666666646
final,31,1368244584121232825,2,12000,0.05,0.15000000000000002,acceptable,same_evidence,supported,0.0029583333333333267,0.0030000000000000027,0.0029166666666666646
final,31,1368244584121232825,2,12000,0.05,0.15000000000000002,acceptable,framework,supported,0.0029583333333333267,0.0030000000000000027,0.0029166666666666646
final,32,843300979346570713,2,12000,0.05,0.15000000000000002,acceptable,pooled,supported,0.003625000000000017,0.008333333333333331,0.004666666666666666
final,32,843300979346570713,2,12000,0.05,0.15000000000000002,acceptable,per_feature,supported,0.003625000000000017,0.008333333333333331,0.004666666666666666
final,32,843300979346570713,2,12000,0.05,0.15000000000000002,acceptable,same_evidence,supported,0.003625000000000017,0.008333333333333331,0.004666666666666666
final,32,843300979346570713,2,12000,0.05,0.15000000000000002,acceptable,framework,supported,0.003625000000000017,0.008333333333333331,0.004666666666666666
final,33,3555640796580931344,2,12000,0.05,0.15000000000000002,acceptable,pooled,supported,0.001166666666666663,0.002083333333333326,0.0017500000000000016
final,33,3555640796580931344,2,12000,0.05,0.15000000000000002,acceptable,per_feature,supported,0.001166666666666663,0.002083333333333326,0.0017500000000000016
final,33,3555640796580931344,2,12000,0.05,0.15000000000000002,acceptable,same_evidence,supported,0.001166666666666663,0.002083333333333326,0.0017500000000000016
final,33,3555640796580931344,2,12000,0.05,0.15000000000000002,acceptable,framework,supported,0.001166666666666663,0.002083333333333326,0.0017500000000000016
final,34,943573366843099557,2,12000,0.05,0.15000000000000002,acceptable,pooled,supported,0.002250000000000002,0.003166666666666665,0.0005000000000000004
final,34,943573366843099557,2,12000,0.05,0.15000000000000002,acceptable,per_feature,supported,0.002250000000000002,0.003166666666666665,0.0005000000000000004
final,34,943573366843099557,2,12000,0.05,0.15000000000000002,acceptable,same_evidence,supported,0.002250000000000002,0.003166666666666665,0.0005000000000000004
final,34,943573366843099557,2,12000,0.05,0.15000000000000002,acceptable,framework,supported,0.002250000000000002,0.003166666666666665,0.0005000000000000004
final,35,1227668085445699507,2,12000,0.05,0.15000000000000002,acceptable,pooled,supported,0.002291666666666664,0.0034999999999999892,0.002416666666666664
final,35,1227668085445699507,2,12000,0.05,0.15000000000000002,acceptable,per_feature,supported,0.002291666666666664,0.0034999999999999892,0.002416666666666664
final,35,1227668085445699507,2,12000,0.05,0.15000000000000002,acceptable,same_evidence,supported,0.002291666666666664,0.0034999999999999892,0.002416666666666664
final,35,1227668085445699507,2,12000,0.05,0.15000000000000002,acceptable,framework,supported,0.002291666666666664,0.0034999999999999892,0.002416666666666664
final,36,41461975092390043,2,12000,0.05,0.15000000000000002,acceptable,pooled,supported,0.0030416666666666786,0.006416666666666668,0.0017500000000000016
final,36,41461975092390043,2,12000,0.05,0.15000000000000002,acceptable,per_feature,supported,0.0030416666666666786,0.006416666666666668,0.0017500000000000016
final,36,41461975092390043,2,12000,0.05,0.15000000000000002,acceptable,same_evidence,supported,0.0030416666666666786,0.006416666666666668,0.0017500000000000016
final,36,41461975092390043,2,12000,0.05,0.15000000000000002,acceptable,framework,supported,0.0030416666666666786,0.006416666666666668,0.0017500000000000016
final,37,1911875965652966742,2,12000,0.05,0.15000000000000002,acceptable,pooled,supported,0.0030416666666666647,0.005166666666666667,0.0025000000000000022
final,37,1911875965652966742,2,12000,0.05,0.15000000000000002,acceptable,per_feature,supported,0.0030416666666666647,0.005166666666666667,0.0025000000000000022
final,37,1911875965652966742,2,12000,0.05,0.15000000000000002,acceptable,same_evidence,supported,0.0030416666666666647,0.005166666666666667,0.0025000000000000022
final,37,1911875965652966742,2,12000,0.05,0.15000000000000002,acceptable,framework,supported,0.0030416666666666647,0.005166666666666667,0.0025000000000000022
final,38,3462750802667045437,2,12000,0.05,0.15000000000000002,acceptable,pooled,supported,0.009583333333333333,0.013000000000000012,0.0085
final,38,3462750802667045437,2,12000,0.05,0.15000000000000002,acceptable,per_feature,withheld,0.009583333333333333,0.013000000000000012,0.0085
final,38,3462750802667045437,2,12000,0.05,0.15000000000000002,acceptable,same_evidence,withheld,0.009583333333333333,0.013000000000000012,0.0085
final,38,3462750802667045437,2,12000,0.05,0.15000000000000002,acceptable,framework,withheld,0.009583333333333333,0.013000000000000012,0.0085
final,39,1261664967813140933,2,12000,0.05,0.15000000000000002,acceptable,pooled,supported,0.003374999999999989,0.0035833333333333273,0.0015833333333333324
final,39,1261664967813140933,2,12000,0.05,0.15000000000000002,acceptable,per_feature,supported,0.003374999999999989,0.0035833333333333273,0.0015833333333333324
final,39,1261664967813140933,2,12000,0.05,0.15000000000000002,acceptable,same_evidence,supported,0.003374999999999989,0.0035833333333333273,0.0015833333333333324
final,39,1261664967813140933,2,12000,0.05,0.15000000000000002,acceptable,framework,supported,0.003374999999999989,0.0035833333333333273,0.0015833333333333324
final,40,612437160295188569,2,12000,0.05,0.15000000000000002,acceptable,pooled,supported,0.00045833333333333837,0.0016666666666666635,0.0018333333333333326
final,40,612437160295188569,2,12000,0.05,0.15000000000000002,acceptable,per_feature,supported,0.00045833333333333837,0.0016666666666666635,0.0018333333333333326
final,40,612437160295188569,2,12000,0.05,0.15000000000000002,acceptable,same_evidence,supported,0.00045833333333333837,0.0016666666666666635,0.0018333333333333326
final,40,612437160295188569,2,12000,0.05,0.15000000000000002,acceptable,framework,supported,0.00045833333333333837,0.0016666666666666635,0.0018333333333333326
final,41,1519452663144974697,2,12000,0.05,0.15000000000000002,acceptable,pooled,supported,0.0002500000000000002,0.0028333333333333266,0.002166666666666664
final,41,1519452663144974697,2,12000,0.05,0.15000000000000002,acceptable,per_feature,supported,0.0002500000000000002,0.0028333333333333266,0.002166666666666664
final,41,1519452663144974697,2,12000,0.05,0.15000000000000002,acceptable,same_evidence,supported,0.0002500000000000002,0.0028333333333333266,0.002166666666666664
final,41,1519452663144974697,2,12000,0.05,0.15000000000000002,acceptable,framework,supported,0.0002500000000000002,0.0028333333333333266,0.002166666666666664
final,42,241469446127338450,2,12000,0.05,0.15000000000000002,acceptable,pooled,supported,0.001166666666666663,0.004583333333333328,0.002249999999999995
final,42,241469446127338450,2,12000,0.05,0.15000000000000002,acceptable,per_feature,supported,0.001166666666666663,0.004583333333333328,0.002249999999999995
final,42,241469446127338450,2,12000,0.05,0.15000000000000002,acceptable,same_evidence,supported,0.001166666666666663,0.004583333333333328,0.002249999999999995
final,42,241469446127338450,2,12000,0.05,0.15000000000000002,acceptable,framework,supported,0.001166666666666663,0.004583333333333328,0.002249999999999995
final,43,1452884991017442961,2,12000,0.05,0.15000000000000002,acceptable,pooled,supported,0.005083333333333356,0.007750000000000007,0.0035833333333333273
final,43,1452884991017442961,2,12000,0.05,0.15000000000000002,acceptable,per_feature,supported,0.005083333333333356,0.007750000000000007,0.0035833333333333273
final,43,1452884991017442961,2,12000,0.05,0.15000000000000002,acceptable,same_evidence,supported,0.005083333333333356,0.007750000000000007,0.0035833333333333273
final,43,1452884991017442961,2,12000,0.05,0.15000000000000002,acceptable,framework,supported,0.005083333333333356,0.007750000000000007,0.0035833333333333273
final,44,3426360972638870010,2,12000,0.05,0.15000000000000002,acceptable,pooled,supported,0.00245833333333334,0.0025000000000000022,0.0019166666666666707
final,44,3426360972638870010,2,12000,0.05,0.15000000000000002,acceptable,per_feature,supported,0.00245833333333334,0.0025000000000000022,0.0019166666666666707
final,44,3426360972638870010,2,12000,0.05,0.15000000000000002,acceptable,same_evidence,supported,0.00245833333333334,0.0025000000000000022,0.0019166666666666707
final,44,3426360972638870010,2,12000,0.05,0.15000000000000002,acceptable,framework,supported,0.00245833333333334,0.0025000000000000022,0.0019166666666666707
final,45,3925585026877969932,2,12000,0.05,0.15000000000000002,acceptable,pooled,supported,0.0001250000000000001,0.0028333333333333405,0.00016666666666666913
final,45,3925585026877969932,2,12000,0.05,0.15000000000000002,acceptable,per_feature,supported,0.0001250000000000001,0.0028333333333333405,0.00016666666666666913
final,45,3925585026877969932,2,12000,0.05,0.15000000000000002,acceptable,same_evidence,supported,0.0001250000000000001,0.0028333333333333405,0.00016666666666666913
final,45,3925585026877969932,2,12000,0.05,0.15000000000000002,acceptable,framework,supported,0.0001250000000000001,0.0028333333333333405,0.00016666666666666913
final,46,2650797744499459057,2,12000,0.05,0.15000000000000002,acceptable,pooled,supported,0.0013749999999999873,0.002333333333333326,0.0038333333333333344
final,46,2650797744499459057,2,12000,0.05,0.15000000000000002,acceptable,per_feature,supported,0.0013749999999999873,0.002333333333333326,0.0038333333333333344
final,46,2650797744499459057,2,12000,0.05,0.15000000000000002,acceptable,same_evidence,supported,0.0013749999999999873,0.002333333333333326,0.0038333333333333344
final,46,2650797744499459057,2,12000,0.05,0.15000000000000002,acceptable,framework,supported,0.0013749999999999873,0.002333333333333326,0.0038333333333333344
final,47,2333660638423602126,2,12000,0.05,0.15000000000000002,acceptable,pooled,supported,0.0005833333333333385,0.002166666666666664,0.0009166666666666698
final,47,2333660638423602126,2,12000,0.05,0.15000000000000002,acceptable,per_feature,supported,0.0005833333333333385,0.002166666666666664,0.0009166666666666698
final,47,2333660638423602126,2,12000,0.05,0.15000000000000002,acceptable,same_evidence,supported,0.0005833333333333385,0.002166666666666664,0.0009166666666666698
final,47,2333660638423602126,2,12000,0.05,0.15000000000000002,acceptable,framework,supported,0.0005833333333333385,0.002166666666666664,0.0009166666666666698
final,48,809309720389500095,2,12000,0.05,0.15000000000000002,acceptable,pooled,supported,0.0,0.0007500000000000007,0.002250000000000002
final,48,809309720389500095,2,12000,0.05,0.15000000000000002,acceptable,per_feature,supported,0.0,0.0007500000000000007,0.002250000000000002
final,48,809309720389500095,2,12000,0.05,0.15000000000000002,acceptable,same_evidence,supported,0.0,0.0007500000000000007,0.002250000000000002
final,48,809309720389500095,2,12000,0.05,0.15000000000000002,acceptable,framework,supported,0.0,0.0007500000000000007,0.002250000000000002
final,49,3014481823562264616,2,12000,0.05,0.15000000000000002,acceptable,pooled,supported,0.005458333333333343,0.010916666666666672,0.004666666666666666
final,49,3014481823562264616,2,12000,0.05,0.15000000000000002,acceptable,per_feature,withheld,0.005458333333333343,0.010916666666666672,0.004666666666666666
final,49,3014481823562264616,2,12000,0.05,0.15000000000000002,acceptable,same_evidence,withheld,0.005458333333333343,0.010916666666666672,0.004666666666666666
final,49,3014481823562264616,2,12000,0.05,0.15000000000000002,acceptable,framework,withheld,0.005458333333333343,0.010916666666666672,0.004666666666666666
final,50,940243422629680841,2,12000,0.05,0.15000000000000002,acceptable,pooled,supported,0.0005000000000000004,0.0038333333333333275,0.0016666666666666635
final,50,940243422629680841,2,12000,0.05,0.15000000000000002,acceptable,per_feature,supported,0.0005000000000000004,0.0038333333333333275,0.0016666666666666635
final,50,940243422629680841,2,12000,0.05,0.15000000000000002,acceptable,same_evidence,supported,0.0005000000000000004,0.0038333333333333275,0.0016666666666666635
final,50,940243422629680841,2,12000,0.05,0.15000000000000002,acceptable,framework,supported,0.0005000000000000004,0.0038333333333333275,0.0016666666666666635
final,51,4375110217091745422,2,12000,0.05,0.15000000000000002,acceptable,pooled,supported,0.0027083333333333404,0.0038333333333333275,0.0015000000000000013
final,51,4375110217091745422,2,12000,0.05,0.15000000000000002,acceptable,per_feature,supported,0.0027083333333333404,0.0038333333333333275,0.0015000000000000013
final,51,4375110217091745422,2,12000,0.05,0.15000000000000002,acceptable,same_evidence,supported,0.0027083333333333404,0.0038333333333333275,0.0015000000000000013
final,51,4375110217091745422,2,12000,0.05,0.15000000000000002,acceptable,framework,supported,0.0027083333333333404,0.0038333333333333275,0.0015000000000000013
final,52,2938418370618687313,2,12000,0.05,0.15000000000000002,acceptable,pooled,supported,0.0010416666666666768,0.00233333333333334,0.004416666666666666
final,52,2938418370618687313,2,12000,0.05,0.15000000000000002,acceptable,per_feature,supported,0.0010416666666666768,0.00233333333333334,0.004416666666666666
final,52,2938418370618687313,2,12000,0.05,0.15000000000000002,acceptable,same_evidence,supported,0.0010416666666666768,0.00233333333333334,0.004416666666666666
final,52,2938418370618687313,2,12000,0.05,0.15000000000000002,acceptable,framework,supported,0.0010416666666666768,0.00233333333333334,0.004416666666666666
final,53,3660689785856673515,2,12000,0.05,0.15000000000000002,acceptable,pooled,supported,0.0023749999999999882,0.005833333333333329,0.0013333333333333391
final,53,3660689785856673515,2,12000,0.05,0.15000000000000002,acceptable,per_feature,supported,0.0023749999999999882,0.005833333333333329,0.0013333333333333391
final,53,3660689785856673515,2,12000,0.05,0.15000000000000002,acceptable,same_evidence,supported,0.0023749999999999882,0.005833333333333329,0.0013333333333333391
final,53,3660689785856673515,2,12000,0.05,0.15000000000000002,acceptable,framework,supported,0.0023749999999999882,0.005833333333333329,0.0013333333333333391
final,54,2168253807866351715,2,12000,0.05,0.15000000000000002,acceptable,pooled,supported,0.0017916666666666636,0.0020000000000000018,0.0012500000000000011
final,54,2168253807866351715,2,12000,0.05,0.15000000000000002,acceptable,per_feature,supported,0.0017916666666666636,0.0020000000000000018,0.0012500000000000011
final,54,2168253807866351715,2,12000,0.05,0.15000000000000002,acceptable,same_evidence,supported,0.0017916666666666636,0.0020000000000000018,0.0012500000000000011
final,54,2168253807866351715,2,12000,0.05,0.15000000000000002,acceptable,framework,supported,0.0017916666666666636,0.0020000000000000018,0.0012500000000000011
final,55,3042840336532802280,2,12000,0.05,0.15000000000000002,acceptable,pooled,supported,0.0007500000000000007,0.0014166666666666633,0.0026666666666666644
final,55,3042840336532802280,2,12000,0.05,0.15000000000000002,acceptable,per_feature,supported,0.0007500000000000007,0.0014166666666666633,0.0026666666666666644
final,55,3042840336532802280,2,12000,0.05,0.15000000000000002,acceptable,same_evidence,supported,0.0007500000000000007,0.0014166666666666633,0.0026666666666666644
final,55,3042840336532802280,2,12000,0.05,0.15000000000000002,acceptable,framework,supported,0.0007500000000000007,0.0014166666666666633,0.0026666666666666644
final,56,417800527510912520,2,12000,0.05,0.15000000000000002,acceptable,pooled,supported,0.0014166666666666633,0.0059999999999999915,0.0006666666666666696
final,56,417800527510912520,2,12000,0.05,0.15000000000000002,acceptable,per_feature,supported,0.0014166666666666633,0.0059999999999999915,0.0006666666666666696
final,56,417800527510912520,2,12000,0.05,0.15000000000000002,acceptable,same_evidence,supported,0.0014166666666666633,0.0059999999999999915,0.0006666666666666696
final,56,417800527510912520,2,12000,0.05,0.15000000000000002,acceptable,framework,supported,0.0014166666666666633,0.0059999999999999915,0.0006666666666666696
final,57,660637693076463630,2,12000,0.05,0.15000000000000002,acceptable,pooled,supported,0.002083333333333326,0.0036666666666666653,0.0018333333333333326
final,57,660637693076463630,2,12000,0.05,0.15000000000000002,acceptable,per_feature,supported,0.002083333333333326,0.0036666666666666653,0.0018333333333333326
final,57,660637693076463630,2,12000,0.05,0.15000000000000002,acceptable,same_evidence,supported,0.002083333333333326,0.0036666666666666653,0.0018333333333333326
final,57,660637693076463630,2,12000,0.05,0.15000000000000002,acceptable,framework,supported,0.002083333333333326,0.0036666666666666653,0.0018333333333333326
final,58,2000315770538377630,2,12000,0.05,0.15000000000000002,acceptable,pooled,supported,0.008249999999999993,0.008583333333333332,0.005333333333333336
final,58,2000315770538377630,2,12000,0.05,0.15000000000000002,acceptable,per_feature,supported,0.008249999999999993,0.008583333333333332,0.005333333333333336
final,58,2000315770538377630,2,12000,0.05,0.15000000000000002,acceptable,same_evidence,supported,0.008249999999999993,0.008583333333333332,0.005333333333333336
final,58,2000315770538377630,2,12000,0.05,0.15000000000000002,acceptable,framework,supported,0.008249999999999993,0.008583333333333332,0.005333333333333336
final,59,30694034891423522,2,12000,0.05,0.15000000000000002,acceptable,pooled,supported,0.0015416666666666634,0.0037500000000000033,0.0027499999999999955
final,59,30694034891423522,2,12000,0.05,0.15000000000000002,acceptable,per_feature,supported,0.0015416666666666634,0.0037500000000000033,0.0027499999999999955
final,59,30694034891423522,2,12000,0.05,0.15000000000000002,acceptable,same_evidence,supported,0.0015416666666666634,0.0037500000000000033,0.0027499999999999955
final,59,30694034891423522,2,12000,0.05,0.15000000000000002,acceptable,framework,supported,0.0015416666666666634,0.0037500000000000033,0.0027499999999999955
final,60,4540310640363873326,2,12000,0.05,0.15000000000000002,acceptable,pooled,supported,0.004750000000000004,0.006500000000000006,0.001999999999999995
final,60,4540310640363873326,2,12000,0.05,0.15000000000000002,acceptable,per_feature,supported,0.004750000000000004,0.006500000000000006,0.001999999999999995
final,60,4540310640363873326,2,12000,0.05,0.15000000000000002,acceptable,same_evidence,supported,0.004750000000000004,0.006500000000000006,0.001999999999999995
final,60,4540310640363873326,2,12000,0.05,0.15000000000000002,acceptable,framework,supported,0.004750000000000004,0.006500000000000006,0.001999999999999995
final,61,3756779095961137406,2,12000,0.05,0.15000000000000002,acceptable,pooled,supported,0.00620833333333333,0.007666666666666669,0.004499999999999997
final,61,3756779095961137406,2,12000,0.05,0.15000000000000002,acceptable,per_feature,supported,0.00620833333333333,0.007666666666666669,0.004499999999999997
final,61,3756779095961137406,2,12000,0.05,0.15000000000000002,acceptable,same_evidence,supported,0.00620833333333333,0.007666666666666669,0.004499999999999997
final,61,3756779095961137406,2,12000,0.05,0.15000000000000002,acceptable,framework,supported,0.00620833333333333,0.007666666666666669,0.004499999999999997
final,62,1370414136468263945,2,12000,0.05,0.15000000000000002,acceptable,pooled,supported,0.0012916666666666632,0.003083333333333327,0.00041666666666666935
final,62,1370414136468263945,2,12000,0.05,0.15000000000000002,acceptable,per_feature,supported,0.0012916666666666632,0.003083333333333327,0.00041666666666666935
final,62,1370414136468263945,2,12000,0.05,0.15000000000000002,acceptable,same_evidence,supported,0.0012916666666666632,0.003083333333333327,0.00041666666666666935
final,62,1370414136468263945,2,12000,0.05,0.15000000000000002,acceptable,framework,supported,0.0012916666666666632,0.003083333333333327,0.00041666666666666935
final,63,2093179452810097946,2,12000,0.05,0.15000000000000002,acceptable,pooled,supported,0.0008749999999999869,0.0013333333333333253,0.0005833333333333315
final,63,2093179452810097946,2,12000,0.05,0.15000000000000002,acceptable,per_feature,supported,0.0008749999999999869,0.0013333333333333253,0.0005833333333333315
final,63,2093179452810097946,2,12000,0.05,0.15000000000000002,acceptable,same_evidence,supported,0.0008749999999999869,0.0013333333333333253,0.0005833333333333315
final,63,2093179452810097946,2,12000,0.05,0.15000000000000002,acceptable,framework,supported,0.0008749999999999869,0.0013333333333333253,0.0005833333333333315
final,64,2933156184691287270,2,12000,0.05,0.15000000000000002,acceptable,pooled,supported,0.003250000000000003,0.004083333333333328,0.0018333333333333326
final,64,2933156184691287270,2,12000,0.05,0.15000000000000002,acceptable,per_feature,supported,0.003250000000000003,0.004083333333333328,0.0018333333333333326
final,64,2933156184691287270,2,12000,0.05,0.15000000000000002,acceptable,same_evidence,supported,0.003250000000000003,0.004083333333333328,0.0018333333333333326
final,64,2933156184691287270,2,12000,0.05,0.15000000000000002,acceptable,framework,supported,0.003250000000000003,0.004083333333333328,0.0018333333333333326
final,65,2879987966973572178,2,12000,0.05,0.15000000000000002,acceptable,pooled,supported,0.0017083333333333395,0.0025833333333333264,0.0036666666666666653
final,65,2879987966973572178,2,12000,0.05,0.15000000000000002,acceptable,per_feature,supported,0.0017083333333333395,0.0025833333333333264,0.0036666666666666653
final,65,2879987966973572178,2,12000,0.05,0.15000000000000002,acceptable,same_evidence,supported,0.0017083333333333395,0.0025833333333333264,0.0036666666666666653
final,65,2879987966973572178,2,12000,0.05,0.15000000000000002,acceptable,framework,supported,0.0017083333333333395,0.0025833333333333264,0.0036666666666666653
final,66,2720056560463465933,2,12000,0.05,0.15000000000000002,acceptable,pooled,supported,0.0012916666666666632,0.0018333333333333396,0.002333333333333333
final,66,2720056560463465933,2,12000,0.05,0.15000000000000002,acceptable,per_feature,supported,0.0012916666666666632,0.0018333333333333396,0.002333333333333333
final,66,2720056560463465933,2,12000,0.05,0.15000000000000002,acceptable,same_evidence,supported,0.0012916666666666632,0.0018333333333333396,0.002333333333333333
final,66,2720056560463465933,2,12000,0.05,0.15000000000000002,acceptable,framework,supported,0.0012916666666666632,0.0018333333333333396,0.002333333333333333
final,67,1550156978761374956,2,12000,0.05,0.15000000000000002,acceptable,pooled,supported,8.333333333332416e-05,0.003416666666666665,0.0036666666666666653
final,67,1550156978761374956,2,12000,0.05,0.15000000000000002,acceptable,per_feature,supported,8.333333333332416e-05,0.003416666666666665,0.0036666666666666653
final,67,1550156978761374956,2,12000,0.05,0.15000000000000002,acceptable,same_evidence,supported,8.333333333332416e-05,0.003416666666666665,0.0036666666666666653
final,67,1550156978761374956,2,12000,0.05,0.15000000000000002,acceptable,framework,supported,8.333333333332416e-05,0.003416666666666665,0.0036666666666666653
final,68,2305401604263008984,2,12000,0.05,0.15000000000000002,acceptable,pooled,supported,0.004041666666666666,0.004166666666666666,0.003166666666666672
final,68,2305401604263008984,2,12000,0.05,0.15000000000000002,acceptable,per_feature,supported,0.004041666666666666,0.004166666666666666,0.003166666666666672
final,68,2305401604263008984,2,12000,0.05,0.15000000000000002,acceptable,same_evidence,supported,0.004041666666666666,0.004166666666666666,0.003166666666666672
final,68,2305401604263008984,2,12000,0.05,0.15000000000000002,acceptable,framework,supported,0.004041666666666666,0.004166666666666666,0.003166666666666672
final,69,4512832652005167790,2,12000,0.05,0.15000000000000002,acceptable,pooled,supported,0.0030833333333333407,0.003416666666666665,0.0007500000000000007
final,69,4512832652005167790,2,12000,0.05,0.15000000000000002,acceptable,per_feature,supported,0.0030833333333333407,0.003416666666666665,0.0007500000000000007
final,69,4512832652005167790,2,12000,0.05,0.15000000000000002,acceptable,same_evidence,supported,0.0030833333333333407,0.003416666666666665,0.0007500000000000007
final,69,4512832652005167790,2,12000,0.05,0.15000000000000002,acceptable,framework,supported,0.0030833333333333407,0.003416666666666665,0.0007500000000000007
final,70,2763180063337923439,2,12000,0.05,0.15000000000000002,acceptable,pooled,supported,0.004208333333333314,0.005583333333333329,0.004750000000000004
final,70,2763180063337923439,2,12000,0.05,0.15000000000000002,acceptable,per_feature,supported,0.004208333333333314,0.005583333333333329,0.004750000000000004
final,70,2763180063337923439,2,12000,0.05,0.15000000000000002,acceptable,same_evidence,supported,0.004208333333333314,0.005583333333333329,0.004750000000000004
final,70,2763180063337923439,2,12000,0.05,0.15000000000000002,acceptable,framework,supported,0.004208333333333314,0.005583333333333329,0.004750000000000004
final,71,3837437833722729034,2,12000,0.05,0.15000000000000002,acceptable,pooled,supported,0.005124999999999991,0.007333333333333331,0.0015833333333333324
final,71,3837437833722729034,2,12000,0.05,0.15000000000000002,acceptable,per_feature,supported,0.005124999999999991,0.007333333333333331,0.0015833333333333324
final,71,3837437833722729034,2,12000,0.05,0.15000000000000002,acceptable,same_evidence,supported,0.005124999999999991,0.007333333333333331,0.0015833333333333324
final,71,3837437833722729034,2,12000,0.05,0.15000000000000002,acceptable,framework,supported,0.005124999999999991,0.007333333333333331,0.0015833333333333324
final,72,4281767819254470382,2,12000,0.05,0.15000000000000002,acceptable,pooled,supported,0.0014166666666666633,0.0018333333333333257,0.00116666666666667
final,72,4281767819254470382,2,12000,0.05,0.15000000000000002,acceptable,per_feature,supported,0.0014166666666666633,0.0018333333333333257,0.00116666666666667
final,72,4281767819254470382,2,12000,0.05,0.15000000000000002,acceptable,same_evidence,supported,0.0014166666666666633,0.0018333333333333257,0.00116666666666667
final,72,4281767819254470382,2,12000,0.05,0.15000000000000002,acceptable,framework,supported,0.0014166666666666633,0.0018333333333333257,0.00116666666666667
final,73,1900420364486926936,2,12000,0.05,0.15000000000000002,acceptable,pooled,supported,0.001083333333333325,0.0017499999999999877,0.0
final,73,1900420364486926936,2,12000,0.05,0.15000000000000002,acceptable,per_feature,supported,0.001083333333333325,0.0017499999999999877,0.0
final,73,1900420364486926936,2,12000,0.05,0.15000000000000002,acceptable,same_evidence,supported,0.001083333333333325,0.0017499999999999877,0.0
final,73,1900420364486926936,2,12000,0.05,0.15000000000000002,acceptable,framework,supported,0.001083333333333325,0.0017499999999999877,0.0
final,74,635911011999523942,2,12000,0.05,0.15000000000000002,acceptable,pooled,supported,0.001125000000000001,0.0036666666666666653,0.0017499999999999946
final,74,635911011999523942,2,12000,0.05,0.15000000000000002,acceptable,per_feature,supported,0.001125000000000001,0.0036666666666666653,0.0017499999999999946
final,74,635911011999523942,2,12000,0.05,0.15000000000000002,acceptable,same_evidence,supported,0.001125000000000001,0.0036666666666666653,0.0017499999999999946
final,74,635911011999523942,2,12000,0.05,0.15000000000000002,acceptable,framework,supported,0.001125000000000001,0.0036666666666666653,0.0017499999999999946
final,75,3002573221531045386,2,12000,0.05,0.15000000000000002,acceptable,pooled,supported,0.0036249999999999893,0.0050000000000000044,0.0006666666666666696
final,75,3002573221531045386,2,12000,0.05,0.15000000000000002,acceptable,per_feature,supported,0.0036249999999999893,0.0050000000000000044,0.0006666666666666696
final,75,3002573221531045386,2,12000,0.05,0.15000000000000002,acceptable,same_evidence,supported,0.0036249999999999893,0.0050000000000000044,0.0006666666666666696
final,75,3002573221531045386,2,12000,0.05,0.15000000000000002,acceptable,framework,supported,0.0036249999999999893,0.0050000000000000044,0.0006666666666666696
final,76,3489753407669308563,2,12000,0.05,0.15000000000000002,acceptable,pooled,supported,0.0017500000000000154,0.002166666666666678,0.0016666666666666635
final,76,3489753407669308563,2,12000,0.05,0.15000000000000002,acceptable,per_feature,supported,0.0017500000000000154,0.002166666666666678,0.0016666666666666635
final,76,3489753407669308563,2,12000,0.05,0.15000000000000002,acceptable,same_evidence,supported,0.0017500000000000154,0.002166666666666678,0.0016666666666666635
final,76,3489753407669308563,2,12000,0.05,0.15000000000000002,acceptable,framework,supported,0.0017500000000000154,0.002166666666666678,0.0016666666666666635
final,77,4479555505825119527,2,12000,0.05,0.15000000000000002,acceptable,pooled,supported,0.0007083333333333386,0.001083333333333325,0.002083333333333333
final,77,4479555505825119527,2,12000,0.05,0.15000000000000002,acceptable,per_feature,supported,0.0007083333333333386,0.001083333333333325,0.002083333333333333
final,77,4479555505825119527,2,12000,0.05,0.15000000000000002,acceptable,same_evidence,supported,0.0007083333333333386,0.001083333333333325,0.002083333333333333
final,77,4479555505825119527,2,12000,0.05,0.15000000000000002,acceptable,framework,supported,0.0007083333333333386,0.001083333333333325,0.002083333333333333
final,78,4079434015130320746,2,12000,0.05,0.15000000000000002,acceptable,pooled,supported,0.0037916666666666654,0.004166666666666666,0.0025000000000000022
final,78,4079434015130320746,2,12000,0.05,0.15000000000000002,acceptable,per_feature,supported,0.0037916666666666654,0.004166666666666666,0.0025000000000000022
final,78,4079434015130320746,2,12000,0.05,0.15000000000000002,acceptable,same_evidence,supported,0.0037916666666666654,0.004166666666666666,0.0025000000000000022
final,78,4079434015130320746,2,12000,0.05,0.15000000000000002,acceptable,framework,supported,0.0037916666666666654,0.004166666666666666,0.0025000000000000022
final,79,4318958698998471095,2,12000,0.05,0.15000000000000002,acceptable,pooled,supported,0.0017500000000000016,0.00474999999999999,0.0018333333333333326
final,79,4318958698998471095,2,12000,0.05,0.15000000000000002,acceptable,per_feature,supported,0.0017500000000000016,0.00474999999999999,0.0018333333333333326
final,79,4318958698998471095,2,12000,0.05,0.15000000000000002,acceptable,same_evidence,supported,0.0017500000000000016,0.00474999999999999,0.0018333333333333326
final,79,4318958698998471095,2,12000,0.05,0.15000000000000002,acceptable,framework,supported,0.0017500000000000016,0.00474999999999999,0.0018333333333333326
final,80,3692039578131434034,2,12000,0.05,0.15000000000000002,acceptable,pooled,supported,0.0019166666666666637,0.0030000000000000027,0.002250000000000002
final,80,3692039578131434034,2,12000,0.05,0.15000000000000002,acceptable,per_feature,supported,0.0019166666666666637,0.0030000000000000027,0.002250000000000002
final,80,3692039578131434034,2,12000,0.05,0.15000000000000002,acceptable,same_evidence,supported,0.0019166666666666637,0.0030000000000000027,0.002250000000000002
final,80,3692039578131434034,2,12000,0.05,0.15000000000000002,acceptable,framework,supported,0.0019166666666666637,0.0030000000000000027,0.002250000000000002
final,81,3424722123119476490,2,12000,0.05,0.15000000000000002,acceptable,pooled,supported,0.002291666666666664,0.003166666666666665,0.0036666666666666722
final,81,3424722123119476490,2,12000,0.05,0.15000000000000002,acceptable,per_feature,supported,0.002291666666666664,0.003166666666666665,0.0036666666666666722
final,81,3424722123119476490,2,12000,0.05,0.15000000000000002,acceptable,same_evidence,supported,0.002291666666666664,0.003166666666666665,0.0036666666666666722
final,81,3424722123119476490,2,12000,0.05,0.15000000000000002,acceptable,framework,supported,0.002291666666666664,0.003166666666666665,0.0036666666666666722
final,82,1032565369817702839,2,12000,0.05,0.15000000000000002,acceptable,pooled,supported,0.005958333333333329,0.00658333333333333,0.0020000000000000018
final,82,1032565369817702839,2,12000,0.05,0.15000000000000002,acceptable,per_feature,supported,0.005958333333333329,0.00658333333333333,0.0020000000000000018
final,82,1032565369817702839,2,12000,0.05,0.15000000000000002,acceptable,same_evidence,supported,0.005958333333333329,0.00658333333333333,0.0020000000000000018
final,82,1032565369817702839,2,12000,0.05,0.15000000000000002,acceptable,framework,supported,0.005958333333333329,0.00658333333333333,0.0020000000000000018
final,83,867116992260396159,2,12000,0.05,0.15000000000000002,acceptable,pooled,supported,0.0011250000000000149,0.003250000000000003,0.0018333333333333396
final,83,867116992260396159,2,12000,0.05,0.15000000000000002,acceptable,per_feature,supported,0.0011250000000000149,0.003250000000000003,0.0018333333333333396
final,83,867116992260396159,2,12000,0.05,0.15000000000000002,acceptable,same_evidence,supported,0.0011250000000000149,0.003250000000000003,0.0018333333333333396
final,83,867116992260396159,2,12000,0.05,0.15000000000000002,acceptable,framework,supported,0.0011250000000000149,0.003250000000000003,0.0018333333333333396
final,84,251878246882493577,2,12000,0.05,0.15000000000000002,acceptable,pooled,supported,0.005833333333333343,0.00891666666666667,0.005249999999999998
final,84,251878246882493577,2,12000,0.05,0.15000000000000002,acceptable,per_feature,supported,0.005833333333333343,0.00891666666666667,0.005249999999999998
final,84,251878246882493577,2,12000,0.05,0.15000000000000002,acceptable,same_evidence,supported,0.005833333333333343,0.00891666666666667,0.005249999999999998
final,84,251878246882493577,2,12000,0.05,0.15000000000000002,acceptable,framework,supported,0.005833333333333343,0.00891666666666667,0.005249999999999998
final,85,3145116021785194659,2,12000,0.05,0.15000000000000002,acceptable,pooled,supported,0.0012500000000000011,0.004250000000000004,0.00033333333333333826
final,85,3145116021785194659,2,12000,0.05,0.15000000000000002,acceptable,per_feature,supported,0.0012500000000000011,0.004250000000000004,0.00033333333333333826
final,85,3145116021785194659,2,12000,0.05,0.15000000000000002,acceptable,same_evidence,supported,0.0012500000000000011,0.004250000000000004,0.00033333333333333826
final,85,3145116021785194659,2,12000,0.05,0.15000000000000002,acceptable,framework,supported,0.0012500000000000011,0.004250000000000004,0.00033333333333333826
final,86,3508215642820551165,2,12000,0.05,0.15000000000000002,acceptable,pooled,supported,0.00208333333333334,0.005333333333333329,0.0016666666666666705
final,86,3508215642820551165,2,12000,0.05,0.15000000000000002,acceptable,per_feature,supported,0.00208333333333334,0.005333333333333329,0.0016666666666666705
final,86,3508215642820551165,2,12000,0.05,0.15000000000000002,acceptable,same_evidence,supported,0.00208333333333334,0.005333333333333329,0.0016666666666666705
final,86,3508215642820551165,2,12000,0.05,0.15000000000000002,acceptable,framework,supported,0.00208333333333334,0.005333333333333329,0.0016666666666666705
final,87,1119318843079182842,2,12000,0.05,0.15000000000000002,acceptable,pooled,supported,0.000125000000000014,0.001083333333333339,0.0004166666666666624
final,87,1119318843079182842,2,12000,0.05,0.15000000000000002,acceptable,per_feature,supported,0.000125000000000014,0.001083333333333339,0.0004166666666666624
final,87,1119318843079182842,2,12000,0.05,0.15000000000000002,acceptable,same_evidence,supported,0.000125000000000014,0.001083333333333339,0.0004166666666666624
final,87,1119318843079182842,2,12000,0.05,0.15000000000000002,acceptable,framework,supported,0.000125000000000014,0.001083333333333339,0.0004166666666666624
final,88,4316940870095562545,2,12000,0.05,0.15000000000000002,acceptable,pooled,supported,0.0034999999999999892,0.00399999999999999,0.004750000000000004
final,88,4316940870095562545,2,12000,0.05,0.15000000000000002,acceptable,per_feature,supported,0.0034999999999999892,0.00399999999999999,0.004750000000000004
final,88,4316940870095562545,2,12000,0.05,0.15000000000000002,acceptable,same_evidence,supported,0.0034999999999999892,0.00399999999999999,0.004750000000000004
final,88,4316940870095562545,2,12000,0.05,0.15000000000000002,acceptable,framework,supported,0.0034999999999999892,0.00399999999999999,0.004750000000000004
final,89,1954333672622690737,2,12000,0.05,0.15000000000000002,acceptable,pooled,supported,0.0031250000000000028,0.003333333333333327,0.002166666666666664
final,89,1954333672622690737,2,12000,0.05,0.15000000000000002,acceptable,per_feature,supported,0.0031250000000000028,0.003333333333333327,0.002166666666666664
final,89,1954333672622690737,2,12000,0.05,0.15000000000000002,acceptable,same_evidence,supported,0.0031250000000000028,0.003333333333333327,0.002166666666666664
final,89,1954333672622690737,2,12000,0.05,0.15000000000000002,acceptable,framework,supported,0.0031250000000000028,0.003333333333333327,0.002166666666666664
final,90,2989439631709352091,2,12000,0.05,0.15000000000000002,acceptable,pooled,supported,0.009583333333333333,0.010416666666666671,0.005999999999999998
final,90,2989439631709352091,2,12000,0.05,0.15000000000000002,acceptable,per_feature,withheld,0.009583333333333333,0.010416666666666671,0.005999999999999998
final,90,2989439631709352091,2,12000,0.05,0.15000000000000002,acceptable,same_evidence,withheld,0.009583333333333333,0.010416666666666671,0.005999999999999998
final,90,2989439631709352091,2,12000,0.05,0.15000000000000002,acceptable,framework,withheld,0.009583333333333333,0.010416666666666671,0.005999999999999998
final,91,1924243629731993583,2,12000,0.05,0.15000000000000002,acceptable,pooled,supported,0.00683333333333333,0.010499999999999995,0.005249999999999998
final,91,1924243629731993583,2,12000,0.05,0.15000000000000002,acceptable,per_feature,withheld,0.00683333333333333,0.010499999999999995,0.005249999999999998
final,91,1924243629731993583,2,12000,0.05,0.15000000000000002,acceptable,same_evidence,withheld,0.00683333333333333,0.010499999999999995,0.005249999999999998
final,91,1924243629731993583,2,12000,0.05,0.15000000000000002,acceptable,framework,withheld,0.00683333333333333,0.010499999999999995,0.005249999999999998
final,92,1101296020519343879,2,12000,0.05,0.15000000000000002,acceptable,pooled,supported,0.0008750000000000147,0.003666666666666679,0.0015000000000000013
final,92,1101296020519343879,2,12000,0.05,0.15000000000000002,acceptable,per_feature,supported,0.0008750000000000147,0.003666666666666679,0.0015000000000000013
final,92,1101296020519343879,2,12000,0.05,0.15000000000000002,acceptable,same_evidence,supported,0.0008750000000000147,0.003666666666666679,0.0015000000000000013
final,92,1101296020519343879,2,12000,0.05,0.15000000000000002,acceptable,framework,supported,0.0008750000000000147,0.003666666666666679,0.0015000000000000013
final,93,1529779152411797563,2,12000,0.05,0.15000000000000002,acceptable,pooled,supported,0.00033333333333333826,0.0012500000000000011,0.0009166666666666698
final,93,1529779152411797563,2,12000,0.05,0.15000000000000002,acceptable,per_feature,supported,0.00033333333333333826,0.0012500000000000011,0.0009166666666666698
final,93,1529779152411797563,2,12000,0.05,0.15000000000000002,acceptable,same_evidence,supported,0.00033333333333333826,0.0012500000000000011,0.0009166666666666698
final,93,1529779152411797563,2,12000,0.05,0.15000000000000002,acceptable,framework,supported,0.00033333333333333826,0.0012500000000000011,0.0009166666666666698
final,94,2516374836150692097,2,12000,0.05,0.15000000000000002,acceptable,pooled,supported,0.0030416666666666786,0.004750000000000004,0.0015833333333333324
final,94,2516374836150692097,2,12000,0.05,0.15000000000000002,acceptable,per_feature,supported,0.0030416666666666786,0.004750000000000004,0.0015833333333333324
final,94,2516374836150692097,2,12000,0.05,0.15000000000000002,acceptable,same_evidence,supported,0.0030416666666666786,0.004750000000000004,0.0015833333333333324
final,94,2516374836150692097,2,12000,0.05,0.15000000000000002,acceptable,framework,supported,0.0030416666666666786,0.004750000000000004,0.0015833333333333324
final,95,980828096212337835,2,12000,0.05,0.15000000000000002,acceptable,pooled,supported,0.004166666666666666,0.0050000000000000044,0.005666666666666667
final,95,980828096212337835,2,12000,0.05,0.15000000000000002,acceptable,per_feature,supported,0.004166666666666666,0.0050000000000000044,0.005666666666666667
final,95,980828096212337835,2,12000,0.05,0.15000000000000002,acceptable,same_evidence,supported,0.004166666666666666,0.0050000000000000044,0.005666666666666667
final,95,980828096212337835,2,12000,0.05,0.15000000000000002,acceptable,framework,supported,0.004166666666666666,0.0050000000000000044,0.005666666666666667
final,96,832455188627235216,2,12000,0.05,0.15000000000000002,acceptable,pooled,supported,0.001166666666666677,0.0020000000000000018,0.004749999999999997
final,96,832455188627235216,2,12000,0.05,0.15000000000000002,acceptable,per_feature,supported,0.001166666666666677,0.0020000000000000018,0.004749999999999997
final,96,832455188627235216,2,12000,0.05,0.15000000000000002,acceptable,same_evidence,supported,0.001166666666666677,0.0020000000000000018,0.004749999999999997
final,96,832455188627235216,2,12000,0.05,0.15000000000000002,acceptable,framework,supported,0.001166666666666677,0.0020000000000000018,0.004749999999999997
final,97,1128667288336940271,2,12000,0.05,0.15000000000000002,acceptable,pooled,supported,0.002291666666666664,0.0029166666666666646,0.0017500000000000016
final,97,1128667288336940271,2,12000,0.05,0.15000000000000002,acceptable,per_feature,supported,0.002291666666666664,0.0029166666666666646,0.0017500000000000016
final,97,1128667288336940271,2,12000,0.05,0.15000000000000002,acceptable,same_evidence,supported,0.002291666666666664,0.0029166666666666646,0.0017500000000000016
final,97,1128667288336940271,2,12000,0.05,0.15000000000000002,acceptable,framework,supported,0.002291666666666664,0.0029166666666666646,0.0017500000000000016
final,98,696628728106623205,2,12000,0.05,0.15000000000000002,acceptable,pooled,supported,0.00462499999999999,0.0049999999999999906,0.004749999999999997
final,98,696628728106623205,2,12000,0.05,0.15000000000000002,acceptable,per_feature,supported,0.00462499999999999,0.0049999999999999906,0.004749999999999997
final,98,696628728106623205,2,12000,0.05,0.15000000000000002,acceptable,same_evidence,supported,0.00462499999999999,0.0049999999999999906,0.004749999999999997
final,98,696628728106623205,2,12000,0.05,0.15000000000000002,acceptable,framework,supported,0.00462499999999999,0.0049999999999999906,0.004749999999999997
final,99,1512219599258411527,2,12000,0.05,0.15000000000000002,acceptable,pooled,supported,0.0012500000000000011,0.002416666666666664,0.00016666666666666913
final,99,1512219599258411527,2,12000,0.05,0.15000000000000002,acceptable,per_feature,supported,0.0012500000000000011,0.002416666666666664,0.00016666666666666913
final,99,1512219599258411527,2,12000,0.05,0.15000000000000002,acceptable,same_evidence,supported,0.0012500000000000011,0.002416666666666664,0.00016666666666666913
final,99,1512219599258411527,2,12000,0.05,0.15000000000000002,acceptable,framework,supported,0.0012500000000000011,0.002416666666666664,0.00016666666666666913
final,0,1512067305831216186,2,12000,0.045,0.15500000000000003,acceptable,pooled,supported,0.003458333333333341,0.0040000000000000036,0.00708333333333333
final,0,1512067305831216186,2,12000,0.045,0.15500000000000003,acceptable,per_feature,supported,0.003458333333333341,0.0040000000000000036,0.00708333333333333
final,0,1512067305831216186,2,12000,0.045,0.15500000000000003,acceptable,same_evidence,supported,0.003458333333333341,0.0040000000000000036,0.00708333333333333
final,0,1512067305831216186,2,12000,0.045,0.15500000000000003,acceptable,framework,supported,0.003458333333333341,0.0040000000000000036,0.00708333333333333
final,1,2062761858937906352,2,12000,0.045,0.15500000000000003,acceptable,pooled,supported,0.0016250000000000014,0.002250000000000002,0.0050833333333333355
final,1,2062761858937906352,2,12000,0.045,0.15500000000000003,acceptable,per_feature,supported,0.0016250000000000014,0.002250000000000002,0.0050833333333333355
final,1,2062761858937906352,2,12000,0.045,0.15500000000000003,acceptable,same_evidence,supported,0.0016250000000000014,0.002250000000000002,0.0050833333333333355
final,1,2062761858937906352,2,12000,0.045,0.15500000000000003,acceptable,framework,supported,0.0016250000000000014,0.002250000000000002,0.0050833333333333355
final,2,2109519306344828682,2,12000,0.045,0.15500000000000003,acceptable,pooled,supported,8.333333333332416e-05,0.0004166666666666624,0.002333333333333333
final,2,2109519306344828682,2,12000,0.045,0.15500000000000003,acceptable,per_feature,supported,8.333333333332416e-05,0.0004166666666666624,0.002333333333333333
final,2,2109519306344828682,2,12000,0.045,0.15500000000000003,acceptable,same_evidence,supported,8.333333333332416e-05,0.0004166666666666624,0.002333333333333333
final,2,2109519306344828682,2,12000,0.045,0.15500000000000003,acceptable,framework,supported,8.333333333332416e-05,0.0004166666666666624,0.002333333333333333
final,3,2493978422769691685,2,12000,0.045,0.15500000000000003,acceptable,pooled,supported,0.002625000000000016,0.0050833333333333425,0.007583333333333338
final,3,2493978422769691685,2,12000,0.045,0.15500000000000003,acceptable,per_feature,supported,0.002625000000000016,0.0050833333333333425,0.007583333333333338
final,3,2493978422769691685,2,12000,0.045,0.15500000000000003,acceptable,same_evidence,supported,0.002625000000000016,0.0050833333333333425,0.007583333333333338
final,3,2493978422769691685,2,12000,0.045,0.15500000000000003,acceptable,framework,supported,0.002625000000000016,0.0050833333333333425,0.007583333333333338
final,4,3424546916650185994,2,12000,0.045,0.15500000000000003,acceptable,pooled,supported,0.0017083333333333395,0.0019166666666666637,0.003166666666666665
final,4,3424546916650185994,2,12000,0.045,0.15500000000000003,acceptable,per_feature,supported,0.0017083333333333395,0.0019166666666666637,0.003166666666666665
final,4,3424546916650185994,2,12000,0.045,0.15500000000000003,acceptable,same_evidence,supported,0.0017083333333333395,0.0019166666666666637,0.003166666666666665
final,4,3424546916650185994,2,12000,0.045,0.15500000000000003,acceptable,framework,supported,0.0017083333333333395,0.0019166666666666637,0.003166666666666665
final,5,4094540360074523224,2,12000,0.045,0.15500000000000003,acceptable,pooled,supported,0.0029166666666666646,0.003333333333333341,0.008333333333333331
final,5,4094540360074523224,2,12000,0.045,0.15500000000000003,acceptable,per_feature,supported,0.0029166666666666646,0.003333333333333341,0.008333333333333331
final,5,4094540360074523224,2,12000,0.045,0.15500000000000003,acceptable,same_evidence,supported,0.0029166666666666646,0.003333333333333341,0.008333333333333331
final,5,4094540360074523224,2,12000,0.045,0.15500000000000003,acceptable,framework,supported,0.0029166666666666646,0.003333333333333341,0.008333333333333331
final,6,4130047513213959744,2,12000,0.045,0.15500000000000003,acceptable,pooled,supported,0.002041666666666664,0.005083333333333329,0.00825
final,6,4130047513213959744,2,12000,0.045,0.15500000000000003,acceptable,per_feature,supported,0.002041666666666664,0.005083333333333329,0.00825
final,6,4130047513213959744,2,12000,0.045,0.15500000000000003,acceptable,same_evidence,supported,0.002041666666666664,0.005083333333333329,0.00825
final,6,4130047513213959744,2,12000,0.045,0.15500000000000003,acceptable,framework,supported,0.002041666666666664,0.005083333333333329,0.00825
final,7,115630767253369677,2,12000,0.045,0.15500000000000003,acceptable,pooled,supported,0.004333333333333328,0.005250000000000005,0.00875
final,7,115630767253369677,2,12000,0.045,0.15500000000000003,acceptable,per_feature,supported,0.004333333333333328,0.005250000000000005,0.00875
final,7,115630767253369677,2,12000,0.045,0.15500000000000003,acceptable,same_evidence,supported,0.004333333333333328,0.005250000000000005,0.00875
final,7,115630767253369677,2,12000,0.045,0.15500000000000003,acceptable,framework,supported,0.004333333333333328,0.005250000000000005,0.00875
final,8,1012252592369494437,2,12000,0.045,0.15500000000000003,acceptable,pooled,supported,0.004291666666666666,0.008249999999999993,0.005166666666666667
final,8,1012252592369494437,2,12000,0.045,0.15500000000000003,acceptable,per_feature,supported,0.004291666666666666,0.008249999999999993,0.005166666666666667
final,8,1012252592369494437,2,12000,0.045,0.15500000000000003,acceptable,same_evidence,supported,0.004291666666666666,0.008249999999999993,0.005166666666666667
final,8,1012252592369494437,2,12000,0.045,0.15500000000000003,acceptable,framework,supported,0.004291666666666666,0.008249999999999993,0.005166666666666667
final,9,3103856062359329657,2,12000,0.045,0.15500000000000003,acceptable,pooled,supported,0.0013749999999999873,0.0029166666666666646,0.0060833333333333295
final,9,3103856062359329657,2,12000,0.045,0.15500000000000003,acceptable,per_feature,supported,0.0013749999999999873,0.0029166666666666646,0.0060833333333333295
final,9,3103856062359329657,2,12000,0.045,0.15500000000000003,acceptable,same_evidence,supported,0.0013749999999999873,0.0029166666666666646,0.0060833333333333295
final,9,3103856062359329657,2,12000,0.045,0.15500000000000003,acceptable,framework,supported,0.0013749999999999873,0.0029166666666666646,0.0060833333333333295
final,10,3235917754937805618,2,12000,0.045,0.15500000000000003,acceptable,pooled,supported,0.004541666666666666,0.008499999999999994,0.006749999999999999
final,10,3235917754937805618,2,12000,0.045,0.15500000000000003,acceptable,per_feature,supported,0.004541666666666666,0.008499999999999994,0.006749999999999999
final,10,3235917754937805618,2,12000,0.045,0.15500000000000003,acceptable,same_evidence,supported,0.004541666666666666,0.008499999999999994,0.006749999999999999
final,10,3235917754937805618,2,12000,0.045,0.15500000000000003,acceptable,framework,supported,0.004541666666666666,0.008499999999999994,0.006749999999999999
final,11,859688423738860412,2,12000,0.045,0.15500000000000003,acceptable,pooled,supported,0.0028333333333333266,0.0029166666666666646,0.0040000000000000036
final,11,859688423738860412,2,12000,0.045,0.15500000000000003,acceptable,per_feature,supported,0.0028333333333333266,0.0029166666666666646,0.0040000000000000036
final,11,859688423738860412,2,12000,0.045,0.15500000000000003,acceptable,same_evidence,supported,0.0028333333333333266,0.0029166666666666646,0.0040000000000000036
final,11,859688423738860412,2,12000,0.045,0.15500000000000003,acceptable,framework,supported,0.0028333333333333266,0.0029166666666666646,0.0040000000000000036
final,12,2189376354886808399,2,12000,0.045,0.15500000000000003,acceptable,pooled,supported,0.005583333333333329,0.010083333333333333,0.008583333333333332
final,12,2189376354886808399,2,12000,0.045,0.15500000000000003,acceptable,per_feature,withheld,0.005583333333333329,0.010083333333333333,0.008583333333333332
final,12,2189376354886808399,2,12000,0.045,0.15500000000000003,acceptable,same_evidence,withheld,0.005583333333333329,0.010083333333333333,0.008583333333333332
final,12,2189376354886808399,2,12000,0.045,0.15500000000000003,acceptable,framework,withheld,0.005583333333333329,0.010083333333333333,0.008583333333333332
final,13,4364186370634337562,2,12000,0.045,0.15500000000000003,acceptable,pooled,supported,0.0038749999999999896,0.008499999999999994,0.007916666666666662
final,13,4364186370634337562,2,12000,0.045,0.15500000000000003,acceptable,per_feature,supported,0.0038749999999999896,0.008499999999999994,0.007916666666666662
final,13,4364186370634337562,2,12000,0.045,0.15500000000000003,acceptable,same_evidence,supported,0.0038749999999999896,0.008499999999999994,0.007916666666666662
final,13,4364186370634337562,2,12000,0.045,0.15500000000000003,acceptable,framework,supported,0.0038749999999999896,0.008499999999999994,0.007916666666666662
final,14,2214908107419388477,2,12000,0.045,0.15500000000000003,acceptable,pooled,supported,0.0020000000000000018,0.003333333333333327,0.0024999999999999953
final,14,2214908107419388477,2,12000,0.045,0.15500000000000003,acceptable,per_feature,supported,0.0020000000000000018,0.003333333333333327,0.0024999999999999953
final,14,2214908107419388477,2,12000,0.045,0.15500000000000003,acceptable,same_evidence,supported,0.0020000000000000018,0.003333333333333327,0.0024999999999999953
final,14,2214908107419388477,2,12000,0.045,0.15500000000000003,acceptable,framework,supported,0.0020000000000000018,0.003333333333333327,0.0024999999999999953
final,15,3547707906110691357,2,12000,0.045,0.15500000000000003,acceptable,pooled,supported,0.0028333333333333266,0.005583333333333329,0.002166666666666671
final,15,3547707906110691357,2,12000,0.045,0.15500000000000003,acceptable,per_feature,supported,0.0028333333333333266,0.005583333333333329,0.002166666666666671
final,15,3547707906110691357,2,12000,0.045,0.15500000000000003,acceptable,same_evidence,supported,0.0028333333333333266,0.005583333333333329,0.002166666666666671
final,15,3547707906110691357,2,12000,0.045,0.15500000000000003,acceptable,framework,supported,0.0028333333333333266,0.005583333333333329,0.002166666666666671
final,16,3629250318694566304,2,12000,0.045,0.15500000000000003,acceptable,pooled,supported,0.004541666666666666,0.005500000000000005,0.005666666666666667
final,16,3629250318694566304,2,12000,0.045,0.15500000000000003,acceptable,per_feature,supported,0.004541666666666666,0.005500000000000005,0.005666666666666667
final,16,3629250318694566304,2,12000,0.045,0.15500000000000003,acceptable,same_evidence,supported,0.004541666666666666,0.005500000000000005,0.005666666666666667
final,16,3629250318694566304,2,12000,0.045,0.15500000000000003,acceptable,framework,supported,0.004541666666666666,0.005500000000000005,0.005666666666666667
final,17,763226709230045639,2,12000,0.045,0.15500000000000003,acceptable,pooled,supported,0.004791666666666666,0.008416666666666656,0.0015000000000000013
final,17,763226709230045639,2,12000,0.045,0.15500000000000003,acceptable,per_feature,supported,0.004791666666666666,0.008416666666666656,0.0015000000000000013
final,17,763226709230045639,2,12000,0.045,0.15500000000000003,acceptable,same_evidence,supported,0.004791666666666666,0.008416666666666656,0.0015000000000000013
final,17,763226709230045639,2,12000,0.045,0.15500000000000003,acceptable,framework,supported,0.004791666666666666,0.008416666666666656,0.0015000000000000013
final,18,536463748055931497,2,12000,0.045,0.15500000000000003,acceptable,pooled,supported,0.005416666666666653,0.008250000000000007,0.0003333333333333313
final,18,536463748055931497,2,12000,0.045,0.15500000000000003,acceptable,per_feature,supported,0.005416666666666653,0.008250000000000007,0.0003333333333333313
final,18,536463748055931497,2,12000,0.045,0.15500000000000003,acceptable,same_evidence,supported,0.005416666666666653,0.008250000000000007,0.0003333333333333313
final,18,536463748055931497,2,12000,0.045,0.15500000000000003,acceptable,framework,supported,0.005416666666666653,0.008250000000000007,0.0003333333333333313
final,19,2682834414431532414,2,12000,0.045,0.15500000000000003,acceptable,pooled,supported,0.0028749999999999887,0.00633333333333333,0.0027500000000000024
final,19,2682834414431532414,2,12000,0.045,0.15500000000000003,acceptable,per_feature,supported,0.0028749999999999887,0.00633333333333333,0.0027500000000000024
final,19,2682834414431532414,2,12000,0.045,0.15500000000000003,acceptable,same_evidence,supported,0.0028749999999999887,0.00633333333333333,0.0027500000000000024
final,19,2682834414431532414,2,12000,0.045,0.15500000000000003,acceptable,framework,supported,0.0028749999999999887,0.00633333333333333,0.0027500000000000024
final,20,4583558149197004385,2,12000,0.045,0.15500000000000003,acceptable,pooled,supported,0.00033333333333333826,0.0015833333333333394,0.002083333333333333
final,20,4583558149197004385,2,12000,0.045,0.15500000000000003,acceptable,per_feature,supported,0.00033333333333333826,0.0015833333333333394,0.002083333333333333
final,20,4583558149197004385,2,12000,0.045,0.15500000000000003,acceptable,same_evidence,supported,0.00033333333333333826,0.0015833333333333394,0.002083333333333333
final,20,4583558149197004385,2,12000,0.045,0.15500000000000003,acceptable,framework,supported,0.00033333333333333826,0.0015833333333333394,0.002083333333333333
final,21,619603162123924031,2,12000,0.045,0.15500000000000003,acceptable,pooled,supported,0.0005416666666666764,0.0038333333333333414,0.006499999999999999
final,21,619603162123924031,2,12000,0.045,0.15500000000000003,acceptable,per_feature,supported,0.0005416666666666764,0.0038333333333333414,0.006499999999999999
final,21,619603162123924031,2,12000,0.045,0.15500000000000003,acceptable,same_evidence,supported,0.0005416666666666764,0.0038333333333333414,0.006499999999999999
final,21,619603162123924031,2,12000,0.045,0.15500000000000003,acceptable,framework,supported,0.0005416666666666764,0.0038333333333333414,0.006499999999999999
final,22,507812257186143724,2,12000,0.045,0.15500000000000003,acceptable,pooled,supported,0.0008750000000000147,0.0014166666666666633,0.0017500000000000016
final,22,507812257186143724,2,12000,0.045,0.15500000000000003,acceptable,per_feature,supported,0.0008750000000000147,0.0014166666666666633,0.0017500000000000016
final,22,507812257186143724,2,12000,0.045,0.15500000000000003,acceptable,same_evidence,supported,0.0008750000000000147,0.0014166666666666633,0.0017500000000000016
final,22,507812257186143724,2,12000,0.045,0.15500000000000003,acceptable,framework,supported,0.0008750000000000147,0.0014166666666666633,0.0017500000000000016
final,23,1459719402700797964,2,12000,0.045,0.15500000000000003,acceptable,pooled,supported,0.0007916666666666766,0.0025000000000000022,0.003416666666666672
final,23,1459719402700797964,2,12000,0.045,0.15500000000000003,acceptable,per_feature,supported,0.0007916666666666766,0.0025000000000000022,0.003416666666666672
final,23,1459719402700797964,2,12000,0.045,0.15500000000000003,acceptable,same_evidence,supported,0.0007916666666666766,0.0025000000000000022,0.003416666666666672
final,23,1459719402700797964,2,12000,0.045,0.15500000000000003,acceptable,framework,supported,0.0007916666666666766,0.0025000000000000022,0.003416666666666672
final,24,2454551827538626751,2,12000,0.045,0.15500000000000003,acceptable,pooled,supported,0.002999999999999989,0.0034999999999999892,0.0072499999999999995
final,24,2454551827538626751,2,12000,0.045,0.15500000000000003,acceptable,per_feature,supported,0.002999999999999989,0.0034999999999999892,0.0072499999999999995
final,24,2454551827538626751,2,12000,0.045,0.15500000000000003,acceptable,same_evidence,supported,0.002999999999999989,0.0034999999999999892,0.0072499999999999995
final,24,2454551827538626751,2,12000,0.045,0.15500000000000003,acceptable,framework,supported,0.002999999999999989,0.0034999999999999892,0.0072499999999999995
final,25,3717931974074812239,2,12000,0.045,0.15500000000000003,acceptable,pooled,supported,0.0008749999999999869,0.002249999999999988,0.004083333333333335
final,25,3717931974074812239,2,12000,0.045,0.15500000000000003,acceptable,per_feature,supported,0.0008749999999999869,0.002249999999999988,0.004083333333333335
final,25,3717931974074812239,2,12000,0.045,0.15500000000000003,acceptable,same_evidence,supported,0.0008749999999999869,0.002249999999999988,0.004083333333333335
final,25,3717931974074812239,2,12000,0.045,0.15500000000000003,acceptable,framework,supported,0.0008749999999999869,0.002249999999999988,0.004083333333333335
final,26,1153590417668884807,2,12000,0.045,0.15500000000000003,acceptable,pooled,supported,0.0018749999999999878,0.004333333333333328,0.009416666666666663
final,26,1153590417668884807,2,12000,0.045,0.15500000000000003,acceptable,per_feature,supported,0.0018749999999999878,0.004333333333333328,0.009416666666666663
final,26,1153590417668884807,2,12000,0.045,0.15500000000000003,acceptable,same_evidence,supported,0.0018749999999999878,0.004333333333333328,0.009416666666666663
final,26,1153590417668884807,2,12000,0.045,0.15500000000000003,acceptable,framework,supported,0.0018749999999999878,0.004333333333333328,0.009416666666666663
final,27,4498626336664143374,2,12000,0.045,0.15500000000000003,acceptable,pooled,supported,0.0006250000000000006,0.0006666666666666626,0.007916666666666669
final,27,4498626336664143374,2,12000,0.045,0.15500000000000003,acceptable,per_feature,supported,0.0006250000000000006,0.0006666666666666626,0.007916666666666669
final,27,4498626336664143374,2,12000,0.045,0.15500000000000003,acceptable,same_evidence,supported,0.0006250000000000006,0.0006666666666666626,0.007916666666666669
final,27,4498626336664143374,2,12000,0.045,0.15500000000000003,acceptable,framework,supported,0.0006250000000000006,0.0006666666666666626,0.007916666666666669
final,28,4457286556340792294,2,12000,0.045,0.15500000000000003,acceptable,pooled,supported,0.0013749999999999873,0.0037499999999999895,0.0007500000000000007
final,28,4457286556340792294,2,12000,0.045,0.15500000000000003,acceptable,per_feature,supported,0.0013749999999999873,0.0037499999999999895,0.0007500000000000007
final,28,4457286556340792294,2,12000,0.045,0.15500000000000003,acceptable,same_evidence,supported,0.0013749999999999873,0.0037499999999999895,0.0007500000000000007
final,28,4457286556340792294,2,12000,0.045,0.15500000000000003,acceptable,framework,supported,0.0013749999999999873,0.0037499999999999895,0.0007500000000000007
final,29,3051451984778486208,2,12000,0.045,0.15500000000000003,acceptable,pooled,supported,0.0027083333333333265,0.004750000000000004,0.0030833333333333338
final,29,3051451984778486208,2,12000,0.045,0.15500000000000003,acceptable,per_feature,supported,0.0027083333333333265,0.004750000000000004,0.0030833333333333338
final,29,3051451984778486208,2,12000,0.045,0.15500000000000003,acceptable,same_evidence,supported,0.0027083333333333265,0.004750000000000004,0.0030833333333333338
final,29,3051451984778486208,2,12000,0.045,0.15500000000000003,acceptable,framework,supported,0.0027083333333333265,0.004750000000000004,0.0030833333333333338
final,30,3133400908278595431,2,12000,0.045,0.15500000000000003,acceptable,pooled,supported,0.00208333333333334,0.0030833333333333407,0.004833333333333335
final,30,3133400908278595431,2,12000,0.045,0.15500000000000003,acceptable,per_feature,supported,0.00208333333333334,0.0030833333333333407,0.004833333333333335
final,30,3133400908278595431,2,12000,0.045,0.15500000000000003,acceptable,same_evidence,supported,0.00208333333333334,0.0030833333333333407,0.004833333333333335
final,30,3133400908278595431,2,12000,0.045,0.15500000000000003,acceptable,framework,supported,0.00208333333333334,0.0030833333333333407,0.004833333333333335
final,31,389130047845981494,2,12000,0.045,0.15500000000000003,acceptable,pooled,supported,0.0008333333333333387,0.0015833333333333394,0.004500000000000004
final,31,389130047845981494,2,12000,0.045,0.15500000000000003,acceptable,per_feature,supported,0.0008333333333333387,0.0015833333333333394,0.004500000000000004
final,31,389130047845981494,2,12000,0.045,0.15500000000000003,acceptable,same_evidence,supported,0.0008333333333333387,0.0015833333333333394,0.004500000000000004
final,31,389130047845981494,2,12000,0.045,0.15500000000000003,acceptable,framework,supported,0.0008333333333333387,0.0015833333333333394,0.004500000000000004
final,32,591800796403344614,2,12000,0.045,0.15500000000000003,acceptable,pooled,supported,0.0026666666666666644,0.006999999999999992,0.005249999999999998
final,32,591800796403344614,2,12000,0.045,0.15500000000000003,acceptable,per_feature,supported,0.0026666666666666644,0.006999999999999992,0.005249999999999998
final,32,591800796403344614,2,12000,0.045,0.15500000000000003,acceptable,same_evidence,supported,0.0026666666666666644,0.006999999999999992,0.005249999999999998
final,32,591800796403344614,2,12000,0.045,0.15500000000000003,acceptable,framework,supported,0.0026666666666666644,0.006999999999999992,0.005249999999999998
final,33,4194088607935285930,2,12000,0.045,0.15500000000000003,acceptable,pooled,supported,0.0008333333333333248,0.004166666666666666,0.006666666666666661
final,33,4194088607935285930,2,12000,0.045,0.15500000000000003,acceptable,per_feature,supported,0.0008333333333333248,0.004166666666666666,0.006666666666666661
final,33,4194088607935285930,2,12000,0.045,0.15500000000000003,acceptable,same_evidence,supported,0.0008333333333333248,0.004166666666666666,0.006666666666666661
final,33,4194088607935285930,2,12000,0.045,0.15500000000000003,acceptable,framework,supported,0.0008333333333333248,0.004166666666666666,0.006666666666666661
final,34,3999778648224413753,2,12000,0.045,0.15500000000000003,acceptable,pooled,supported,0.001208333333333339,0.003250000000000003,0.009500000000000001
final,34,3999778648224413753,2,12000,0.045,0.15500000000000003,acceptable,per_feature,supported,0.001208333333333339,0.003250000000000003,0.009500000000000001
final,34,3999778648224413753,2,12000,0.045,0.15500000000000003,acceptable,same_evidence,supported,0.001208333333333339,0.003250000000000003,0.009500000000000001
final,34,3999778648224413753,2,12000,0.045,0.15500000000000003,acceptable,framework,supported,0.001208333333333339,0.003250000000000003,0.009500000000000001
final,35,661339236921938223,2,12000,0.045,0.15500000000000003,acceptable,pooled,supported,0.002291666666666664,0.004750000000000004,0.006666666666666668
final,35,661339236921938223,2,12000,0.045,0.15500000000000003,acceptable,per_feature,supported,0.002291666666666664,0.004750000000000004,0.006666666666666668
final,35,661339236921938223,2,12000,0.045,0.15500000000000003,acceptable,same_evidence,supported,0.002291666666666664,0.004750000000000004,0.006666666666666668
final,35,661339236921938223,2,12000,0.045,0.15500000000000003,acceptable,framework,supported,0.002291666666666664,0.004750000000000004,0.006666666666666668
final,36,3114930000366503673,2,12000,0.045,0.15500000000000003,acceptable,pooled,supported,0.003083333333333327,0.005333333333333329,0.0050000000000000044
final,36,3114930000366503673,2,12000,0.045,0.15500000000000003,acceptable,per_feature,supported,0.003083333333333327,0.005333333333333329,0.0050000000000000044
final,36,3114930000366503673,2,12000,0.045,0.15500000000000003,acceptable,same_evidence,supported,0.003083333333333327,0.005333333333333329,0.0050000000000000044
final,36,3114930000366503673,2,12000,0.045,0.15500000000000003,acceptable,framework,supported,0.003083333333333327,0.005333333333333329,0.0050000000000000044
final,37,311284986162927798,2,12000,0.045,0.15500000000000003,acceptable,pooled,supported,0.0027499999999999886,0.0036666666666666653,0.003166666666666672
final,37,311284986162927798,2,12000,0.045,0.15500000000000003,acceptable,per_feature,supported,0.0027499999999999886,0.0036666666666666653,0.003166666666666672
final,37,311284986162927798,2,12000,0.045,0.15500000000000003,acceptable,same_evidence,supported,0.0027499999999999886,0.0036666666666666653,0.003166666666666672
final,37,311284986162927798,2,12000,0.045,0.15500000000000003,acceptable,framework,supported,0.0027499999999999886,0.0036666666666666653,0.003166666666666672
final,38,404679475006706785,2,12000,0.045,0.15500000000000003,acceptable,pooled,supported,0.00245833333333334,0.0025000000000000022,0.005916666666666667
final,38,404679475006706785,2,12000,0.045,0.15500000000000003,acceptable,per_feature,supported,0.00245833333333334,0.0025000000000000022,0.005916666666666667
final,38,404679475006706785,2,12000,0.045,0.15500000000000003,acceptable,same_evidence,supported,0.00245833333333334,0.0025000000000000022,0.005916666666666667
final,38,404679475006706785,2,12000,0.045,0.15500000000000003,acceptable,framework,supported,0.00245833333333334,0.0025000000000000022,0.005916666666666667
final,39,4241393540857918562,2,12000,0.045,0.15500000000000003,acceptable,pooled,supported,0.002083333333333326,0.00233333333333334,0.003499999999999996
final,39,4241393540857918562,2,12000,0.045,0.15500000000000003,acceptable,per_feature,supported,0.002083333333333326,0.00233333333333334,0.003499999999999996
final,39,4241393540857918562,2,12000,0.045,0.15500000000000003,acceptable,same_evidence,supported,0.002083333333333326,0.00233333333333334,0.003499999999999996
final,39,4241393540857918562,2,12000,0.045,0.15500000000000003,acceptable,framework,supported,0.002083333333333326,0.00233333333333334,0.003499999999999996
final,40,1199433003496287061,2,12000,0.045,0.15500000000000003,acceptable,pooled,supported,0.004416666666666666,0.005333333333333329,0.0030000000000000027
final,40,1199433003496287061,2,12000,0.045,0.15500000000000003,acceptable,per_feature,supported,0.004416666666666666,0.005333333333333329,0.0030000000000000027
final,40,1199433003496287061,2,12000,0.045,0.15500000000000003,acceptable,same_evidence,supported,0.004416666666666666,0.005333333333333329,0.0030000000000000027
final,40,1199433003496287061,2,12000,0.045,0.15500000000000003,acceptable,framework,supported,0.004416666666666666,0.005333333333333329,0.0030000000000000027
final,41,3117901175028609931,2,12000,0.045,0.15500000000000003,acceptable,pooled,supported,0.002041666666666664,0.00633333333333333,0.004833333333333335
final,41,3117901175028609931,2,12000,0.045,0.15500000000000003,acceptable,per_feature,supported,0.002041666666666664,0.00633333333333333,0.004833333333333335
final,41,3117901175028609931,2,12000,0.045,0.15500000000000003,acceptable,same_evidence,supported,0.002041666666666664,0.00633333333333333,0.004833333333333335
final,41,3117901175028609931,2,12000,0.045,0.15500000000000003,acceptable,framework,supported,0.002041666666666664,0.00633333333333333,0.004833333333333335
final,42,2825682608641293198,2,12000,0.045,0.15500000000000003,acceptable,pooled,supported,0.0029166666666666508,0.003166666666666665,0.008083333333333338
final,42,2825682608641293198,2,12000,0.045,0.15500000000000003,acceptable,per_feature,supported,0.0029166666666666508,0.003166666666666665,0.008083333333333338
final,42,2825682608641293198,2,12000,0.045,0.15500000000000003,acceptable,same_evidence,supported,0.0029166666666666508,0.003166666666666665,0.008083333333333338
final,42,2825682608641293198,2,12000,0.045,0.15500000000000003,acceptable,framework,supported,0.0029166666666666508,0.003166666666666665,0.008083333333333338
final,43,3753725662057629763,2,12000,0.045,0.15500000000000003,acceptable,pooled,supported,0.0004166666666666624,0.0012500000000000011,0.004500000000000004
final,43,3753725662057629763,2,12000,0.045,0.15500000000000003,acceptable,per_feature,supported,0.0004166666666666624,0.0012500000000000011,0.004500000000000004
final,43,3753725662057629763,2,12000,0.045,0.15500000000000003,acceptable,same_evidence,supported,0.0004166666666666624,0.0012500000000000011,0.004500000000000004
final,43,3753725662057629763,2,12000,0.045,0.15500000000000003,acceptable,framework,supported,0.0004166666666666624,0.0012500000000000011,0.004500000000000004
final,44,2882121353874582554,2,12000,0.045,0.15500000000000003,acceptable,pooled,supported,0.003291666666666665,0.004583333333333342,0.00916666666666667
final,44,2882121353874582554,2,12000,0.045,0.15500000000000003,acceptable,per_feature,supported,0.003291666666666665,0.004583333333333342,0.00916666666666667
final,44,2882121353874582554,2,12000,0.045,0.15500000000000003,acceptable,same_evidence,supported,0.003291666666666665,0.004583333333333342,0.00916666666666667
final,44,2882121353874582554,2,12000,0.045,0.15500000000000003,acceptable,framework,supported,0.003291666666666665,0.004583333333333342,0.00916666666666667
final,45,684044075870533005,2,12000,0.045,0.15500000000000003,acceptable,pooled,supported,0.000125000000000014,0.004500000000000004,0.005583333333333336
final,45,684044075870533005,2,12000,0.045,0.15500000000000003,acceptable,per_feature,supported,0.000125000000000014,0.004500000000000004,0.005583333333333336
final,45,684044075870533005,2,12000,0.045,0.15500000000000003,acceptable,same_evidence,supported,0.000125000000000014,0.004500000000000004,0.005583333333333336
final,45,684044075870533005,2,12000,0.045,0.15500000000000003,acceptable,framework,supported,0.000125000000000014,0.004500000000000004,0.005583333333333336
final,46,2568241456495079741,2,12000,0.045,0.15500000000000003,acceptable,pooled,supported,0.0039166666666666655,0.004083333333333342,0.005250000000000005
final,46,2568241456495079741,2,12000,0.045,0.15500000000000003,acceptable,per_feature,supported,0.0039166666666666655,0.004083333333333342,0.005250000000000005
final,46,2568241456495079741,2,12000,0.045,0.15500000000000003,acceptable,same_evidence,supported,0.0039166666666666655,0.004083333333333342,0.005250000000000005
final,46,2568241456495079741,2,12000,0.045,0.15500000000000003,acceptable,framework,supported,0.0039166666666666655,0.004083333333333342,0.005250000000000005
final,47,2019550247311406048,2,12000,0.045,0.15500000000000003,acceptable,pooled,supported,0.002291666666666664,0.006000000000000005,0.00633333333333333
final,47,2019550247311406048,2,12000,0.045,0.15500000000000003,acceptable,per_feature,supported,0.002291666666666664,0.006000000000000005,0.00633333333333333
final,47,2019550247311406048,2,12000,0.045,0.15500000000000003,acceptable,same_evidence,supported,0.002291666666666664,0.006000000000000005,0.00633333333333333
final,47,2019550247311406048,2,12000,0.045,0.15500000000000003,acceptable,framework,supported,0.002291666666666664,0.006000000000000005,0.00633333333333333
final,48,262066384638222806,2,12000,0.045,0.15500000000000003,acceptable,pooled,supported,0.0007916666666666627,0.002333333333333326,0.008749999999999994
final,48,262066384638222806,2,12000,0.045,0.15500000000000003,acceptable,per_feature,supported,0.0007916666666666627,0.002333333333333326,0.008749999999999994
final,48,262066384638222806,2,12000,0.045,0.15500000000000003,acceptable,same_evidence,supported,0.0007916666666666627,0.002333333333333326,0.008749999999999994
final,48,262066384638222806,2,12000,0.045,0.15500000000000003,acceptable,framework,supported,0.0007916666666666627,0.002333333333333326,0.008749999999999994
final,49,573305332171017375,2,12000,0.045,0.15500000000000003,acceptable,pooled,supported,0.002375000000000002,0.0030833333333333407,0.0007500000000000007
final,49,573305332171017375,2,12000,0.045,0.15500000000000003,acceptable,per_feature,supported,0.002375000000000002,0.0030833333333333407,0.0007500000000000007
final,49,573305332171017375,2,12000,0.045,0.15500000000000003,acceptable,same_evidence,supported,0.002375000000000002,0.0030833333333333407,0.0007500000000000007
final,49,573305332171017375,2,12000,0.045,0.15500000000000003,acceptable,framework,supported,0.002375000000000002,0.0030833333333333407,0.0007500000000000007
final,50,4034735419525202581,2,12000,0.045,0.15500000000000003,acceptable,pooled,supported,0.001083333333333339,0.0014166666666666633,0.0036666666666666653
final,50,4034735419525202581,2,12000,0.045,0.15500000000000003,acceptable,per_feature,supported,0.001083333333333339,0.0014166666666666633,0.0036666666666666653
final,50,4034735419525202581,2,12000,0.045,0.15500000000000003,acceptable,same_evidence,supported,0.001083333333333339,0.0014166666666666633,0.0036666666666666653
final,50,4034735419525202581,2,12000,0.045,0.15500000000000003,acceptable,framework,supported,0.001083333333333339,0.0014166666666666633,0.0036666666666666653
final,51,3930356930006774509,2,12000,0.045,0.15500000000000003,acceptable,pooled,supported,0.0014166666666666772,0.00233333333333334,0.003250000000000003
final,51,3930356930006774509,2,12000,0.045,0.15500000000000003,acceptable,per_feature,supported,0.0014166666666666772,0.00233333333333334,0.003250000000000003
final,51,3930356930006774509,2,12000,0.045,0.15500000000000003,acceptable,same_evidence,supported,0.0014166666666666772,0.00233333333333334,0.003250000000000003
final,51,3930356930006774509,2,12000,0.045,0.15500000000000003,acceptable,framework,supported,0.0014166666666666772,0.00233333333333334,0.003250000000000003
final,52,861062328537844854,2,12000,0.045,0.15500000000000003,acceptable,pooled,supported,0.0026666666666666783,0.006000000000000005,0.0015833333333333394
final,52,861062328537844854,2,12000,0.045,0.15500000000000003,acceptable,per_feature,supported,0.0026666666666666783,0.006000000000000005,0.0015833333333333394
final,52,861062328537844854,2,12000,0.045,0.15500000000000003,acceptable,same_evidence,supported,0.0026666666666666783,0.006000000000000005,0.0015833333333333394
final,52,861062328537844854,2,12000,0.045,0.15500000000000003,acceptable,framework,supported,0.0026666666666666783,0.006000000000000005,0.0015833333333333394
final,53,3060420194396987674,2,12000,0.045,0.15500000000000003,acceptable,pooled,supported,0.00012499999999998623,0.0038333333333333275,0.0061666666666666675
final,53,3060420194396987674,2,12000,0.045,0.15500000000000003,acceptable,per_feature,supported,0.00012499999999998623,0.0038333333333333275,0.0061666666666666675
final,53,3060420194396987674,2,12000,0.045,0.15500000000000003,acceptable,same_evidence,supported,0.00012499999999998623,0.0038333333333333275,0.0061666666666666675
final,53,3060420194396987674,2,12000,0.045,0.15500000000000003,acceptable,framework,supported,0.00012499999999998623,0.0038333333333333275,0.0061666666666666675
final,54,1132446421876040551,2,12000,0.045,0.15500000000000003,acceptable,pooled,supported,0.00020833333333333814,0.0004166666666666624,0.004749999999999997
final,54,1132446421876040551,2,12000,0.045,0.15500000000000003,acceptable,per_feature,supported,0.00020833333333333814,0.0004166666666666624,0.004749999999999997
final,54,1132446421876040551,2,12000,0.045,0.15500000000000003,acceptable,same_evidence,supported,0.00020833333333333814,0.0004166666666666624,0.004749999999999997
final,54,1132446421876040551,2,12000,0.045,0.15500000000000003,acceptable,framework,supported,0.00020833333333333814,0.0004166666666666624,0.004749999999999997
final,55,4266746937951972952,2,12000,0.045,0.15500000000000003,acceptable,pooled,supported,0.0009583333333333249,0.002166666666666664,0.006999999999999999
final,55,4266746937951972952,2,12000,0.045,0.15500000000000003,acceptable,per_feature,supported,0.0009583333333333249,0.002166666666666664,0.006999999999999999
final,55,4266746937951972952,2,12000,0.045,0.15500000000000003,acceptable,same_evidence,supported,0.0009583333333333249,0.002166666666666664,0.006999999999999999
final,55,4266746937951972952,2,12000,0.045,0.15500000000000003,acceptable,framework,supported,0.0009583333333333249,0.002166666666666664,0.006999999999999999
final,56,860163593427219863,2,12000,0.045,0.15500000000000003,acceptable,pooled,supported,0.0011250000000000149,0.0029166666666666646,0.004916666666666673
final,56,860163593427219863,2,12000,0.045,0.15500000000000003,acceptable,per_feature,supported,0.0011250000000000149,0.0029166666666666646,0.004916666666666673
final,56,860163593427219863,2,12000,0.045,0.15500000000000003,acceptable,same_evidence,supported,0.0011250000000000149,0.0029166666666666646,0.004916666666666673
final,56,860163593427219863,2,12000,0.045,0.15500000000000003,acceptable,framework,supported,0.0011250000000000149,0.0029166666666666646,0.004916666666666673
final,57,2608386487155089012,2,12000,0.045,0.15500000000000003,acceptable,pooled,supported,0.0036666666666666653,0.007166666666666668,0.003583333333333334
final,57,2608386487155089012,2,12000,0.045,0.15500000000000003,acceptable,per_feature,supported,0.0036666666666666653,0.007166666666666668,0.003583333333333334
final,57,2608386487155089012,2,12000,0.045,0.15500000000000003,acceptable,same_evidence,supported,0.0036666666666666653,0.007166666666666668,0.003583333333333334
final,57,2608386487155089012,2,12000,0.045,0.15500000000000003,acceptable,framework,supported,0.0036666666666666653,0.007166666666666668,0.003583333333333334
final,58,3993286476120563794,2,12000,0.045,0.15500000000000003,acceptable,pooled,supported,0.0003333333333333244,0.0004166666666666624,0.006916666666666668
final,58,3993286476120563794,2,12000,0.045,0.15500000000000003,acceptable,per_feature,supported,0.0003333333333333244,0.0004166666666666624,0.006916666666666668
final,58,3993286476120563794,2,12000,0.045,0.15500000000000003,acceptable,same_evidence,supported,0.0003333333333333244,0.0004166666666666624,0.006916666666666668
final,58,3993286476120563794,2,12000,0.045,0.15500000000000003,acceptable,framework,supported,0.0003333333333333244,0.0004166666666666624,0.006916666666666668
final,59,1935826752297899379,2,12000,0.045,0.15500000000000003,acceptable,pooled,supported,0.00020833333333333814,0.0004166666666666624,0.0050833333333333355
final,59,1935826752297899379,2,12000,0.045,0.15500000000000003,acceptable,per_feature,supported,0.00020833333333333814,0.0004166666666666624,0.0050833333333333355
final,59,1935826752297899379,2,12000,0.045,0.15500000000000003,acceptable,same_evidence,supported,0.00020833333333333814,0.0004166666666666624,0.0050833333333333355
final,59,1935826752297899379,2,12000,0.045,0.15500000000000003,acceptable,framework,supported,0.00020833333333333814,0.0004166666666666624,0.0050833333333333355
final,60,793441081702736565,2,12000,0.045,0.15500000000000003,acceptable,pooled,supported,0.004708333333333342,0.005750000000000005,0.010499999999999995
final,60,793441081702736565,2,12000,0.045,0.15500000000000003,acceptable,per_feature,supported,0.004708333333333342,0.005750000000000005,0.010499999999999995
final,60,793441081702736565,2,12000,0.045,0.15500000000000003,acceptable,same_evidence,withheld,0.004708333333333342,0.005750000000000005,0.010499999999999995
final,60,793441081702736565,2,12000,0.045,0.15500000000000003,acceptable,framework,withheld,0.004708333333333342,0.005750000000000005,0.010499999999999995
final,61,1736843304148422721,2,12000,0.045,0.15500000000000003,acceptable,pooled,supported,0.0029166666666666646,0.0037499999999999895,0.0008333333333333318
final,61,1736843304148422721,2,12000,0.045,0.15500000000000003,acceptable,per_feature,supported,0.0029166666666666646,0.0037499999999999895,0.0008333333333333318
final,61,1736843304148422721,2,12000,0.045,0.15500000000000003,acceptable,same_evidence,supported,0.0029166666666666646,0.0037499999999999895,0.0008333333333333318
final,61,1736843304148422721,2,12000,0.045,0.15500000000000003,acceptable,framework,supported,0.0029166666666666646,0.0037499999999999895,0.0008333333333333318
final,62,68224949887518212,2,12000,0.045,0.15500000000000003,acceptable,pooled,supported,0.00620833333333333,0.006249999999999992,0.008583333333333332
final,62,68224949887518212,2,12000,0.045,0.15500000000000003,acceptable,per_feature,supported,0.00620833333333333,0.006249999999999992,0.008583333333333332
final,62,68224949887518212,2,12000,0.045,0.15500000000000003,acceptable,same_evidence,supported,0.00620833333333333,0.006249999999999992,0.008583333333333332
final,62,68224949887518212,2,12000,0.045,0.15500000000000003,acceptable,framework,supported,0.00620833333333333,0.006249999999999992,0.008583333333333332
final,63,1203524703443725231,2,12000,0.045,0.15500000000000003,acceptable,pooled,supported,4.166666666666208e-05,0.0002500000000000002,0.005249999999999998
final,63,1203524703443725231,2,12000,0.045,0.15500000000000003,acceptable,per_feature,supported,4.166666666666208e-05,0.0002500000000000002,0.005249999999999998
final,63,1203524703443725231,2,12000,0.045,0.15500000000000003,acceptable,same_evidence,supported,4.166666666666208e-05,0.0002500000000000002,0.005249999999999998
final,63,1203524703443725231,2,12000,0.045,0.15500000000000003,acceptable,framework,supported,4.166666666666208e-05,0.0002500000000000002,0.005249999999999998
final,64,452551725341296185,2,12000,0.045,0.15500000000000003,acceptable,pooled,supported,0.0014583333333333393,0.0030833333333333407,0.0037499999999999964
final,64,452551725341296185,2,12000,0.045,0.15500000000000003,acceptable,per_feature,supported,0.0014583333333333393,0.0030833333333333407,0.0037499999999999964
final,64,452551725341296185,2,12000,0.045,0.15500000000000003,acceptable,same_evidence,supported,0.0014583333333333393,0.0030833333333333407,0.0037499999999999964
final,64,452551725341296185,2,12000,0.045,0.15500000000000003,acceptable,framework,supported,0.0014583333333333393,0.0030833333333333407,0.0037499999999999964
final,65,1488506572925402322,2,12000,0.045,0.15500000000000003,acceptable,pooled,supported,0.0026666666666666505,0.0037500000000000033,0.006666666666666661
final,65,1488506572925402322,2,12000,0.045,0.15500000000000003,acceptable,per_feature,supported,0.0026666666666666505,0.0037500000000000033,0.006666666666666661
final,65,1488506572925402322,2,12000,0.045,0.15500000000000003,acceptable,same_evidence,supported,0.0026666666666666505,0.0037500000000000033,0.006666666666666661
final,65,1488506572925402322,2,12000,0.045,0.15500000000000003,acceptable,framework,supported,0.0026666666666666505,0.0037500000000000033,0.006666666666666661
final,66,3862962267499907521,2,12000,0.045,0.15500000000000003,acceptable,pooled,supported,0.0037499999999999895,0.005249999999999991,0.0061666666666666675
final,66,3862962267499907521,2,12000,0.045,0.15500000000000003,acceptable,per_feature,supported,0.0037499999999999895,0.005249999999999991,0.0061666666666666675
final,66,3862962267499907521,2,12000,0.045,0.15500000000000003,acceptable,same_evidence,supported,0.0037499999999999895,0.005249999999999991,0.0061666666666666675
final,66,3862962267499907521,2,12000,0.045,0.15500000000000003,acceptable,framework,supported,0.0037499999999999895,0.005249999999999991,0.0061666666666666675
final,67,222547229228372821,2,12000,0.045,0.15500000000000003,acceptable,pooled,supported,0.0007916666666666627,0.0015000000000000013,0.0038333333333333344
final,67,222547229228372821,2,12000,0.045,0.15500000000000003,acceptable,per_feature,supported,0.0007916666666666627,0.0015000000000000013,0.0038333333333333344
final,67,222547229228372821,2,12000,0.045,0.15500000000000003,acceptable,same_evidence,supported,0.0007916666666666627,0.0015000000000000013,0.0038333333333333344
final,67,222547229228372821,2,12000,0.045,0.15500000000000003,acceptable,framework,supported,0.0007916666666666627,0.0015000000000000013,0.0038333333333333344
final,68,1872319778253644864,2,12000,0.045,0.15500000000000003,acceptable,pooled,supported,0.0029166666666666646,0.003166666666666665,0.009083333333333332
final,68,1872319778253644864,2,12000,0.045,0.15500000000000003,acceptable,per_feature,supported,0.0029166666666666646,0.003166666666666665,0.009083333333333332
final,68,1872319778253644864,2,12000,0.045,0.15500000000000003,acceptable,same_evidence,supported,0.0029166666666666646,0.003166666666666665,0.009083333333333332
final,68,1872319778253644864,2,12000,0.045,0.15500000000000003,acceptable,framework,supported,0.0029166666666666646,0.003166666666666665,0.009083333333333332
final,69,4591237032725265586,2,12000,0.045,0.15500000000000003,acceptable,pooled,supported,0.00233333333333334,0.002416666666666678,0.007916666666666669
final,69,4591237032725265586,2,12000,0.045,0.15500000000000003,acceptable,per_feature,supported,0.00233333333333334,0.002416666666666678,0.007916666666666669
final,69,4591237032725265586,2,12000,0.045,0.15500000000000003,acceptable,same_evidence,supported,0.00233333333333334,0.002416666666666678,0.007916666666666669
final,69,4591237032725265586,2,12000,0.045,0.15500000000000003,acceptable,framework,supported,0.00233333333333334,0.002416666666666678,0.007916666666666669
final,70,424814491193915069,2,12000,0.045,0.15500000000000003,acceptable,pooled,supported,0.0027916666666666645,0.005583333333333329,0.0030000000000000027
final,70,424814491193915069,2,12000,0.045,0.15500000000000003,acceptable,per_feature,supported,0.0027916666666666645,0.005583333333333329,0.0030000000000000027
final,70,424814491193915069,2,12000,0.045,0.15500000000000003,acceptable,same_evidence,supported,0.0027916666666666645,0.005583333333333329,0.0030000000000000027
final,70,424814491193915069,2,12000,0.045,0.15500000000000003,acceptable,framework,supported,0.0027916666666666645,0.005583333333333329,0.0030000000000000027
final,71,4430494120801452967,2,12000,0.045,0.15500000000000003,acceptable,pooled,supported,0.0017916666666666636,0.007166666666666668,0.00825
final,71,4430494120801452967,2,12000,0.045,0.15500000000000003,acceptable,per_feature,supported,0.0017916666666666636,0.007166666666666668,0.00825
final,71,4430494120801452967,2,12000,0.045,0.15500000000000003,acceptable,same_evidence,supported,0.0017916666666666636,0.007166666666666668,0.00825
final,71,4430494120801452967,2,12000,0.045,0.15500000000000003,acceptable,framework,supported,0.0017916666666666636,0.007166666666666668,0.00825
final,72,2858645111429546990,2,12000,0.045,0.15500000000000003,acceptable,pooled,supported,0.002041666666666664,0.002416666666666664,0.007416666666666662
final,72,2858645111429546990,2,12000,0.045,0.15500000000000003,acceptable,per_feature,supported,0.002041666666666664,0.002416666666666664,0.007416666666666662
final,72,2858645111429546990,2,12000,0.045,0.15500000000000003,acceptable,same_evidence,supported,0.002041666666666664,0.002416666666666664,0.007416666666666662
final,72,2858645111429546990,2,12000,0.045,0.15500000000000003,acceptable,framework,supported,0.002041666666666664,0.002416666666666664,0.007416666666666662
final,73,1159464273016777917,2,12000,0.045,0.15500000000000003,acceptable,pooled,supported,0.00020833333333333814,0.002250000000000002,0.006916666666666668
final,73,1159464273016777917,2,12000,0.045,0.15500000000000003,acceptable,per_feature,supported,0.00020833333333333814,0.002250000000000002,0.006916666666666668
final,73,1159464273016777917,2,12000,0.045,0.15500000000000003,acceptable,same_evidence,supported,0.00020833333333333814,0.002250000000000002,0.006916666666666668
final,73,1159464273016777917,2,12000,0.045,0.15500000000000003,acceptable,framework,supported,0.00020833333333333814,0.002250000000000002,0.006916666666666668
final,74,3461757531010103798,2,12000,0.045,0.15500000000000003,acceptable,pooled,supported,0.0031666666666666787,0.0035833333333333273,0.003333333333333334
final,74,3461757531010103798,2,12000,0.045,0.15500000000000003,acceptable,per_feature,supported,0.0031666666666666787,0.0035833333333333273,0.003333333333333334
final,74,3461757531010103798,2,12000,0.045,0.15500000000000003,acceptable,same_evidence,supported,0.0031666666666666787,0.0035833333333333273,0.003333333333333334
final,74,3461757531010103798,2,12000,0.045,0.15500000000000003,acceptable,framework,supported,0.0031666666666666787,0.0035833333333333273,0.003333333333333334
final,75,3964498312873557828,2,12000,0.045,0.15500000000000003,acceptable,pooled,supported,0.0019166666666666499,0.00474999999999999,0.006666666666666668
final,75,3964498312873557828,2,12000,0.045,0.15500000000000003,acceptable,per_feature,supported,0.0019166666666666499,0.00474999999999999,0.006666666666666668
final,75,3964498312873557828,2,12000,0.045,0.15500000000000003,acceptable,same_evidence,supported,0.0019166666666666499,0.00474999999999999,0.006666666666666668
final,75,3964498312873557828,2,12000,0.045,0.15500000000000003,acceptable,framework,supported,0.0019166666666666499,0.00474999999999999,0.006666666666666668
final,76,2798979465834504991,2,12000,0.045,0.15500000000000003,acceptable,pooled,supported,0.001125000000000001,0.0016666666666666774,0.005499999999999998
final,76,2798979465834504991,2,12000,0.045,0.15500000000000003,acceptable,per_feature,supported,0.001125000000000001,0.0016666666666666774,0.005499999999999998
final,76,2798979465834504991,2,12000,0.045,0.15500000000000003,acceptable,same_evidence,supported,0.001125000000000001,0.0016666666666666774,0.005499999999999998
final,76,2798979465834504991,2,12000,0.045,0.15500000000000003,acceptable,framework,supported,0.001125000000000001,0.0016666666666666774,0.005499999999999998
final,77,3785833982650801254,2,12000,0.045,0.15500000000000003,acceptable,pooled,supported,0.0006250000000000006,0.0007500000000000007,0.0028333333333333335
final,77,3785833982650801254,2,12000,0.045,0.15500000000000003,acceptable,per_feature,supported,0.0006250000000000006,0.0007500000000000007,0.0028333333333333335
final,77,3785833982650801254,2,12000,0.045,0.15500000000000003,acceptable,same_evidence,supported,0.0006250000000000006,0.0007500000000000007,0.0028333333333333335
final,77,3785833982650801254,2,12000,0.045,0.15500000000000003,acceptable,framework,supported,0.0006250000000000006,0.0007500000000000007,0.0028333333333333335
final,78,3682636894831477467,2,12000,0.045,0.15500000000000003,acceptable,pooled,supported,0.0020000000000000018,0.004416666666666666,0.00825
final,78,3682636894831477467,2,12000,0.045,0.15500000000000003,acceptable,per_feature,supported,0.0020000000000000018,0.004416666666666666,0.00825
final,78,3682636894831477467,2,12000,0.045,0.15500000000000003,acceptable,same_evidence,supported,0.0020000000000000018,0.004416666666666666,0.00825
final,78,3682636894831477467,2,12000,0.045,0.15500000000000003,acceptable,framework,supported,0.0020000000000000018,0.004416666666666666,0.00825
final,79,1227178884532250882,2,12000,0.045,0.15500000000000003,acceptable,pooled,supported,0.0017916666666666636,0.003333333333333327,0.0085
final,79,1227178884532250882,2,12000,0.045,0.15500000000000003,acceptable,per_feature,supported,0.0017916666666666636,0.003333333333333327,0.0085
final,79,1227178884532250882,2,12000,0.045,0.15500000000000003,acceptable,same_evidence,supported,0.0017916666666666636,0.003333333333333327,0.0085
final,79,1227178884532250882,2,12000,0.045,0.15500000000000003,acceptable,framework,supported,0.0017916666666666636,0.003333333333333327,0.0085
final,80,4139505372178813274,2,12000,0.045,0.15500000000000003,acceptable,pooled,supported,0.0009166666666666767,0.0038333333333333414,0.00841666666666667
final,80,4139505372178813274,2,12000,0.045,0.15500000000000003,acceptable,per_feature,supported,0.0009166666666666767,0.0038333333333333414,0.00841666666666667
final,80,4139505372178813274,2,12000,0.045,0.15500000000000003,acceptable,same_evidence,supported,0.0009166666666666767,0.0038333333333333414,0.00841666666666667
final,80,4139505372178813274,2,12000,0.045,0.15500000000000003,acceptable,framework,supported,0.0009166666666666767,0.0038333333333333414,0.00841666666666667
final,81,2402243419640906608,2,12000,0.045,0.15500000000000003,acceptable,pooled,supported,0.0012500000000000011,0.0015000000000000013,0.002249999999999995
final,81,2402243419640906608,2,12000,0.045,0.15500000000000003,acceptable,per_feature,supported,0.0012500000000000011,0.0015000000000000013,0.002249999999999995
final,81,2402243419640906608,2,12000,0.045,0.15500000000000003,acceptable,same_evidence,supported,0.0012500000000000011,0.0015000000000000013,0.002249999999999995
final,81,2402243419640906608,2,12000,0.045,0.15500000000000003,acceptable,framework,supported,0.0012500000000000011,0.0015000000000000013,0.002249999999999995
final,82,288635264533194801,2,12000,0.045,0.15500000000000003,acceptable,pooled,supported,0.0029583333333333267,0.005083333333333329,0.004583333333333335
final,82,288635264533194801,2,12000,0.045,0.15500000000000003,acceptable,per_feature,supported,0.0029583333333333267,0.005083333333333329,0.004583333333333335
final,82,288635264533194801,2,12000,0.045,0.15500000000000003,acceptable,same_evidence,supported,0.0029583333333333267,0.005083333333333329,0.004583333333333335
final,82,288635264533194801,2,12000,0.045,0.15500000000000003,acceptable,framework,supported,0.0029583333333333267,0.005083333333333329,0.004583333333333335
final,83,872797802312867628,2,12000,0.045,0.15500000000000003,acceptable,pooled,supported,0.0015000000000000013,0.004750000000000004,0.003500000000000003
final,83,872797802312867628,2,12000,0.045,0.15500000000000003,acceptable,per_feature,supported,0.0015000000000000013,0.004750000000000004,0.003500000000000003
final,83,872797802312867628,2,12000,0.045,0.15500000000000003,acceptable,same_evidence,supported,0.0015000000000000013,0.004750000000000004,0.003500000000000003
final,83,872797802312867628,2,12000,0.045,0.15500000000000003,acceptable,framework,supported,0.0015000000000000013,0.004750000000000004,0.003500000000000003
final,84,812612049469640373,2,12000,0.045,0.15500000000000003,acceptable,pooled,supported,0.00016666666666667607,0.0014166666666666772,0.006916666666666668
final,84,812612049469640373,2,12000,0.045,0.15500000000000003,acceptable,per_feature,supported,0.00016666666666667607,0.0014166666666666772,0.006916666666666668
final,84,812612049469640373,2,12000,0.045,0.15500000000000003,acceptable,same_evidence,supported,0.00016666666666667607,0.0014166666666666772,0.006916666666666668
final,84,812612049469640373,2,12000,0.045,0.15500000000000003,acceptable,framework,supported,0.00016666666666667607,0.0014166666666666772,0.006916666666666668
final,85,1840667716163867502,2,12000,0.045,0.15500000000000003,acceptable,pooled,supported,0.0005416666666666764,0.0012500000000000011,0.006000000000000005
final,85,1840667716163867502,2,12000,0.045,0.15500000000000003,acceptable,per_feature,supported,0.0005416666666666764,0.0012500000000000011,0.006000000000000005
final,85,1840667716163867502,2,12000,0.045,0.15500000000000003,acceptable,same_evidence,supported,0.0005416666666666764,0.0012500000000000011,0.006000000000000005
final,85,1840667716163867502,2,12000,0.045,0.15500000000000003,acceptable,framework,supported,0.0005416666666666764,0.0012500000000000011,0.006000000000000005
final,86,2184939990913591978,2,12000,0.045,0.15500000000000003,acceptable,pooled,supported,0.003166666666666665,0.004583333333333328,0.0085
final,86,2184939990913591978,2,12000,0.045,0.15500000000000003,acceptable,per_feature,supported,0.003166666666666665,0.004583333333333328,0.0085
final,86,2184939990913591978,2,12000,0.045,0.15500000000000003,acceptable,same_evidence,supported,0.003166666666666665,0.004583333333333328,0.0085
final,86,2184939990913591978,2,12000,0.045,0.15500000000000003,acceptable,framework,supported,0.003166666666666665,0.004583333333333328,0.0085
final,87,2944407507118848677,2,12000,0.045,0.15500000000000003,acceptable,pooled,supported,0.008958333333333332,0.014833333333333337,0.012833333333333329
final,87,2944407507118848677,2,12000,0.045,0.15500000000000003,acceptable,per_feature,withheld,0.008958333333333332,0.014833333333333337,0.012833333333333329
final,87,2944407507118848677,2,12000,0.045,0.15500000000000003,acceptable,same_evidence,withheld,0.008958333333333332,0.014833333333333337,0.012833333333333329
final,87,2944407507118848677,2,12000,0.045,0.15500000000000003,acceptable,framework,withheld,0.008958333333333332,0.014833333333333337,0.012833333333333329
final,88,349585119874694815,2,12000,0.045,0.15500000000000003,acceptable,pooled,supported,0.003291666666666665,0.004083333333333328,0.005833333333333329
final,88,349585119874694815,2,12000,0.045,0.15500000000000003,acceptable,per_feature,supported,0.003291666666666665,0.004083333333333328,0.005833333333333329
final,88,349585119874694815,2,12000,0.045,0.15500000000000003,acceptable,same_evidence,supported,0.003291666666666665,0.004083333333333328,0.005833333333333329
final,88,349585119874694815,2,12000,0.045,0.15500000000000003,acceptable,framework,supported,0.003291666666666665,0.004083333333333328,0.005833333333333329
final,89,4244614541375016684,2,12000,0.045,0.15500000000000003,acceptable,pooled,supported,0.003166666666666665,0.0050833333333333425,0.006499999999999999
final,89,4244614541375016684,2,12000,0.045,0.15500000000000003,acceptable,per_feature,supported,0.003166666666666665,0.0050833333333333425,0.006499999999999999
final,89,4244614541375016684,2,12000,0.045,0.15500000000000003,acceptable,same_evidence,supported,0.003166666666666665,0.0050833333333333425,0.006499999999999999
final,89,4244614541375016684,2,12000,0.045,0.15500000000000003,acceptable,framework,supported,0.003166666666666665,0.0050833333333333425,0.006499999999999999
final,90,3448138787993414794,2,12000,0.045,0.15500000000000003,acceptable,pooled,supported,0.0002916666666666623,0.0004166666666666624,0.008333333333333331
final,90,3448138787993414794,2,12000,0.045,0.15500000000000003,acceptable,per_feature,supported,0.0002916666666666623,0.0004166666666666624,0.008333333333333331
final,90,3448138787993414794,2,12000,0.045,0.15500000000000003,acceptable,same_evidence,supported,0.0002916666666666623,0.0004166666666666624,0.008333333333333331
final,90,3448138787993414794,2,12000,0.045,0.15500000000000003,acceptable,framework,supported,0.0002916666666666623,0.0004166666666666624,0.008333333333333331
final,91,943194290103487300,2,12000,0.045,0.15500000000000003,acceptable,pooled,supported,0.00620833333333333,0.009250000000000008,0.009249999999999994
final,91,943194290103487300,2,12000,0.045,0.15500000000000003,acceptable,per_feature,supported,0.00620833333333333,0.009250000000000008,0.009249999999999994
final,91,943194290103487300,2,12000,0.045,0.15500000000000003,acceptable,same_evidence,supported,0.00620833333333333,0.009250000000000008,0.009249999999999994
final,91,943194290103487300,2,12000,0.045,0.15500000000000003,acceptable,framework,supported,0.00620833333333333,0.009250000000000008,0.009249999999999994
final,92,3377457764123601580,2,12000,0.045,0.15500000000000003,acceptable,pooled,supported,0.001041666666666663,0.004583333333333328,0.005583333333333329
final,92,3377457764123601580,2,12000,0.045,0.15500000000000003,acceptable,per_feature,supported,0.001041666666666663,0.004583333333333328,0.005583333333333329
final,92,3377457764123601580,2,12000,0.045,0.15500000000000003,acceptable,same_evidence,supported,0.001041666666666663,0.004583333333333328,0.005583333333333329
final,92,3377457764123601580,2,12000,0.045,0.15500000000000003,acceptable,framework,supported,0.001041666666666663,0.004583333333333328,0.005583333333333329
final,93,294302494667099074,2,12000,0.045,0.15500000000000003,acceptable,pooled,supported,0.0006249999999999867,0.0025000000000000022,0.0036666666666666653
final,93,294302494667099074,2,12000,0.045,0.15500000000000003,acceptable,per_feature,supported,0.0006249999999999867,0.0025000000000000022,0.0036666666666666653
final,93,294302494667099074,2,12000,0.045,0.15500000000000003,acceptable,same_evidence,supported,0.0006249999999999867,0.0025000000000000022,0.0036666666666666653
final,93,294302494667099074,2,12000,0.045,0.15500000000000003,acceptable,framework,supported,0.0006249999999999867,0.0025000000000000022,0.0036666666666666653
final,94,3221077105014861874,2,12000,0.045,0.15500000000000003,acceptable,pooled,supported,0.0036249999999999893,0.005083333333333329,0.005250000000000005
final,94,3221077105014861874,2,12000,0.045,0.15500000000000003,acceptable,per_feature,supported,0.0036249999999999893,0.005083333333333329,0.005250000000000005
final,94,3221077105014861874,2,12000,0.045,0.15500000000000003,acceptable,same_evidence,supported,0.0036249999999999893,0.005083333333333329,0.005250000000000005
final,94,3221077105014861874,2,12000,0.045,0.15500000000000003,acceptable,framework,supported,0.0036249999999999893,0.005083333333333329,0.005250000000000005
final,95,139369980598078446,2,12000,0.045,0.15500000000000003,acceptable,pooled,supported,0.0017916666666666775,0.0040000000000000036,0.007583333333333331
final,95,139369980598078446,2,12000,0.045,0.15500000000000003,acceptable,per_feature,supported,0.0017916666666666775,0.0040000000000000036,0.007583333333333331
final,95,139369980598078446,2,12000,0.045,0.15500000000000003,acceptable,same_evidence,supported,0.0017916666666666775,0.0040000000000000036,0.007583333333333331
final,95,139369980598078446,2,12000,0.045,0.15500000000000003,acceptable,framework,supported,0.0017916666666666775,0.0040000000000000036,0.007583333333333331
final,96,4412191669866681249,2,12000,0.045,0.15500000000000003,acceptable,pooled,supported,0.00462499999999999,0.006666666666666654,0.008083333333333331
final,96,4412191669866681249,2,12000,0.045,0.15500000000000003,acceptable,per_feature,supported,0.00462499999999999,0.006666666666666654,0.008083333333333331
final,96,4412191669866681249,2,12000,0.045,0.15500000000000003,acceptable,same_evidence,supported,0.00462499999999999,0.006666666666666654,0.008083333333333331
final,96,4412191669866681249,2,12000,0.045,0.15500000000000003,acceptable,framework,supported,0.00462499999999999,0.006666666666666654,0.008083333333333331
final,97,877496702971077907,2,12000,0.045,0.15500000000000003,acceptable,pooled,supported,0.005541666666666667,0.007666666666666669,0.007416666666666669
final,97,877496702971077907,2,12000,0.045,0.15500000000000003,acceptable,per_feature,supported,0.005541666666666667,0.007666666666666669,0.007416666666666669
final,97,877496702971077907,2,12000,0.045,0.15500000000000003,acceptable,same_evidence,supported,0.005541666666666667,0.007666666666666669,0.007416666666666669
final,97,877496702971077907,2,12000,0.045,0.15500000000000003,acceptable,framework,supported,0.005541666666666667,0.007666666666666669,0.007416666666666669
final,98,607958079995463918,2,12000,0.045,0.15500000000000003,acceptable,pooled,supported,0.006416666666666654,0.0072499999999999926,0.007166666666666668
final,98,607958079995463918,2,12000,0.045,0.15500000000000003,acceptable,per_feature,supported,0.006416666666666654,0.0072499999999999926,0.007166666666666668
final,98,607958079995463918,2,12000,0.045,0.15500000000000003,acceptable,same_evidence,supported,0.006416666666666654,0.0072499999999999926,0.007166666666666668
final,98,607958079995463918,2,12000,0.045,0.15500000000000003,acceptable,framework,supported,0.006416666666666654,0.0072499999999999926,0.007166666666666668
final,99,1803594721565042198,2,12000,0.045,0.15500000000000003,acceptable,pooled,supported,0.0030416666666666786,0.0040000000000000036,0.0085
final,99,1803594721565042198,2,12000,0.045,0.15500000000000003,acceptable,per_feature,supported,0.0030416666666666786,0.0040000000000000036,0.0085
final,99,1803594721565042198,2,12000,0.045,0.15500000000000003,acceptable,same_evidence,supported,0.0030416666666666786,0.0040000000000000036,0.0085
final,99,1803594721565042198,2,12000,0.045,0.15500000000000003,acceptable,framework,supported,0.0030416666666666786,0.0040000000000000036,0.0085
final,0,2162580927014954720,2,12000,0.03,0.17,unacceptable,pooled,supported,0.0003333333333333244,0.001083333333333325,0.01991666666666667
final,0,2162580927014954720,2,12000,0.03,0.17,unacceptable,per_feature,supported,0.0003333333333333244,0.001083333333333325,0.01991666666666667
final,0,2162580927014954720,2,12000,0.03,0.17,unacceptable,same_evidence,withheld,0.0003333333333333244,0.001083333333333325,0.01991666666666667
final,0,2162580927014954720,2,12000,0.03,0.17,unacceptable,framework,withheld,0.0003333333333333244,0.001083333333333325,0.01991666666666667
final,1,3001383780577752921,2,12000,0.03,0.17,unacceptable,pooled,supported,0.005291666666666667,0.008499999999999994,0.022666666666666665
final,1,3001383780577752921,2,12000,0.03,0.17,unacceptable,per_feature,supported,0.005291666666666667,0.008499999999999994,0.022666666666666665
final,1,3001383780577752921,2,12000,0.03,0.17,unacceptable,same_evidence,withheld,0.005291666666666667,0.008499999999999994,0.022666666666666665
final,1,3001383780577752921,2,12000,0.03,0.17,unacceptable,framework,withheld,0.005291666666666667,0.008499999999999994,0.022666666666666665
final,2,1811611824288682591,2,12000,0.03,0.17,unacceptable,pooled,supported,0.003124999999999989,0.004083333333333328,0.02108333333333333
final,2,1811611824288682591,2,12000,0.03,0.17,unacceptable,per_feature,supported,0.003124999999999989,0.004083333333333328,0.02108333333333333
final,2,1811611824288682591,2,12000,0.03,0.17,unacceptable,same_evidence,withheld,0.003124999999999989,0.004083333333333328,0.02108333333333333
final,2,1811611824288682591,2,12000,0.03,0.17,unacceptable,framework,withheld,0.003124999999999989,0.004083333333333328,0.02108333333333333
final,3,1546683117952597538,2,12000,0.03,0.17,unacceptable,pooled,supported,0.002250000000000002,0.004750000000000004,0.017249999999999998
final,3,1546683117952597538,2,12000,0.03,0.17,unacceptable,per_feature,supported,0.002250000000000002,0.004750000000000004,0.017249999999999998
final,3,1546683117952597538,2,12000,0.03,0.17,unacceptable,same_evidence,withheld,0.002250000000000002,0.004750000000000004,0.017249999999999998
final,3,1546683117952597538,2,12000,0.03,0.17,unacceptable,framework,withheld,0.002250000000000002,0.004750000000000004,0.017249999999999998
final,4,3381168639269977830,2,12000,0.03,0.17,unacceptable,pooled,supported,0.00879166666666667,0.00966666666666667,0.0235
final,4,3381168639269977830,2,12000,0.03,0.17,unacceptable,per_feature,supported,0.00879166666666667,0.00966666666666667,0.0235
final,4,3381168639269977830,2,12000,0.03,0.17,unacceptable,same_evidence,withheld,0.00879166666666667,0.00966666666666667,0.0235
final,4,3381168639269977830,2,12000,0.03,0.17,unacceptable,framework,withheld,0.00879166666666667,0.00966666666666667,0.0235
final,5,2356408611829973849,2,12000,0.03,0.17,unacceptable,pooled,supported,0.0007500000000000007,0.004500000000000004,0.021249999999999998
final,5,2356408611829973849,2,12000,0.03,0.17,unacceptable,per_feature,supported,0.0007500000000000007,0.004500000000000004,0.021249999999999998
final,5,2356408611829973849,2,12000,0.03,0.17,unacceptable,same_evidence,withheld,0.0007500000000000007,0.004500000000000004,0.021249999999999998
final,5,2356408611829973849,2,12000,0.03,0.17,unacceptable,framework,withheld,0.0007500000000000007,0.004500000000000004,0.021249999999999998
final,6,69890512834258418,2,12000,0.03,0.17,unacceptable,pooled,supported,0.0014166666666666633,0.0015000000000000013,0.020166666666666666
final,6,69890512834258418,2,12000,0.03,0.17,unacceptable,per_feature,supported,0.0014166666666666633,0.0015000000000000013,0.020166666666666666
final,6,69890512834258418,2,12000,0.03,0.17,unacceptable,same_evidence,withheld,0.0014166666666666633,0.0015000000000000013,0.020166666666666666
final,6,69890512834258418,2,12000,0.03,0.17,unacceptable,framework,withheld,0.0014166666666666633,0.0015000000000000013,0.020166666666666666
final,7,1854021935639950304,2,12000,0.03,0.17,unacceptable,pooled,supported,0.002208333333333326,0.0029166666666666646,0.017499999999999995
final,7,1854021935639950304,2,12000,0.03,0.17,unacceptable,per_feature,supported,0.002208333333333326,0.0029166666666666646,0.017499999999999995
final,7,1854021935639950304,2,12000,0.03,0.17,unacceptable,same_evidence,withheld,0.002208333333333326,0.0029166666666666646,0.017499999999999995
final,7,1854021935639950304,2,12000,0.03,0.17,unacceptable,framework,withheld,0.002208333333333326,0.0029166666666666646,0.017499999999999995
final,8,179456081581215321,2,12000,0.03,0.17,unacceptable,pooled,supported,0.004666666666666666,0.009333333333333332,0.016583333333333332
final,8,179456081581215321,2,12000,0.03,0.17,unacceptable,per_feature,supported,0.004666666666666666,0.009333333333333332,0.016583333333333332
final,8,179456081581215321,2,12000,0.03,0.17,unacceptable,same_evidence,withheld,0.004666666666666666,0.009333333333333332,0.016583333333333332
final,8,179456081581215321,2,12000,0.03,0.17,unacceptable,framework,withheld,0.004666666666666666,0.009333333333333332,0.016583333333333332
final,9,413540652594224130,2,12000,0.03,0.17,unacceptable,pooled,supported,0.0024999999999999883,0.00633333333333333,0.019666666666666666
final,9,413540652594224130,2,12000,0.03,0.17,unacceptable,per_feature,supported,0.0024999999999999883,0.00633333333333333,0.019666666666666666
final,9,413540652594224130,2,12000,0.03,0.17,unacceptable,same_evidence,withheld,0.0024999999999999883,0.00633333333333333,0.019666666666666666
final,9,413540652594224130,2,12000,0.03,0.17,unacceptable,framework,withheld,0.0024999999999999883,0.00633333333333333,0.019666666666666666
final,10,987902409824995447,2,12000,0.03,0.17,unacceptable,pooled,supported,0.0002916666666666623,0.0028333333333333266,0.018000000000000002
final,10,987902409824995447,2,12000,0.03,0.17,unacceptable,per_feature,supported,0.0002916666666666623,0.0028333333333333266,0.018000000000000002
final,10,987902409824995447,2,12000,0.03,0.17,unacceptable,same_evidence,withheld,0.0002916666666666623,0.0028333333333333266,0.018000000000000002
final,10,987902409824995447,2,12000,0.03,0.17,unacceptable,framework,withheld,0.0002916666666666623,0.0028333333333333266,0.018000000000000002
final,11,1455756540929526402,2,12000,0.03,0.17,unacceptable,pooled,supported,0.003458333333333327,0.0037500000000000033,0.019333333333333338
final,11,1455756540929526402,2,12000,0.03,0.17,unacceptable,per_feature,supported,0.003458333333333327,0.0037500000000000033,0.019333333333333338
final,11,1455756540929526402,2,12000,0.03,0.17,unacceptable,same_evidence,withheld,0.003458333333333327,0.0037500000000000033,0.019333333333333338
final,11,1455756540929526402,2,12000,0.03,0.17,unacceptable,framework,withheld,0.003458333333333327,0.0037500000000000033,0.019333333333333338
final,12,3004345590464520249,2,12000,0.03,0.17,unacceptable,pooled,supported,0.003666666666666679,0.005083333333333329,0.01816666666666667
final,12,3004345590464520249,2,12000,0.03,0.17,unacceptable,per_feature,supported,0.003666666666666679,0.005083333333333329,0.01816666666666667
final,12,3004345590464520249,2,12000,0.03,0.17,unacceptable,same_evidence,withheld,0.003666666666666679,0.005083333333333329,0.01816666666666667
final,12,3004345590464520249,2,12000,0.03,0.17,unacceptable,framework,withheld,0.003666666666666679,0.005083333333333329,0.01816666666666667
final,13,703186091095133615,2,12000,0.03,0.17,unacceptable,pooled,supported,0.0027916666666666645,0.0038333333333333414,0.019583333333333335
final,13,703186091095133615,2,12000,0.03,0.17,unacceptable,per_feature,supported,0.0027916666666666645,0.0038333333333333414,0.019583333333333335
final,13,703186091095133615,2,12000,0.03,0.17,unacceptable,same_evidence,withheld,0.0027916666666666645,0.0038333333333333414,0.019583333333333335
final,13,703186091095133615,2,12000,0.03,0.17,unacceptable,framework,withheld,0.0027916666666666645,0.0038333333333333414,0.019583333333333335
final,14,2413782490560006655,2,12000,0.03,0.17,unacceptable,pooled,supported,0.005250000000000005,0.0059999999999999915,0.01791666666666667
final,14,2413782490560006655,2,12000,0.03,0.17,unacceptable,per_feature,supported,0.005250000000000005,0.0059999999999999915,0.01791666666666667
final,14,2413782490560006655,2,12000,0.03,0.17,unacceptable,same_evidence,withheld,0.005250000000000005,0.0059999999999999915,0.01791666666666667
final,14,2413782490560006655,2,12000,0.03,0.17,unacceptable,framework,withheld,0.005250000000000005,0.0059999999999999915,0.01791666666666667
final,15,721085832671651288,2,12000,0.03,0.17,unacceptable,pooled,supported,0.0028749999999999887,0.005249999999999991,0.020416666666666663
final,15,721085832671651288,2,12000,0.03,0.17,unacceptable,per_feature,supported,0.0028749999999999887,0.005249999999999991,0.020416666666666663
final,15,721085832671651288,2,12000,0.03,0.17,unacceptable,same_evidence,withheld,0.0028749999999999887,0.005249999999999991,0.020416666666666663
final,15,721085832671651288,2,12000,0.03,0.17,unacceptable,framework,withheld,0.0028749999999999887,0.005249999999999991,0.020416666666666663
final,16,4138419716344573062,2,12000,0.03,0.17,unacceptable,pooled,supported,0.0005833333333333246,0.0014166666666666633,0.022
final,16,4138419716344573062,2,12000,0.03,0.17,unacceptable,per_feature,supported,0.0005833333333333246,0.0014166666666666633,0.022
final,16,4138419716344573062,2,12000,0.03,0.17,unacceptable,same_evidence,withheld,0.0005833333333333246,0.0014166666666666633,0.022
final,16,4138419716344573062,2,12000,0.03,0.17,unacceptable,framework,withheld,0.0005833333333333246,0.0014166666666666633,0.022
final,17,4457343543450760784,2,12000,0.03,0.17,unacceptable,pooled,supported,0.002125000000000002,0.0026666666666666644,0.017750000000000002
final,17,4457343543450760784,2,12000,0.03,0.17,unacceptable,per_feature,supported,0.002125000000000002,0.0026666666666666644,0.017750000000000002
final,17,4457343543450760784,2,12000,0.03,0.17,unacceptable,same_evidence,withheld,0.002125000000000002,0.0026666666666666644,0.017750000000000002
final,17,4457343543450760784,2,12000,0.03,0.17,unacceptable,framework,withheld,0.002125000000000002,0.0026666666666666644,0.017750000000000002
final,18,2431571216699105606,2,12000,0.03,0.17,unacceptable,pooled,supported,0.0026666666666666644,0.003166666666666665,0.018666666666666668
final,18,2431571216699105606,2,12000,0.03,0.17,unacceptable,per_feature,supported,0.0026666666666666644,0.003166666666666665,0.018666666666666668
final,18,2431571216699105606,2,12000,0.03,0.17,unacceptable,same_evidence,withheld,0.0026666666666666644,0.003166666666666665,0.018666666666666668
final,18,2431571216699105606,2,12000,0.03,0.17,unacceptable,framework,withheld,0.0026666666666666644,0.003166666666666665,0.018666666666666668
final,19,276709041816622499,2,12000,0.03,0.17,unacceptable,pooled,supported,0.007583333333333331,0.009666666666666657,0.02416666666666667
final,19,276709041816622499,2,12000,0.03,0.17,unacceptable,per_feature,supported,0.007583333333333331,0.009666666666666657,0.02416666666666667
final,19,276709041816622499,2,12000,0.03,0.17,unacceptable,same_evidence,withheld,0.007583333333333331,0.009666666666666657,0.02416666666666667
final,19,276709041816622499,2,12000,0.03,0.17,unacceptable,framework,withheld,0.007583333333333331,0.009666666666666657,0.02416666666666667
final,20,473374898587935409,2,12000,0.03,0.17,unacceptable,pooled,supported,0.0020000000000000018,0.004916666666666666,0.019916666666666662
final,20,473374898587935409,2,12000,0.03,0.17,unacceptable,per_feature,supported,0.0020000000000000018,0.004916666666666666,0.019916666666666662
final,20,473374898587935409,2,12000,0.03,0.17,unacceptable,same_evidence,withheld,0.0020000000000000018,0.004916666666666666,0.019916666666666662
final,20,473374898587935409,2,12000,0.03,0.17,unacceptable,framework,withheld,0.0020000000000000018,0.004916666666666666,0.019916666666666662
final,21,3455550484030934303,2,12000,0.03,0.17,unacceptable,pooled,supported,0.0007916666666666766,0.003333333333333341,0.021
final,21,3455550484030934303,2,12000,0.03,0.17,unacceptable,per_feature,supported,0.0007916666666666766,0.003333333333333341,0.021
final,21,3455550484030934303,2,12000,0.03,0.17,unacceptable,same_evidence,withheld,0.0007916666666666766,0.003333333333333341,0.021
final,21,3455550484030934303,2,12000,0.03,0.17,unacceptable,framework,withheld,0.0007916666666666766,0.003333333333333341,0.021
final,22,1817944742452350188,2,12000,0.03,0.17,unacceptable,pooled,supported,0.0008750000000000008,0.0015000000000000013,0.017833333333333336
final,22,1817944742452350188,2,12000,0.03,0.17,unacceptable,per_feature,supported,0.0008750000000000008,0.0015000000000000013,0.017833333333333336
final,22,1817944742452350188,2,12000,0.03,0.17,unacceptable,same_evidence,withheld,0.0008750000000000008,0.0015000000000000013,0.017833333333333336
final,22,1817944742452350188,2,12000,0.03,0.17,unacceptable,framework,withheld,0.0008750000000000008,0.0015000000000000013,0.017833333333333336
final,23,2900173225179886812,2,12000,0.03,0.17,unacceptable,pooled,supported,0.0013333333333333253,0.0038333333333333275,0.01783333333333333
final,23,2900173225179886812,2,12000,0.03,0.17,unacceptable,per_feature,supported,0.0013333333333333253,0.0038333333333333275,0.01783333333333333
final,23,2900173225179886812,2,12000,0.03,0.17,unacceptable,same_evidence,withheld,0.0013333333333333253,0.0038333333333333275,0.01783333333333333
final,23,2900173225179886812,2,12000,0.03,0.17,unacceptable,framework,withheld,0.0013333333333333253,0.0038333333333333275,0.01783333333333333
final,24,2848160256334836924,2,12000,0.03,0.17,unacceptable,pooled,supported,0.003374999999999989,0.004250000000000004,0.02125
final,24,2848160256334836924,2,12000,0.03,0.17,unacceptable,per_feature,supported,0.003374999999999989,0.004250000000000004,0.02125
final,24,2848160256334836924,2,12000,0.03,0.17,unacceptable,same_evidence,withheld,0.003374999999999989,0.004250000000000004,0.02125
final,24,2848160256334836924,2,12000,0.03,0.17,unacceptable,framework,withheld,0.003374999999999989,0.004250000000000004,0.02125
final,25,1579300550421837449,2,12000,0.03,0.17,unacceptable,pooled,supported,0.003583333333333341,0.004833333333333342,0.020583333333333332
final,25,1579300550421837449,2,12000,0.03,0.17,unacceptable,per_feature,supported,0.003583333333333341,0.004833333333333342,0.020583333333333332
final,25,1579300550421837449,2,12000,0.03,0.17,unacceptable,same_evidence,withheld,0.003583333333333341,0.004833333333333342,0.020583333333333332
final,25,1579300550421837449,2,12000,0.03,0.17,unacceptable,framework,withheld,0.003583333333333341,0.004833333333333342,0.020583333333333332
final,26,3515537648126653202,2,12000,0.03,0.17,unacceptable,pooled,supported,0.001041666666666649,0.0014999999999999875,0.020333333333333335
final,26,3515537648126653202,2,12000,0.03,0.17,unacceptable,per_feature,supported,0.001041666666666649,0.0014999999999999875,0.020333333333333335
final,26,3515537648126653202,2,12000,0.03,0.17,unacceptable,same_evidence,withheld,0.001041666666666649,0.0014999999999999875,0.020333333333333335
final,26,3515537648126653202,2,12000,0.03,0.17,unacceptable,framework,withheld,0.001041666666666649,0.0014999999999999875,0.020333333333333335
final,27,724770760477749658,2,12000,0.03,0.17,unacceptable,pooled,supported,0.0018750000000000017,0.006999999999999992,0.02008333333333334
final,27,724770760477749658,2,12000,0.03,0.17,unacceptable,per_feature,supported,0.0018750000000000017,0.006999999999999992,0.02008333333333334
final,27,724770760477749658,2,12000,0.03,0.17,unacceptable,same_evidence,withheld,0.0018750000000000017,0.006999999999999992,0.02008333333333334
final,27,724770760477749658,2,12000,0.03,0.17,unacceptable,framework,withheld,0.0018750000000000017,0.006999999999999992,0.02008333333333334
final,28,2448781017828397981,2,12000,0.03,0.17,unacceptable,pooled,supported,0.0030833333333333407,0.004833333333333328,0.019416666666666665
final,28,2448781017828397981,2,12000,0.03,0.17,unacceptable,per_feature,supported,0.0030833333333333407,0.004833333333333328,0.019416666666666665
final,28,2448781017828397981,2,12000,0.03,0.17,unacceptable,same_evidence,withheld,0.0030833333333333407,0.004833333333333328,0.019416666666666665
final,28,2448781017828397981,2,12000,0.03,0.17,unacceptable,framework,withheld,0.0030833333333333407,0.004833333333333328,0.019416666666666665
final,29,2993172709981616895,2,12000,0.03,0.17,unacceptable,pooled,supported,0.0014166666666666772,0.0040000000000000036,0.018166666666666664
final,29,2993172709981616895,2,12000,0.03,0.17,unacceptable,per_feature,supported,0.0014166666666666772,0.0040000000000000036,0.018166666666666664
final,29,2993172709981616895,2,12000,0.03,0.17,unacceptable,same_evidence,withheld,0.0014166666666666772,0.0040000000000000036,0.018166666666666664
final,29,2993172709981616895,2,12000,0.03,0.17,unacceptable,framework,withheld,0.0014166666666666772,0.0040000000000000036,0.018166666666666664
final,30,588923850326889201,2,12000,0.03,0.17,unacceptable,pooled,supported,0.00016666666666667607,0.001083333333333339,0.019416666666666665
final,30,588923850326889201,2,12000,0.03,0.17,unacceptable,per_feature,supported,0.00016666666666667607,0.001083333333333339,0.019416666666666665
final,30,588923850326889201,2,12000,0.03,0.17,unacceptable,same_evidence,withheld,0.00016666666666667607,0.001083333333333339,0.019416666666666665
final,30,588923850326889201,2,12000,0.03,0.17,unacceptable,framework,withheld,0.00016666666666667607,0.001083333333333339,0.019416666666666665
final,31,2713033543545936986,2,12000,0.03,0.17,unacceptable,pooled,supported,0.0005000000000000004,0.002416666666666664,0.015916666666666662
final,31,2713033543545936986,2,12000,0.03,0.17,unacceptable,per_feature,supported,0.0005000000000000004,0.002416666666666664,0.015916666666666662
final,31,2713033543545936986,2,12000,0.03,0.17,unacceptable,same_evidence,withheld,0.0005000000000000004,0.002416666666666664,0.015916666666666662
final,31,2713033543545936986,2,12000,0.03,0.17,unacceptable,framework,withheld,0.0005000000000000004,0.002416666666666664,0.015916666666666662
final,32,398665667491999469,2,12000,0.03,0.17,unacceptable,pooled,supported,0.0004166666666666763,0.0029166666666666646,0.0185
final,32,398665667491999469,2,12000,0.03,0.17,unacceptable,per_feature,supported,0.0004166666666666763,0.0029166666666666646,0.0185
final,32,398665667491999469,2,12000,0.03,0.17,unacceptable,same_evidence,withheld,0.0004166666666666763,0.0029166666666666646,0.0185
final,32,398665667491999469,2,12000,0.03,0.17,unacceptable,framework,withheld,0.0004166666666666763,0.0029166666666666646,0.0185
final,33,3369536717474997924,2,12000,0.03,0.17,unacceptable,pooled,supported,0.0002500000000000002,0.003250000000000003,0.01966666666666667
final,33,3369536717474997924,2,12000,0.03,0.17,unacceptable,per_feature,supported,0.0002500000000000002,0.003250000000000003,0.01966666666666667
final,33,3369536717474997924,2,12000,0.03,0.17,unacceptable,same_evidence,withheld,0.0002500000000000002,0.003250000000000003,0.01966666666666667
final,33,3369536717474997924,2,12000,0.03,0.17,unacceptable,framework,withheld,0.0002500000000000002,0.003250000000000003,0.01966666666666667
final,34,4092978806910128474,2,12000,0.03,0.17,unacceptable,pooled,supported,0.00037500000000000033,0.002083333333333326,0.019583333333333335
final,34,4092978806910128474,2,12000,0.03,0.17,unacceptable,per_feature,supported,0.00037500000000000033,0.002083333333333326,0.019583333333333335
final,34,4092978806910128474,2,12000,0.03,0.17,unacceptable,same_evidence,withheld,0.00037500000000000033,0.002083333333333326,0.019583333333333335
final,34,4092978806910128474,2,12000,0.03,0.17,unacceptable,framework,withheld,0.00037500000000000033,0.002083333333333326,0.019583333333333335
final,35,1232911122296031505,2,12000,0.03,0.17,unacceptable,pooled,supported,0.0009583333333333249,0.0015000000000000013,0.020250000000000004
final,35,1232911122296031505,2,12000,0.03,0.17,unacceptable,per_feature,supported,0.0009583333333333249,0.0015000000000000013,0.020250000000000004
final,35,1232911122296031505,2,12000,0.03,0.17,unacceptable,same_evidence,withheld,0.0009583333333333249,0.0015000000000000013,0.020250000000000004
final,35,1232911122296031505,2,12000,0.03,0.17,unacceptable,framework,withheld,0.0009583333333333249,0.0015000000000000013,0.020250000000000004
final,36,782292690100331003,2,12000,0.03,0.17,unacceptable,pooled,supported,0.0005833333333333385,0.0019166666666666637,0.01966666666666667
final,36,782292690100331003,2,12000,0.03,0.17,unacceptable,per_feature,supported,0.0005833333333333385,0.0019166666666666637,0.01966666666666667
final,36,782292690100331003,2,12000,0.03,0.17,unacceptable,same_evidence,withheld,0.0005833333333333385,0.0019166666666666637,0.01966666666666667
final,36,782292690100331003,2,12000,0.03,0.17,unacceptable,framework,withheld,0.0005833333333333385,0.0019166666666666637,0.01966666666666667
final,37,1424573274835349639,2,12000,0.03,0.17,unacceptable,pooled,supported,0.0030000000000000027,0.0037500000000000033,0.020916666666666663
final,37,1424573274835349639,2,12000,0.03,0.17,unacceptable,per_feature,supported,0.0030000000000000027,0.0037500000000000033,0.020916666666666663
final,37,1424573274835349639,2,12000,0.03,0.17,unacceptable,same_evidence,withheld,0.0030000000000000027,0.0037500000000000033,0.020916666666666663
final,37,1424573274835349639,2,12000,0.03,0.17,unacceptable,framework,withheld,0.0030000000000000027,0.0037500000000000033,0.020916666666666663
final,38,3553406634389755134,2,12000,0.03,0.17,unacceptable,pooled,supported,0.002250000000000002,0.004250000000000004,0.019250000000000003
final,38,3553406634389755134,2,12000,0.03,0.17,unacceptable,per_feature,supported,0.002250000000000002,0.004250000000000004,0.019250000000000003
final,38,3553406634389755134,2,12000,0.03,0.17,unacceptable,same_evidence,withheld,0.002250000000000002,0.004250000000000004,0.019250000000000003
final,38,3553406634389755134,2,12000,0.03,0.17,unacceptable,framework,withheld,0.002250000000000002,0.004250000000000004,0.019250000000000003
final,39,368033310930651739,2,12000,0.03,0.17,unacceptable,pooled,supported,0.002250000000000002,0.003250000000000003,0.022916666666666665
final,39,368033310930651739,2,12000,0.03,0.17,unacceptable,per_feature,supported,0.002250000000000002,0.003250000000000003,0.022916666666666665
final,39,368033310930651739,2,12000,0.03,0.17,unacceptable,same_evidence,withheld,0.002250000000000002,0.003250000000000003,0.022916666666666665
final,39,368033310930651739,2,12000,0.03,0.17,unacceptable,framework,withheld,0.002250000000000002,0.003250000000000003,0.022916666666666665
final,40,3460963807711831523,2,12000,0.03,0.17,unacceptable,pooled,supported,0.0006250000000000144,0.0027500000000000024,0.020166666666666663
final,40,3460963807711831523,2,12000,0.03,0.17,unacceptable,per_feature,supported,0.0006250000000000144,0.0027500000000000024,0.020166666666666663
final,40,3460963807711831523,2,12000,0.03,0.17,unacceptable,same_evidence,withheld,0.0006250000000000144,0.0027500000000000024,0.020166666666666663
final,40,3460963807711831523,2,12000,0.03,0.17,unacceptable,framework,withheld,0.0006250000000000144,0.0027500000000000024,0.020166666666666663
final,41,4482503409582292055,2,12000,0.03,0.17,unacceptable,pooled,supported,0.0005416666666666625,0.003583333333333341,0.022333333333333334
final,41,4482503409582292055,2,12000,0.03,0.17,unacceptable,per_feature,supported,0.0005416666666666625,0.003583333333333341,0.022333333333333334
final,41,4482503409582292055,2,12000,0.03,0.17,unacceptable,same_evidence,withheld,0.0005416666666666625,0.003583333333333341,0.022333333333333334
final,41,4482503409582292055,2,12000,0.03,0.17,unacceptable,framework,withheld,0.0005416666666666625,0.003583333333333341,0.022333333333333334
final,42,927905215735556549,2,12000,0.03,0.17,unacceptable,pooled,supported,0.003666666666666679,0.005166666666666667,0.018500000000000003
final,42,927905215735556549,2,12000,0.03,0.17,unacceptable,per_feature,supported,0.003666666666666679,0.005166666666666667,0.018500000000000003
final,42,927905215735556549,2,12000,0.03,0.17,unacceptable,same_evidence,withheld,0.003666666666666679,0.005166666666666667,0.018500000000000003
final,42,927905215735556549,2,12000,0.03,0.17,unacceptable,framework,withheld,0.003666666666666679,0.005166666666666667,0.018500000000000003
final,43,4360673714728833412,2,12000,0.03,0.17,unacceptable,pooled,supported,0.000125000000000014,0.0039166666666666655,0.019666666666666666
final,43,4360673714728833412,2,12000,0.03,0.17,unacceptable,per_feature,supported,0.000125000000000014,0.0039166666666666655,0.019666666666666666
final,43,4360673714728833412,2,12000,0.03,0.17,unacceptable,same_evidence,withheld,0.000125000000000014,0.0039166666666666655,0.019666666666666666
final,43,4360673714728833412,2,12000,0.03,0.17,unacceptable,framework,withheld,0.000125000000000014,0.0039166666666666655,0.019666666666666666
final,44,4520286977149015102,2,12000,0.03,0.17,unacceptable,pooled,supported,0.004583333333333328,0.005250000000000005,0.01908333333333333
final,44,4520286977149015102,2,12000,0.03,0.17,unacceptable,per_feature,supported,0.004583333333333328,0.005250000000000005,0.01908333333333333
final,44,4520286977149015102,2,12000,0.03,0.17,unacceptable,same_evidence,withheld,0.004583333333333328,0.005250000000000005,0.01908333333333333
final,44,4520286977149015102,2,12000,0.03,0.17,unacceptable,framework,withheld,0.004583333333333328,0.005250000000000005,0.01908333333333333
final,45,2926141823373316924,2,12000,0.03,0.17,unacceptable,pooled,supported,0.0018749999999999878,0.0037500000000000033,0.02258333333333333
final,45,2926141823373316924,2,12000,0.03,0.17,unacceptable,per_feature,supported,0.0018749999999999878,0.0037500000000000033,0.02258333333333333
final,45,2926141823373316924,2,12000,0.03,0.17,unacceptable,same_evidence,withheld,0.0018749999999999878,0.0037500000000000033,0.02258333333333333
final,45,2926141823373316924,2,12000,0.03,0.17,unacceptable,framework,withheld,0.0018749999999999878,0.0037500000000000033,0.02258333333333333
final,46,2705321277099487136,2,12000,0.03,0.17,unacceptable,pooled,supported,0.0005000000000000004,0.0016666666666666635,0.020833333333333336
final,46,2705321277099487136,2,12000,0.03,0.17,unacceptable,per_feature,supported,0.0005000000000000004,0.0016666666666666635,0.020833333333333336
final,46,2705321277099487136,2,12000,0.03,0.17,unacceptable,same_evidence,withheld,0.0005000000000000004,0.0016666666666666635,0.020833333333333336
final,46,2705321277099487136,2,12000,0.03,0.17,unacceptable,framework,withheld,0.0005000000000000004,0.0016666666666666635,0.020833333333333336
final,47,165411929939736090,2,12000,0.03,0.17,unacceptable,pooled,supported,0.001041666666666663,0.0028333333333333266,0.019249999999999996
final,47,165411929939736090,2,12000,0.03,0.17,unacceptable,per_feature,supported,0.001041666666666663,0.0028333333333333266,0.019249999999999996
final,47,165411929939736090,2,12000,0.03,0.17,unacceptable,same_evidence,withheld,0.001041666666666663,0.0028333333333333266,0.019249999999999996
final,47,165411929939736090,2,12000,0.03,0.17,unacceptable,framework,withheld,0.001041666666666663,0.0028333333333333266,0.019249999999999996
final,48,1110140228232366729,2,12000,0.03,0.17,unacceptable,pooled,supported,0.005500000000000005,0.0060833333333333295,0.024666666666666663
final,48,1110140228232366729,2,12000,0.03,0.17,unacceptable,per_feature,supported,0.005500000000000005,0.0060833333333333295,0.024666666666666663
final,48,1110140228232366729,2,12000,0.03,0.17,unacceptable,same_evidence,withheld,0.005500000000000005,0.0060833333333333295,0.024666666666666663
final,48,1110140228232366729,2,12000,0.03,0.17,unacceptable,framework,withheld,0.005500000000000005,0.0060833333333333295,0.024666666666666663
final,49,3772401873779556318,2,12000,0.03,0.17,unacceptable,pooled,supported,0.0013333333333333253,0.002333333333333326,0.02175
final,49,3772401873779556318,2,12000,0.03,0.17,unacceptable,per_feature,supported,0.0013333333333333253,0.002333333333333326,0.02175
final,49,3772401873779556318,2,12000,0.03,0.17,unacceptable,same_evidence,withheld,0.0013333333333333253,0.002333333333333326,0.02175
final,49,3772401873779556318,2,12000,0.03,0.17,unacceptable,framework,withheld,0.0013333333333333253,0.002333333333333326,0.02175
final,50,2225745383277567017,2,12000,0.03,0.17,unacceptable,pooled,supported,0.000999999999999987,0.0018333333333333257,0.019916666666666662
final,50,2225745383277567017,2,12000,0.03,0.17,unacceptable,per_feature,supported,0.000999999999999987,0.0018333333333333257,0.019916666666666662
final,50,2225745383277567017,2,12000,0.03,0.17,unacceptable,same_evidence,withheld,0.000999999999999987,0.0018333333333333257,0.019916666666666662
final,50,2225745383277567017,2,12000,0.03,0.17,unacceptable,framework,withheld,0.000999999999999987,0.0018333333333333257,0.019916666666666662
final,51,1593291401319164648,2,12000,0.03,0.17,unacceptable,pooled,supported,0.002083333333333326,0.0027500000000000024,0.016833333333333332
final,51,1593291401319164648,2,12000,0.03,0.17,unacceptable,per_feature,supported,0.002083333333333326,0.0027500000000000024,0.016833333333333332
final,51,1593291401319164648,2,12000,0.03,0.17,unacceptable,same_evidence,withheld,0.002083333333333326,0.0027500000000000024,0.016833333333333332
final,51,1593291401319164648,2,12000,0.03,0.17,unacceptable,framework,withheld,0.002083333333333326,0.0027500000000000024,0.016833333333333332
final,52,2358869199841126651,2,12000,0.03,0.17,unacceptable,pooled,supported,0.00449999999999999,0.005833333333333329,0.01666666666666667
final,52,2358869199841126651,2,12000,0.03,0.17,unacceptable,per_feature,supported,0.00449999999999999,0.005833333333333329,0.01666666666666667
final,52,2358869199841126651,2,12000,0.03,0.17,unacceptable,same_evidence,withheld,0.00449999999999999,0.005833333333333329,0.01666666666666667
final,52,2358869199841126651,2,12000,0.03,0.17,unacceptable,framework,withheld,0.00449999999999999,0.005833333333333329,0.01666666666666667
final,53,4569313570354385453,2,12000,0.03,0.17,unacceptable,pooled,supported,0.005249999999999991,0.00633333333333333,0.025083333333333332
final,53,4569313570354385453,2,12000,0.03,0.17,unacceptable,per_feature,supported,0.005249999999999991,0.00633333333333333,0.025083333333333332
final,53,4569313570354385453,2,12000,0.03,0.17,unacceptable,same_evidence,withheld,0.005249999999999991,0.00633333333333333,0.025083333333333332
final,53,4569313570354385453,2,12000,0.03,0.17,unacceptable,framework,withheld,0.005249999999999991,0.00633333333333333,0.025083333333333332
final,54,2419276678636718677,2,12000,0.03,0.17,unacceptable,pooled,supported,0.002166666666666678,0.0030000000000000027,0.019416666666666665
final,54,2419276678636718677,2,12000,0.03,0.17,unacceptable,per_feature,supported,0.002166666666666678,0.0030000000000000027,0.019416666666666665
final,54,2419276678636718677,2,12000,0.03,0.17,unacceptable,same_evidence,withheld,0.002166666666666678,0.0030000000000000027,0.019416666666666665
final,54,2419276678636718677,2,12000,0.03,0.17,unacceptable,framework,withheld,0.002166666666666678,0.0030000000000000027,0.019416666666666665
final,55,311862715070365008,2,12000,0.03,0.17,unacceptable,pooled,supported,0.002250000000000002,0.003083333333333327,0.020250000000000004
final,55,311862715070365008,2,12000,0.03,0.17,unacceptable,per_feature,supported,0.002250000000000002,0.003083333333333327,0.020250000000000004
final,55,311862715070365008,2,12000,0.03,0.17,unacceptable,same_evidence,withheld,0.002250000000000002,0.003083333333333327,0.020250000000000004
final,55,311862715070365008,2,12000,0.03,0.17,unacceptable,framework,withheld,0.002250000000000002,0.003083333333333327,0.020250000000000004
final,56,487853259687429860,2,12000,0.03,0.17,unacceptable,pooled,supported,0.004333333333333342,0.005666666666666667,0.017
final,56,487853259687429860,2,12000,0.03,0.17,unacceptable,per_feature,supported,0.004333333333333342,0.005666666666666667,0.017
final,56,487853259687429860,2,12000,0.03,0.17,unacceptable,same_evidence,withheld,0.004333333333333342,0.005666666666666667,0.017
final,56,487853259687429860,2,12000,0.03,0.17,unacceptable,framework,withheld,0.004333333333333342,0.005666666666666667,0.017
final,57,4488654790188465747,2,12000,0.03,0.17,unacceptable,pooled,supported,0.0036666666666666514,0.004250000000000004,0.019333333333333334
final,57,4488654790188465747,2,12000,0.03,0.17,unacceptable,per_feature,supported,0.0036666666666666514,0.004250000000000004,0.019333333333333334
final,57,4488654790188465747,2,12000,0.03,0.17,unacceptable,same_evidence,withheld,0.0036666666666666514,0.004250000000000004,0.019333333333333334
final,57,4488654790188465747,2,12000,0.03,0.17,unacceptable,framework,withheld,0.0036666666666666514,0.004250000000000004,0.019333333333333334
final,58,1620606806918232492,2,12000,0.03,0.17,unacceptable,pooled,supported,0.0010000000000000009,0.0014166666666666633,0.023249999999999996
final,58,1620606806918232492,2,12000,0.03,0.17,unacceptable,per_feature,supported,0.0010000000000000009,0.0014166666666666633,0.023249999999999996
final,58,1620606806918232492,2,12000,0.03,0.17,unacceptable,same_evidence,withheld,0.0010000000000000009,0.0014166666666666633,0.023249999999999996
final,58,1620606806918232492,2,12000,0.03,0.17,unacceptable,framework,withheld,0.0010000000000000009,0.0014166666666666633,0.023249999999999996
final,59,76937001268148248,2,12000,0.03,0.17,unacceptable,pooled,supported,0.0009583333333333388,0.002166666666666678,0.018750000000000003
final,59,76937001268148248,2,12000,0.03,0.17,unacceptable,per_feature,supported,0.0009583333333333388,0.002166666666666678,0.018750000000000003
final,59,76937001268148248,2,12000,0.03,0.17,unacceptable,same_evidence,withheld,0.0009583333333333388,0.002166666666666678,0.018750000000000003
final,59,76937001268148248,2,12000,0.03,0.17,unacceptable,framework,withheld,0.0009583333333333388,0.002166666666666678,0.018750000000000003
final,60,2774670575298196234,2,12000,0.03,0.17,unacceptable,pooled,supported,0.004166666666666666,0.005249999999999991,0.018166666666666664
final,60,2774670575298196234,2,12000,0.03,0.17,unacceptable,per_feature,supported,0.004166666666666666,0.005249999999999991,0.018166666666666664
final,60,2774670575298196234,2,12000,0.03,0.17,unacceptable,same_evidence,withheld,0.004166666666666666,0.005249999999999991,0.018166666666666664
final,60,2774670575298196234,2,12000,0.03,0.17,unacceptable,framework,withheld,0.004166666666666666,0.005249999999999991,0.018166666666666664
final,61,1262033786489610686,2,12000,0.03,0.17,unacceptable,pooled,supported,0.0027916666666666645,0.004916666666666666,0.022666666666666665
final,61,1262033786489610686,2,12000,0.03,0.17,unacceptable,per_feature,supported,0.0027916666666666645,0.004916666666666666,0.022666666666666665
final,61,1262033786489610686,2,12000,0.03,0.17,unacceptable,same_evidence,withheld,0.0027916666666666645,0.004916666666666666,0.022666666666666665
final,61,1262033786489610686,2,12000,0.03,0.17,unacceptable,framework,withheld,0.0027916666666666645,0.004916666666666666,0.022666666666666665
final,62,3247035589295008146,2,12000,0.03,0.17,unacceptable,pooled,supported,0.0019166666666666776,0.005333333333333343,0.023666666666666666
final,62,3247035589295008146,2,12000,0.03,0.17,unacceptable,per_feature,supported,0.0019166666666666776,0.005333333333333343,0.023666666666666666
final,62,3247035589295008146,2,12000,0.03,0.17,unacceptable,same_evidence,withheld,0.0019166666666666776,0.005333333333333343,0.023666666666666666
final,62,3247035589295008146,2,12000,0.03,0.17,unacceptable,framework,withheld,0.0019166666666666776,0.005333333333333343,0.023666666666666666
final,63,352765108557466467,2,12000,0.03,0.17,unacceptable,pooled,supported,0.0014166666666666633,0.004916666666666666,0.02333333333333333
final,63,352765108557466467,2,12000,0.03,0.17,unacceptable,per_feature,supported,0.0014166666666666633,0.004916666666666666,0.02333333333333333
final,63,352765108557466467,2,12000,0.03,0.17,unacceptable,same_evidence,withheld,0.0014166666666666633,0.004916666666666666,0.02333333333333333
final,63,352765108557466467,2,12000,0.03,0.17,unacceptable,framework,withheld,0.0014166666666666633,0.004916666666666666,0.02333333333333333
final,64,317493922045713921,2,12000,0.03,0.17,unacceptable,pooled,supported,0.0013749999999999873,0.0038333333333333275,0.017833333333333333
final,64,317493922045713921,2,12000,0.03,0.17,unacceptable,per_feature,supported,0.0013749999999999873,0.0038333333333333275,0.017833333333333333
final,64,317493922045713921,2,12000,0.03,0.17,unacceptable,same_evidence,withheld,0.0013749999999999873,0.0038333333333333275,0.017833333333333333
final,64,317493922045713921,2,12000,0.03,0.17,unacceptable,framework,withheld,0.0013749999999999873,0.0038333333333333275,0.017833333333333333
final,65,3609599520345785904,2,12000,0.03,0.17,unacceptable,pooled,supported,0.001166666666666677,0.0015000000000000013,0.017833333333333333
final,65,3609599520345785904,2,12000,0.03,0.17,unacceptable,per_feature,supported,0.001166666666666677,0.0015000000000000013,0.017833333333333333
final,65,3609599520345785904,2,12000,0.03,0.17,unacceptable,same_evidence,withheld,0.001166666666666677,0.0015000000000000013,0.017833333333333333
final,65,3609599520345785904,2,12000,0.03,0.17,unacceptable,framework,withheld,0.001166666666666677,0.0015000000000000013,0.017833333333333333
final,66,1323696724711423999,2,12000,0.03,0.17,unacceptable,pooled,supported,0.0006666666666666765,0.003250000000000003,0.021083333333333336
final,66,1323696724711423999,2,12000,0.03,0.17,unacceptable,per_feature,supported,0.0006666666666666765,0.003250000000000003,0.021083333333333336
final,66,1323696724711423999,2,12000,0.03,0.17,unacceptable,same_evidence,withheld,0.0006666666666666765,0.003250000000000003,0.021083333333333336
final,66,1323696724711423999,2,12000,0.03,0.17,unacceptable,framework,withheld,0.0006666666666666765,0.003250000000000003,0.021083333333333336
final,67,2298584181267646711,2,12000,0.03,0.17,unacceptable,pooled,supported,0.007625000000000007,0.00841666666666667,0.025166666666666664
final,67,2298584181267646711,2,12000,0.03,0.17,unacceptable,per_feature,supported,0.007625000000000007,0.00841666666666667,0.025166666666666664
final,67,2298584181267646711,2,12000,0.03,0.17,unacceptable,same_evidence,withheld,0.007625000000000007,0.00841666666666667,0.025166666666666664
final,67,2298584181267646711,2,12000,0.03,0.17,unacceptable,framework,withheld,0.007625000000000007,0.00841666666666667,0.025166666666666664
final,68,1979717591666532953,2,12000,0.03,0.17,unacceptable,pooled,supported,0.0,0.0020000000000000018,0.019
final,68,1979717591666532953,2,12000,0.03,0.17,unacceptable,per_feature,supported,0.0,0.0020000000000000018,0.019
final,68,1979717591666532953,2,12000,0.03,0.17,unacceptable,same_evidence,withheld,0.0,0.0020000000000000018,0.019
final,68,1979717591666532953,2,12000,0.03,0.17,unacceptable,framework,withheld,0.0,0.0020000000000000018,0.019
final,69,2882864830529216836,2,12000,0.03,0.17,unacceptable,pooled,supported,8.333333333333803e-05,0.0018333333333333396,0.019250000000000003
final,69,2882864830529216836,2,12000,0.03,0.17,unacceptable,per_feature,supported,8.333333333333803e-05,0.0018333333333333396,0.019250000000000003
final,69,2882864830529216836,2,12000,0.03,0.17,unacceptable,same_evidence,withheld,8.333333333333803e-05,0.0018333333333333396,0.019250000000000003
final,69,2882864830529216836,2,12000,0.03,0.17,unacceptable,framework,withheld,8.333333333333803e-05,0.0018333333333333396,0.019250000000000003
final,70,4503689442422034571,2,12000,0.03,0.17,unacceptable,pooled,supported,0.0014583333333333393,0.0015833333333333394,0.018916666666666665
final,70,4503689442422034571,2,12000,0.03,0.17,unacceptable,per_feature,supported,0.0014583333333333393,0.0015833333333333394,0.018916666666666665
final,70,4503689442422034571,2,12000,0.03,0.17,unacceptable,same_evidence,withheld,0.0014583333333333393,0.0015833333333333394,0.018916666666666665
final,70,4503689442422034571,2,12000,0.03,0.17,unacceptable,framework,withheld,0.0014583333333333393,0.0015833333333333394,0.018916666666666665
final,71,791221262203689983,2,12000,0.03,0.17,unacceptable,pooled,supported,0.0038333333333333275,0.005583333333333329,0.025666666666666667
final,71,791221262203689983,2,12000,0.03,0.17,unacceptable,per_feature,supported,0.0038333333333333275,0.005583333333333329,0.025666666666666667
final,71,791221262203689983,2,12000,0.03,0.17,unacceptable,same_evidence,withheld,0.0038333333333333275,0.005583333333333329,0.025666666666666667
final,71,791221262203689983,2,12000,0.03,0.17,unacceptable,framework,withheld,0.0038333333333333275,0.005583333333333329,0.025666666666666667
final,72,1231395757488234554,2,12000,0.03,0.17,unacceptable,pooled,supported,0.0023749999999999882,0.004416666666666666,0.017416666666666664
final,72,1231395757488234554,2,12000,0.03,0.17,unacceptable,per_feature,supported,0.0023749999999999882,0.004416666666666666,0.017416666666666664
final,72,1231395757488234554,2,12000,0.03,0.17,unacceptable,same_evidence,withheld,0.0023749999999999882,0.004416666666666666,0.017416666666666664
final,72,1231395757488234554,2,12000,0.03,0.17,unacceptable,framework,withheld,0.0023749999999999882,0.004416666666666666,0.017416666666666664
final,73,2877741860146084441,2,12000,0.03,0.17,unacceptable,pooled,supported,0.0002916666666666623,0.0018333333333333396,0.020583333333333332
final,73,2877741860146084441,2,12000,0.03,0.17,unacceptable,per_feature,supported,0.0002916666666666623,0.0018333333333333396,0.020583333333333332
final,73,2877741860146084441,2,12000,0.03,0.17,unacceptable,same_evidence,withheld,0.0002916666666666623,0.0018333333333333396,0.020583333333333332
final,73,2877741860146084441,2,12000,0.03,0.17,unacceptable,framework,withheld,0.0002916666666666623,0.0018333333333333396,0.020583333333333332
final,74,3147549570135728250,2,12000,0.03,0.17,unacceptable,pooled,supported,0.004166666666666652,0.005249999999999991,0.014916666666666668
final,74,3147549570135728250,2,12000,0.03,0.17,unacceptable,per_feature,supported,0.004166666666666652,0.005249999999999991,0.014916666666666668
final,74,3147549570135728250,2,12000,0.03,0.17,unacceptable,same_evidence,withheld,0.004166666666666652,0.005249999999999991,0.014916666666666668
final,74,3147549570135728250,2,12000,0.03,0.17,unacceptable,framework,withheld,0.004166666666666652,0.005249999999999991,0.014916666666666668
final,75,764446349936884759,2,12000,0.03,0.17,unacceptable,pooled,supported,0.00045833333333333837,0.0050833333333333425,0.021916666666666664
final,75,764446349936884759,2,12000,0.03,0.17,unacceptable,per_feature,supported,0.00045833333333333837,0.0050833333333333425,0.021916666666666664
final,75,764446349936884759,2,12000,0.03,0.17,unacceptable,same_evidence,withheld,0.00045833333333333837,0.0050833333333333425,0.021916666666666664
final,75,764446349936884759,2,12000,0.03,0.17,unacceptable,framework,withheld,0.00045833333333333837,0.0050833333333333425,0.021916666666666664
final,76,393757896404531133,2,12000,0.03,0.17,unacceptable,pooled,supported,0.004875000000000018,0.007416666666666669,0.01825
final,76,393757896404531133,2,12000,0.03,0.17,unacceptable,per_feature,supported,0.004875000000000018,0.007416666666666669,0.01825
final,76,393757896404531133,2,12000,0.03,0.17,unacceptable,same_evidence,withheld,0.004875000000000018,0.007416666666666669,0.01825
final,76,393757896404531133,2,12000,0.03,0.17,unacceptable,framework,withheld,0.004875000000000018,0.007416666666666669,0.01825
final,77,2984308408285221467,2,12000,0.03,0.17,unacceptable,pooled,supported,0.004333333333333328,0.004666666666666666,0.019833333333333335
final,77,2984308408285221467,2,12000,0.03,0.17,unacceptable,per_feature,supported,0.004333333333333328,0.004666666666666666,0.019833333333333335
final,77,2984308408285221467,2,12000,0.03,0.17,unacceptable,same_evidence,withheld,0.004333333333333328,0.004666666666666666,0.019833333333333335
final,77,2984308408285221467,2,12000,0.03,0.17,unacceptable,framework,withheld,0.004333333333333328,0.004666666666666666,0.019833333333333335
final,78,3882889600616525029,2,12000,0.03,0.17,unacceptable,pooled,supported,0.005541666666666667,0.005750000000000005,0.0165
final,78,3882889600616525029,2,12000,0.03,0.17,unacceptable,per_feature,supported,0.005541666666666667,0.005750000000000005,0.0165
final,78,3882889600616525029,2,12000,0.03,0.17,unacceptable,same_evidence,withheld,0.005541666666666667,0.005750000000000005,0.0165
final,78,3882889600616525029,2,12000,0.03,0.17,unacceptable,framework,withheld,0.005541666666666667,0.005750000000000005,0.0165
final,79,4408386606728845528,2,12000,0.03,0.17,unacceptable,pooled,supported,0.003375000000000003,0.003500000000000003,0.02091666666666667
final,79,4408386606728845528,2,12000,0.03,0.17,unacceptable,per_feature,supported,0.003375000000000003,0.003500000000000003,0.02091666666666667
final,79,4408386606728845528,2,12000,0.03,0.17,unacceptable,same_evidence,withheld,0.003375000000000003,0.003500000000000003,0.02091666666666667
final,79,4408386606728845528,2,12000,0.03,0.17,unacceptable,framework,withheld,0.003375000000000003,0.003500000000000003,0.02091666666666667
final,80,523342151240125939,2,12000,0.03,0.17,unacceptable,pooled,supported,0.0005833333333333246,0.003249999999999989,0.022583333333333337
final,80,523342151240125939,2,12000,0.03,0.17,unacceptable,per_feature,supported,0.0005833333333333246,0.003249999999999989,0.022583333333333337
final,80,523342151240125939,2,12000,0.03,0.17,unacceptable,same_evidence,withheld,0.0005833333333333246,0.003249999999999989,0.022583333333333337
final,80,523342151240125939,2,12000,0.03,0.17,unacceptable,framework,withheld,0.0005833333333333246,0.003249999999999989,0.022583333333333337
final,81,1162412902570642446,2,12000,0.03,0.17,unacceptable,pooled,supported,0.00033333333333333826,0.001083333333333339,0.020166666666666663
final,81,1162412902570642446,2,12000,0.03,0.17,unacceptable,per_feature,supported,0.00033333333333333826,0.001083333333333339,0.020166666666666663
final,81,1162412902570642446,2,12000,0.03,0.17,unacceptable,same_evidence,withheld,0.00033333333333333826,0.001083333333333339,0.020166666666666663
final,81,1162412902570642446,2,12000,0.03,0.17,unacceptable,framework,withheld,0.00033333333333333826,0.001083333333333339,0.020166666666666663
final,82,1169864294444188886,2,12000,0.03,0.17,unacceptable,pooled,supported,0.001041666666666663,0.0013333333333333253,0.01583333333333333
final,82,1169864294444188886,2,12000,0.03,0.17,unacceptable,per_feature,supported,0.001041666666666663,0.0013333333333333253,0.01583333333333333
final,82,1169864294444188886,2,12000,0.03,0.17,unacceptable,same_evidence,withheld,0.001041666666666663,0.0013333333333333253,0.01583333333333333
final,82,1169864294444188886,2,12000,0.03,0.17,unacceptable,framework,withheld,0.001041666666666663,0.0013333333333333253,0.01583333333333333
final,83,3661243933627232877,2,12000,0.03,0.17,unacceptable,pooled,supported,0.0016666666666666774,0.0017500000000000016,0.02183333333333333
final,83,3661243933627232877,2,12000,0.03,0.17,unacceptable,per_feature,supported,0.0016666666666666774,0.0017500000000000016,0.02183333333333333
final,83,3661243933627232877,2,12000,0.03,0.17,unacceptable,same_evidence,withheld,0.0016666666666666774,0.0017500000000000016,0.02183333333333333
final,83,3661243933627232877,2,12000,0.03,0.17,unacceptable,framework,withheld,0.0016666666666666774,0.0017500000000000016,0.02183333333333333
final,84,3372520288831165348,2,12000,0.03,0.17,unacceptable,pooled,supported,0.005416666666666681,0.0061666666666666675,0.024666666666666667
final,84,3372520288831165348,2,12000,0.03,0.17,unacceptable,per_feature,supported,0.005416666666666681,0.0061666666666666675,0.024666666666666667
final,84,3372520288831165348,2,12000,0.03,0.17,unacceptable,same_evidence,withheld,0.005416666666666681,0.0061666666666666675,0.024666666666666667
final,84,3372520288831165348,2,12000,0.03,0.17,unacceptable,framework,withheld,0.005416666666666681,0.0061666666666666675,0.024666666666666667
final,85,1728037960780904230,2,12000,0.03,0.17,unacceptable,pooled,supported,0.002291666666666664,0.0037500000000000033,0.019
final,85,1728037960780904230,2,12000,0.03,0.17,unacceptable,per_feature,supported,0.002291666666666664,0.0037500000000000033,0.019
final,85,1728037960780904230,2,12000,0.03,0.17,unacceptable,same_evidence,withheld,0.002291666666666664,0.0037500000000000033,0.019
final,85,1728037960780904230,2,12000,0.03,0.17,unacceptable,framework,withheld,0.002291666666666664,0.0037500000000000033,0.019
final,86,1855430090442517431,2,12000,0.03,0.17,unacceptable,pooled,supported,0.005250000000000005,0.007500000000000007,0.017999999999999995
final,86,1855430090442517431,2,12000,0.03,0.17,unacceptable,per_feature,supported,0.005250000000000005,0.007500000000000007,0.017999999999999995
final,86,1855430090442517431,2,12000,0.03,0.17,unacceptable,same_evidence,withheld,0.005250000000000005,0.007500000000000007,0.017999999999999995
final,86,1855430090442517431,2,12000,0.03,0.17,unacceptable,framework,withheld,0.005250000000000005,0.007500000000000007,0.017999999999999995
final,87,2415030718920631968,2,12000,0.03,0.17,unacceptable,pooled,supported,0.0005416666666666764,0.003583333333333341,0.021416666666666664
final,87,2415030718920631968,2,12000,0.03,0.17,unacceptable,per_feature,supported,0.0005416666666666764,0.003583333333333341,0.021416666666666664
final,87,2415030718920631968,2,12000,0.03,0.17,unacceptable,same_evidence,withheld,0.0005416666666666764,0.003583333333333341,0.021416666666666664
final,87,2415030718920631968,2,12000,0.03,0.17,unacceptable,framework,withheld,0.0005416666666666764,0.003583333333333341,0.021416666666666664
final,88,1833661479357752283,2,12000,0.03,0.17,unacceptable,pooled,supported,0.0017083333333333256,0.0039166666666666655,0.016
final,88,1833661479357752283,2,12000,0.03,0.17,unacceptable,per_feature,supported,0.0017083333333333256,0.0039166666666666655,0.016
final,88,1833661479357752283,2,12000,0.03,0.17,unacceptable,same_evidence,withheld,0.0017083333333333256,0.0039166666666666655,0.016
final,88,1833661479357752283,2,12000,0.03,0.17,unacceptable,framework,withheld,0.0017083333333333256,0.0039166666666666655,0.016
final,89,459429369214855130,2,12000,0.03,0.17,unacceptable,pooled,supported,0.0062500000000000056,0.007333333333333331,0.01591666666666667
final,89,459429369214855130,2,12000,0.03,0.17,unacceptable,per_feature,supported,0.0062500000000000056,0.007333333333333331,0.01591666666666667
final,89,459429369214855130,2,12000,0.03,0.17,unacceptable,same_evidence,withheld,0.0062500000000000056,0.007333333333333331,0.01591666666666667
final,89,459429369214855130,2,12000,0.03,0.17,unacceptable,framework,withheld,0.0062500000000000056,0.007333333333333331,0.01591666666666667
final,90,2019439617916250039,2,12000,0.03,0.17,unacceptable,pooled,supported,0.0019166666666666499,0.0029166666666666646,0.018583333333333334
final,90,2019439617916250039,2,12000,0.03,0.17,unacceptable,per_feature,supported,0.0019166666666666499,0.0029166666666666646,0.018583333333333334
final,90,2019439617916250039,2,12000,0.03,0.17,unacceptable,same_evidence,withheld,0.0019166666666666499,0.0029166666666666646,0.018583333333333334
final,90,2019439617916250039,2,12000,0.03,0.17,unacceptable,framework,withheld,0.0019166666666666499,0.0029166666666666646,0.018583333333333334
final,91,2795773328550638707,2,12000,0.03,0.17,unacceptable,pooled,supported,0.004625000000000004,0.005416666666666667,0.01575
final,91,2795773328550638707,2,12000,0.03,0.17,unacceptable,per_feature,supported,0.004625000000000004,0.005416666666666667,0.01575
final,91,2795773328550638707,2,12000,0.03,0.17,unacceptable,same_evidence,withheld,0.004625000000000004,0.005416666666666667,0.01575
final,91,2795773328550638707,2,12000,0.03,0.17,unacceptable,framework,withheld,0.004625000000000004,0.005416666666666667,0.01575
final,92,502810095994529780,2,12000,0.03,0.17,unacceptable,pooled,supported,0.0003333333333333244,0.0009166666666666629,0.02366666666666667
final,92,502810095994529780,2,12000,0.03,0.17,unacceptable,per_feature,supported,0.0003333333333333244,0.0009166666666666629,0.02366666666666667
final,92,502810095994529780,2,12000,0.03,0.17,unacceptable,same_evidence,withheld,0.0003333333333333244,0.0009166666666666629,0.02366666666666667
final,92,502810095994529780,2,12000,0.03,0.17,unacceptable,framework,withheld,0.0003333333333333244,0.0009166666666666629,0.02366666666666667
final,93,906541622288560712,2,12000,0.03,0.17,unacceptable,pooled,supported,0.00449999999999999,0.005583333333333329,0.016583333333333332
final,93,906541622288560712,2,12000,0.03,0.17,unacceptable,per_feature,supported,0.00449999999999999,0.005583333333333329,0.016583333333333332
final,93,906541622288560712,2,12000,0.03,0.17,unacceptable,same_evidence,withheld,0.00449999999999999,0.005583333333333329,0.016583333333333332
final,93,906541622288560712,2,12000,0.03,0.17,unacceptable,framework,withheld,0.00449999999999999,0.005583333333333329,0.016583333333333332
final,94,3991816448138923525,2,12000,0.03,0.17,unacceptable,pooled,supported,0.001166666666666663,0.0013333333333333253,0.022666666666666665
final,94,3991816448138923525,2,12000,0.03,0.17,unacceptable,per_feature,supported,0.001166666666666663,0.0013333333333333253,0.022666666666666665
final,94,3991816448138923525,2,12000,0.03,0.17,unacceptable,same_evidence,withheld,0.001166666666666663,0.0013333333333333253,0.022666666666666665
final,94,3991816448138923525,2,12000,0.03,0.17,unacceptable,framework,withheld,0.001166666666666663,0.0013333333333333253,0.022666666666666665
final,95,910899017921361161,2,12000,0.03,0.17,unacceptable,pooled,supported,8.333333333335191e-05,0.0020000000000000018,0.019416666666666665
final,95,910899017921361161,2,12000,0.03,0.17,unacceptable,per_feature,supported,8.333333333335191e-05,0.0020000000000000018,0.019416666666666665
final,95,910899017921361161,2,12000,0.03,0.17,unacceptable,same_evidence,withheld,8.333333333335191e-05,0.0020000000000000018,0.019416666666666665
final,95,910899017921361161,2,12000,0.03,0.17,unacceptable,framework,withheld,8.333333333335191e-05,0.0020000000000000018,0.019416666666666665
final,96,1687746748463999919,2,12000,0.03,0.17,unacceptable,pooled,supported,0.0017916666666666636,0.0028333333333333266,0.020416666666666666
final,96,1687746748463999919,2,12000,0.03,0.17,unacceptable,per_feature,supported,0.0017916666666666636,0.0028333333333333266,0.020416666666666666
final,96,1687746748463999919,2,12000,0.03,0.17,unacceptable,same_evidence,withheld,0.0017916666666666636,0.0028333333333333266,0.020416666666666666
final,96,1687746748463999919,2,12000,0.03,0.17,unacceptable,framework,withheld,0.0017916666666666636,0.0028333333333333266,0.020416666666666666
final,97,3897142179382522999,2,12000,0.03,0.17,unacceptable,pooled,supported,0.0002500000000000002,0.0016666666666666635,0.019916666666666666
final,97,3897142179382522999,2,12000,0.03,0.17,unacceptable,per_feature,supported,0.0002500000000000002,0.0016666666666666635,0.019916666666666666
final,97,3897142179382522999,2,12000,0.03,0.17,unacceptable,same_evidence,withheld,0.0002500000000000002,0.0016666666666666635,0.019916666666666666
final,97,3897142179382522999,2,12000,0.03,0.17,unacceptable,framework,withheld,0.0002500000000000002,0.0016666666666666635,0.019916666666666666
final,98,3387073058206228498,2,12000,0.03,0.17,unacceptable,pooled,supported,0.0017083333333333395,0.005583333333333329,0.01983333333333333
final,98,3387073058206228498,2,12000,0.03,0.17,unacceptable,per_feature,supported,0.0017083333333333395,0.005583333333333329,0.01983333333333333
final,98,3387073058206228498,2,12000,0.03,0.17,unacceptable,same_evidence,withheld,0.0017083333333333395,0.005583333333333329,0.01983333333333333
final,98,3387073058206228498,2,12000,0.03,0.17,unacceptable,framework,withheld,0.0017083333333333395,0.005583333333333329,0.01983333333333333
final,99,2861406341703673447,2,12000,0.03,0.17,unacceptable,pooled,supported,0.0006666666666666765,0.006416666666666668,0.01791666666666667
final,99,2861406341703673447,2,12000,0.03,0.17,unacceptable,per_feature,supported,0.0006666666666666765,0.006416666666666668,0.01791666666666667
final,99,2861406341703673447,2,12000,0.03,0.17,unacceptable,same_evidence,withheld,0.0006666666666666765,0.006416666666666668,0.01791666666666667
final,99,2861406341703673447,2,12000,0.03,0.17,unacceptable,framework,withheld,0.0006666666666666765,0.006416666666666668,0.01791666666666667
final,0,3887237525901368051,2,12000,0.0,0.2,unacceptable,pooled,supported,0.006249999999999992,0.009333333333333332,0.052083333333333336
final,0,3887237525901368051,2,12000,0.0,0.2,unacceptable,per_feature,supported,0.006249999999999992,0.009333333333333332,0.052083333333333336
final,0,3887237525901368051,2,12000,0.0,0.2,unacceptable,same_evidence,withheld,0.006249999999999992,0.009333333333333332,0.052083333333333336
final,0,3887237525901368051,2,12000,0.0,0.2,unacceptable,framework,withheld,0.006249999999999992,0.009333333333333332,0.052083333333333336
final,1,613948118607120100,2,12000,0.0,0.2,unacceptable,pooled,supported,0.002041666666666664,0.004166666666666666,0.05325
final,1,613948118607120100,2,12000,0.0,0.2,unacceptable,per_feature,supported,0.002041666666666664,0.004166666666666666,0.05325
final,1,613948118607120100,2,12000,0.0,0.2,unacceptable,same_evidence,withheld,0.002041666666666664,0.004166666666666666,0.05325
final,1,613948118607120100,2,12000,0.0,0.2,unacceptable,framework,withheld,0.002041666666666664,0.004166666666666666,0.05325
final,2,1895199268438523474,2,12000,0.0,0.2,unacceptable,pooled,supported,0.0018333333333333257,0.00708333333333333,0.049166666666666664
final,2,1895199268438523474,2,12000,0.0,0.2,unacceptable,per_feature,supported,0.0018333333333333257,0.00708333333333333,0.049166666666666664
final,2,1895199268438523474,2,12000,0.0,0.2,unacceptable,same_evidence,withheld,0.0018333333333333257,0.00708333333333333,0.049166666666666664
final,2,1895199268438523474,2,12000,0.0,0.2,unacceptable,framework,withheld,0.0018333333333333257,0.00708333333333333,0.049166666666666664
final,3,1480574021709829987,2,12000,0.0,0.2,unacceptable,pooled,supported,0.0026666666666666783,0.006750000000000006,0.05358333333333333
final,3,1480574021709829987,2,12000,0.0,0.2,unacceptable,per_feature,supported,0.0026666666666666783,0.006750000000000006,0.05358333333333333
final,3,1480574021709829987,2,12000,0.0,0.2,unacceptable,same_evidence,withheld,0.0026666666666666783,0.006750000000000006,0.05358333333333333
final,3,1480574021709829987,2,12000,0.0,0.2,unacceptable,framework,withheld,0.0026666666666666783,0.006750000000000006,0.05358333333333333
final,4,3594427578761551566,2,12000,0.0,0.2,unacceptable,pooled,supported,0.003500000000000003,0.004916666666666666,0.0475
final,4,3594427578761551566,2,12000,0.0,0.2,unacceptable,per_feature,supported,0.003500000000000003,0.004916666666666666,0.0475
final,4,3594427578761551566,2,12000,0.0,0.2,unacceptable,same_evidence,withheld,0.003500000000000003,0.004916666666666666,0.0475
final,4,3594427578761551566,2,12000,0.0,0.2,unacceptable,framework,withheld,0.003500000000000003,0.004916666666666666,0.0475
final,5,974073220984885559,2,12000,0.0,0.2,unacceptable,pooled,supported,0.001291666666666677,0.003666666666666679,0.051416666666666666
final,5,974073220984885559,2,12000,0.0,0.2,unacceptable,per_feature,supported,0.001291666666666677,0.003666666666666679,0.051416666666666666
final,5,974073220984885559,2,12000,0.0,0.2,unacceptable,same_evidence,withheld,0.001291666666666677,0.003666666666666679,0.051416666666666666
final,5,974073220984885559,2,12000,0.0,0.2,unacceptable,framework,withheld,0.001291666666666677,0.003666666666666679,0.051416666666666666
final,6,3064517845831840524,2,12000,0.0,0.2,unacceptable,pooled,supported,0.0005000000000000004,0.0010000000000000009,0.04766666666666667
final,6,3064517845831840524,2,12000,0.0,0.2,unacceptable,per_feature,supported,0.0005000000000000004,0.0010000000000000009,0.04766666666666667
final,6,3064517845831840524,2,12000,0.0,0.2,unacceptable,same_evidence,withheld,0.0005000000000000004,0.0010000000000000009,0.04766666666666667
final,6,3064517845831840524,2,12000,0.0,0.2,unacceptable,framework,withheld,0.0005000000000000004,0.0010000000000000009,0.04766666666666667
final,7,790784144816120125,2,12000,0.0,0.2,unacceptable,pooled,supported,0.0008333333333333387,0.0019166666666666637,0.0485
final,7,790784144816120125,2,12000,0.0,0.2,unacceptable,per_feature,supported,0.0008333333333333387,0.0019166666666666637,0.0485
final,7,790784144816120125,2,12000,0.0,0.2,unacceptable,same_evidence,withheld,0.0008333333333333387,0.0019166666666666637,0.0485
final,7,790784144816120125,2,12000,0.0,0.2,unacceptable,framework,withheld,0.0008333333333333387,0.0019166666666666637,0.0485
final,8,785232830365157440,2,12000,0.0,0.2,unacceptable,pooled,supported,0.001083333333333325,0.002250000000000002,0.052833333333333336
final,8,785232830365157440,2,12000,0.0,0.2,unacceptable,per_feature,supported,0.001083333333333325,0.002250000000000002,0.052833333333333336
final,8,785232830365157440,2,12000,0.0,0.2,unacceptable,same_evidence,withheld,0.001083333333333325,0.002250000000000002,0.052833333333333336
final,8,785232830365157440,2,12000,0.0,0.2,unacceptable,framework,withheld,0.001083333333333325,0.002250000000000002,0.052833333333333336
final,9,4417338752133970456,2,12000,0.0,0.2,unacceptable,pooled,supported,0.0002500000000000002,0.0030000000000000027,0.048
final,9,4417338752133970456,2,12000,0.0,0.2,unacceptable,per_feature,supported,0.0002500000000000002,0.0030000000000000027,0.048
final,9,4417338752133970456,2,12000,0.0,0.2,unacceptable,same_evidence,withheld,0.0002500000000000002,0.0030000000000000027,0.048
final,9,4417338752133970456,2,12000,0.0,0.2,unacceptable,framework,withheld,0.0002500000000000002,0.0030000000000000027,0.048
final,10,833303077191904288,2,12000,0.0,0.2,unacceptable,pooled,supported,0.0031666666666666787,0.003416666666666665,0.04933333333333333
final,10,833303077191904288,2,12000,0.0,0.2,unacceptable,per_feature,supported,0.0031666666666666787,0.003416666666666665,0.04933333333333333
final,10,833303077191904288,2,12000,0.0,0.2,unacceptable,same_evidence,withheld,0.0031666666666666787,0.003416666666666665,0.04933333333333333
final,10,833303077191904288,2,12000,0.0,0.2,unacceptable,framework,withheld,0.0031666666666666787,0.003416666666666665,0.04933333333333333
final,11,1161070963788783432,2,12000,0.0,0.2,unacceptable,pooled,supported,0.0,0.0005000000000000004,0.049416666666666664
final,11,1161070963788783432,2,12000,0.0,0.2,unacceptable,per_feature,supported,0.0,0.0005000000000000004,0.049416666666666664
final,11,1161070963788783432,2,12000,0.0,0.2,unacceptable,same_evidence,withheld,0.0,0.0005000000000000004,0.049416666666666664
final,11,1161070963788783432,2,12000,0.0,0.2,unacceptable,framework,withheld,0.0,0.0005000000000000004,0.049416666666666664
final,12,1308593213154505090,2,12000,0.0,0.2,unacceptable,pooled,supported,0.007916666666666655,0.009666666666666657,0.05241666666666667
final,12,1308593213154505090,2,12000,0.0,0.2,unacceptable,per_feature,supported,0.007916666666666655,0.009666666666666657,0.05241666666666667
final,12,1308593213154505090,2,12000,0.0,0.2,unacceptable,same_evidence,withheld,0.007916666666666655,0.009666666666666657,0.05241666666666667
final,12,1308593213154505090,2,12000,0.0,0.2,unacceptable,framework,withheld,0.007916666666666655,0.009666666666666657,0.05241666666666667
final,13,1684390818424337763,2,12000,0.0,0.2,unacceptable,pooled,supported,0.0051250000000000046,0.005166666666666667,0.0475
final,13,1684390818424337763,2,12000,0.0,0.2,unacceptable,per_feature,supported,0.0051250000000000046,0.005166666666666667,0.0475
final,13,1684390818424337763,2,12000,0.0,0.2,unacceptable,same_evidence,withheld,0.0051250000000000046,0.005166666666666667,0.0475
final,13,1684390818424337763,2,12000,0.0,0.2,unacceptable,framework,withheld,0.0051250000000000046,0.005166666666666667,0.0475
final,14,4124052629328961950,2,12000,0.0,0.2,unacceptable,pooled,supported,0.0007916666666666627,0.0039166666666666655,0.051666666666666666
final,14,4124052629328961950,2,12000,0.0,0.2,unacceptable,per_feature,supported,0.0007916666666666627,0.0039166666666666655,0.051666666666666666
final,14,4124052629328961950,2,12000,0.0,0.2,unacceptable,same_evidence,withheld,0.0007916666666666627,0.0039166666666666655,0.051666666666666666
final,14,4124052629328961950,2,12000,0.0,0.2,unacceptable,framework,withheld,0.0007916666666666627,0.0039166666666666655,0.051666666666666666
final,15,2042557099265844141,2,12000,0.0,0.2,unacceptable,pooled,supported,0.0016666666666666496,0.004166666666666666,0.049666666666666665
final,15,2042557099265844141,2,12000,0.0,0.2,unacceptable,per_feature,supported,0.0016666666666666496,0.004166666666666666,0.049666666666666665
final,15,2042557099265844141,2,12000,0.0,0.2,unacceptable,same_evidence,withheld,0.0016666666666666496,0.004166666666666666,0.049666666666666665
final,15,2042557099265844141,2,12000,0.0,0.2,unacceptable,framework,withheld,0.0016666666666666496,0.004166666666666666,0.049666666666666665
final,16,2662106951332942559,2,12000,0.0,0.2,unacceptable,pooled,supported,0.005208333333333329,0.010416666666666671,0.05
final,16,2662106951332942559,2,12000,0.0,0.2,unacceptable,per_feature,withheld,0.005208333333333329,0.010416666666666671,0.05
final,16,2662106951332942559,2,12000,0.0,0.2,unacceptable,same_evidence,withheld,0.005208333333333329,0.010416666666666671,0.05
final,16,2662106951332942559,2,12000,0.0,0.2,unacceptable,framework,withheld,0.005208333333333329,0.010416666666666671,0.05
final,17,2125585063718846746,2,12000,0.0,0.2,unacceptable,pooled,supported,0.0035833333333333273,0.004333333333333342,0.049416666666666664
final,17,2125585063718846746,2,12000,0.0,0.2,unacceptable,per_feature,supported,0.0035833333333333273,0.004333333333333342,0.049416666666666664
final,17,2125585063718846746,2,12000,0.0,0.2,unacceptable,same_evidence,withheld,0.0035833333333333273,0.004333333333333342,0.049416666666666664
final,17,2125585063718846746,2,12000,0.0,0.2,unacceptable,framework,withheld,0.0035833333333333273,0.004333333333333342,0.049416666666666664
final,18,2373921996739490760,2,12000,0.0,0.2,unacceptable,pooled,supported,0.0014166666666666633,0.0017500000000000016,0.049416666666666664
final,18,2373921996739490760,2,12000,0.0,0.2,unacceptable,per_feature,supported,0.0014166666666666633,0.0017500000000000016,0.049416666666666664
final,18,2373921996739490760,2,12000,0.0,0.2,unacceptable,same_evidence,withheld,0.0014166666666666633,0.0017500000000000016,0.049416666666666664
final,18,2373921996739490760,2,12000,0.0,0.2,unacceptable,framework,withheld,0.0014166666666666633,0.0017500000000000016,0.049416666666666664
final,19,828889437070153254,2,12000,0.0,0.2,unacceptable,pooled,supported,0.003541666666666665,0.0040000000000000036,0.04658333333333333
final,19,828889437070153254,2,12000,0.0,0.2,unacceptable,per_feature,supported,0.003541666666666665,0.0040000000000000036,0.04658333333333333
final,19,828889437070153254,2,12000,0.0,0.2,unacceptable,same_evidence,withheld,0.003541666666666665,0.0040000000000000036,0.04658333333333333
final,19,828889437070153254,2,12000,0.0,0.2,unacceptable,framework,withheld,0.003541666666666665,0.0040000000000000036,0.04658333333333333
final,20,2981854095290391434,2,12000,0.0,0.2,unacceptable,pooled,supported,0.0012083333333333252,0.004833333333333328,0.04875
final,20,2981854095290391434,2,12000,0.0,0.2,unacceptable,per_feature,supported,0.0012083333333333252,0.004833333333333328,0.04875
final,20,2981854095290391434,2,12000,0.0,0.2,unacceptable,same_evidence,withheld,0.0012083333333333252,0.004833333333333328,0.04875
final,20,2981854095290391434,2,12000,0.0,0.2,unacceptable,framework,withheld,0.0012083333333333252,0.004833333333333328,0.04875
final,21,323189608187428610,2,12000,0.0,0.2,unacceptable,pooled,supported,0.0030000000000000027,0.003083333333333327,0.04633333333333333
final,21,323189608187428610,2,12000,0.0,0.2,unacceptable,per_feature,supported,0.0030000000000000027,0.003083333333333327,0.04633333333333333
final,21,323189608187428610,2,12000,0.0,0.2,unacceptable,same_evidence,withheld,0.0030000000000000027,0.003083333333333327,0.04633333333333333
final,21,323189608187428610,2,12000,0.0,0.2,unacceptable,framework,withheld,0.0030000000000000027,0.003083333333333327,0.04633333333333333
final,22,785637757588143772,2,12000,0.0,0.2,unacceptable,pooled,supported,0.003416666666666665,0.009749999999999995,0.04841666666666666
final,22,785637757588143772,2,12000,0.0,0.2,unacceptable,per_feature,supported,0.003416666666666665,0.009749999999999995,0.04841666666666666
final,22,785637757588143772,2,12000,0.0,0.2,unacceptable,same_evidence,withheld,0.003416666666666665,0.009749999999999995,0.04841666666666666
final,22,785637757588143772,2,12000,0.0,0.2,unacceptable,framework,withheld,0.003416666666666665,0.009749999999999995,0.04841666666666666
final,23,4376900118477800214,2,12000,0.0,0.2,unacceptable,pooled,supported,0.0015416666666666634,0.0035833333333333273,0.05075
final,23,4376900118477800214,2,12000,0.0,0.2,unacceptable,per_feature,supported,0.0015416666666666634,0.0035833333333333273,0.05075
final,23,4376900118477800214,2,12000,0.0,0.2,unacceptable,same_evidence,withheld,0.0015416666666666634,0.0035833333333333273,0.05075
final,23,4376900118477800214,2,12000,0.0,0.2,unacceptable,framework,withheld,0.0015416666666666634,0.0035833333333333273,0.05075
final,24,71277399374662787,2,12000,0.0,0.2,unacceptable,pooled,supported,0.0012500000000000011,0.00208333333333334,0.05075
final,24,71277399374662787,2,12000,0.0,0.2,unacceptable,per_feature,supported,0.0012500000000000011,0.00208333333333334,0.05075
final,24,71277399374662787,2,12000,0.0,0.2,unacceptable,same_evidence,withheld,0.0012500000000000011,0.00208333333333334,0.05075
final,24,71277399374662787,2,12000,0.0,0.2,unacceptable,framework,withheld,0.0012500000000000011,0.00208333333333334,0.05075
final,25,1417238323787905318,2,12000,0.0,0.2,unacceptable,pooled,supported,0.0037916666666666654,0.00683333333333333,0.050583333333333334
final,25,1417238323787905318,2,12000,0.0,0.2,unacceptable,per_feature,supported,0.0037916666666666654,0.00683333333333333,0.050583333333333334
final,25,1417238323787905318,2,12000,0.0,0.2,unacceptable,same_evidence,withheld,0.0037916666666666654,0.00683333333333333,0.050583333333333334
final,25,1417238323787905318,2,12000,0.0,0.2,unacceptable,framework,withheld,0.0037916666666666654,0.00683333333333333,0.050583333333333334
final,26,3239315540490962533,2,12000,0.0,0.2,unacceptable,pooled,supported,0.0007916666666666627,0.003416666666666665,0.049166666666666664
final,26,3239315540490962533,2,12000,0.0,0.2,unacceptable,per_feature,supported,0.0007916666666666627,0.003416666666666665,0.049166666666666664
final,26,3239315540490962533,2,12000,0.0,0.2,unacceptable,same_evidence,withheld,0.0007916666666666627,0.003416666666666665,0.049166666666666664
final,26,3239315540490962533,2,12000,0.0,0.2,unacceptable,framework,withheld,0.0007916666666666627,0.003416666666666665,0.049166666666666664
final,27,463996637311689233,2,12000,0.0,0.2,unacceptable,pooled,supported,0.005750000000000005,0.0060833333333333295,0.04608333333333333
final,27,463996637311689233,2,12000,0.0,0.2,unacceptable,per_feature,supported,0.005750000000000005,0.0060833333333333295,0.04608333333333333
final,27,463996637311689233,2,12000,0.0,0.2,unacceptable,same_evidence,withheld,0.005750000000000005,0.0060833333333333295,0.04608333333333333
final,27,463996637311689233,2,12000,0.0,0.2,unacceptable,framework,withheld,0.005750000000000005,0.0060833333333333295,0.04608333333333333
final,28,2164025985735786757,2,12000,0.0,0.2,unacceptable,pooled,supported,0.0016666666666666635,0.002333333333333326,0.04975
final,28,2164025985735786757,2,12000,0.0,0.2,unacceptable,per_feature,supported,0.0016666666666666635,0.002333333333333326,0.04975
final,28,2164025985735786757,2,12000,0.0,0.2,unacceptable,same_evidence,withheld,0.0016666666666666635,0.002333333333333326,0.04975
final,28,2164025985735786757,2,12000,0.0,0.2,unacceptable,framework,withheld,0.0016666666666666635,0.002333333333333326,0.04975
final,29,1777362291410968693,2,12000,0.0,0.2,unacceptable,pooled,supported,0.002250000000000002,0.005249999999999991,0.05225
final,29,1777362291410968693,2,12000,0.0,0.2,unacceptable,per_feature,supported,0.002250000000000002,0.005249999999999991,0.05225
final,29,1777362291410968693,2,12000,0.0,0.2,unacceptable,same_evidence,withheld,0.002250000000000002,0.005249999999999991,0.05225
final,29,1777362291410968693,2,12000,0.0,0.2,unacceptable,framework,withheld,0.002250000000000002,0.005249999999999991,0.05225
final,30,3667704444631573164,2,12000,0.0,0.2,unacceptable,pooled,supported,0.002333333333333326,0.006583333333333344,0.049416666666666664
final,30,3667704444631573164,2,12000,0.0,0.2,unacceptable,per_feature,supported,0.002333333333333326,0.006583333333333344,0.049416666666666664
final,30,3667704444631573164,2,12000,0.0,0.2,unacceptable,same_evidence,withheld,0.002333333333333326,0.006583333333333344,0.049416666666666664
final,30,3667704444631573164,2,12000,0.0,0.2,unacceptable,framework,withheld,0.002333333333333326,0.006583333333333344,0.049416666666666664
final,31,2007036729649681564,2,12000,0.0,0.2,unacceptable,pooled,supported,0.0016666666666666774,0.00449999999999999,0.050416666666666665
final,31,2007036729649681564,2,12000,0.0,0.2,unacceptable,per_feature,supported,0.0016666666666666774,0.00449999999999999,0.050416666666666665
final,31,2007036729649681564,2,12000,0.0,0.2,unacceptable,same_evidence,withheld,0.0016666666666666774,0.00449999999999999,0.050416666666666665
final,31,2007036729649681564,2,12000,0.0,0.2,unacceptable,framework,withheld,0.0016666666666666774,0.00449999999999999,0.050416666666666665
final,32,1893474968874228831,2,12000,0.0,0.2,unacceptable,pooled,supported,0.0017916666666666636,0.004166666666666666,0.0495
final,32,1893474968874228831,2,12000,0.0,0.2,unacceptable,per_feature,supported,0.0017916666666666636,0.004166666666666666,0.0495
final,32,1893474968874228831,2,12000,0.0,0.2,unacceptable,same_evidence,withheld,0.0017916666666666636,0.004166666666666666,0.0495
final,32,1893474968874228831,2,12000,0.0,0.2,unacceptable,framework,withheld,0.0017916666666666636,0.004166666666666666,0.0495
final,33,192352736651316827,2,12000,0.0,0.2,unacceptable,pooled,supported,0.0015833333333333532,0.004333333333333342,0.049833333333333334
final,33,192352736651316827,2,12000,0.0,0.2,unacceptable,per_feature,supported,0.0015833333333333532,0.004333333333333342,0.049833333333333334
final,33,192352736651316827,2,12000,0.0,0.2,unacceptable,same_evidence,withheld,0.0015833333333333532,0.004333333333333342,0.049833333333333334
final,33,192352736651316827,2,12000,0.0,0.2,unacceptable,framework,withheld,0.0015833333333333532,0.004333333333333342,0.049833333333333334
final,34,553060694224067442,2,12000,0.0,0.2,unacceptable,pooled,supported,0.0019583333333333397,0.003333333333333341,0.051666666666666666
final,34,553060694224067442,2,12000,0.0,0.2,unacceptable,per_feature,supported,0.0019583333333333397,0.003333333333333341,0.051666666666666666
final,34,553060694224067442,2,12000,0.0,0.2,unacceptable,same_evidence,withheld,0.0019583333333333397,0.003333333333333341,0.051666666666666666
final,34,553060694224067442,2,12000,0.0,0.2,unacceptable,framework,withheld,0.0019583333333333397,0.003333333333333341,0.051666666666666666
final,35,1534807111828667840,2,12000,0.0,0.2,unacceptable,pooled,supported,0.0007916666666666627,0.00399999999999999,0.0485
final,35,1534807111828667840,2,12000,0.0,0.2,unacceptable,per_feature,supported,0.0007916666666666627,0.00399999999999999,0.0485
final,35,1534807111828667840,2,12000,0.0,0.2,unacceptable,same_evidence,withheld,0.0007916666666666627,0.00399999999999999,0.0485
final,35,1534807111828667840,2,12000,0.0,0.2,unacceptable,framework,withheld,0.0007916666666666627,0.00399999999999999,0.0485
final,36,3346715988238641237,2,12000,0.0,0.2,unacceptable,pooled,supported,0.0029583333333333406,0.0050000000000000044,0.050416666666666665
final,36,3346715988238641237,2,12000,0.0,0.2,unacceptable,per_feature,supported,0.0029583333333333406,0.0050000000000000044,0.050416666666666665
final,36,3346715988238641237,2,12000,0.0,0.2,unacceptable,same_evidence,withheld,0.0029583333333333406,0.0050000000000000044,0.050416666666666665
final,36,3346715988238641237,2,12000,0.0,0.2,unacceptable,framework,withheld,0.0029583333333333406,0.0050000000000000044,0.050416666666666665
final,37,3212657251696000716,2,12000,0.0,0.2,unacceptable,pooled,supported,0.003291666666666665,0.010499999999999995,0.04841666666666666
final,37,3212657251696000716,2,12000,0.0,0.2,unacceptable,per_feature,withheld,0.003291666666666665,0.010499999999999995,0.04841666666666666
final,37,3212657251696000716,2,12000,0.0,0.2,unacceptable,same_evidence,withheld,0.003291666666666665,0.010499999999999995,0.04841666666666666
final,37,3212657251696000716,2,12000,0.0,0.2,unacceptable,framework,withheld,0.003291666666666665,0.010499999999999995,0.04841666666666666
final,38,815385324935908444,2,12000,0.0,0.2,unacceptable,pooled,supported,0.0014166666666666772,0.005666666666666667,0.050083333333333334
final,38,815385324935908444,2,12000,0.0,0.2,unacceptable,per_feature,supported,0.0014166666666666772,0.005666666666666667,0.050083333333333334
final,38,815385324935908444,2,12000,0.0,0.2,unacceptable,same_evidence,withheld,0.0014166666666666772,0.005666666666666667,0.050083333333333334
final,38,815385324935908444,2,12000,0.0,0.2,unacceptable,framework,withheld,0.0014166666666666772,0.005666666666666667,0.050083333333333334
final,39,1248494043224033994,2,12000,0.0,0.2,unacceptable,pooled,supported,0.004541666666666666,0.004666666666666666,0.051833333333333335
final,39,1248494043224033994,2,12000,0.0,0.2,unacceptable,per_feature,supported,0.004541666666666666,0.004666666666666666,0.051833333333333335
final,39,1248494043224033994,2,12000,0.0,0.2,unacceptable,same_evidence,withheld,0.004541666666666666,0.004666666666666666,0.051833333333333335
final,39,1248494043224033994,2,12000,0.0,0.2,unacceptable,framework,withheld,0.004541666666666666,0.004666666666666666,0.051833333333333335
final,40,226875699612486708,2,12000,0.0,0.2,unacceptable,pooled,supported,0.0012083333333333252,0.0037500000000000033,0.05175
final,40,226875699612486708,2,12000,0.0,0.2,unacceptable,per_feature,supported,0.0012083333333333252,0.0037500000000000033,0.05175
final,40,226875699612486708,2,12000,0.0,0.2,unacceptable,same_evidence,withheld,0.0012083333333333252,0.0037500000000000033,0.05175
final,40,226875699612486708,2,12000,0.0,0.2,unacceptable,framework,withheld,0.0012083333333333252,0.0037500000000000033,0.05175
final,41,3856638710018984211,2,12000,0.0,0.2,unacceptable,pooled,supported,0.005250000000000005,0.007666666666666669,0.05475
final,41,3856638710018984211,2,12000,0.0,0.2,unacceptable,per_feature,supported,0.005250000000000005,0.007666666666666669,0.05475
final,41,3856638710018984211,2,12000,0.0,0.2,unacceptable,same_evidence,withheld,0.005250000000000005,0.007666666666666669,0.05475
final,41,3856638710018984211,2,12000,0.0,0.2,unacceptable,framework,withheld,0.005250000000000005,0.007666666666666669,0.05475
final,42,1071953511817911858,2,12000,0.0,0.2,unacceptable,pooled,supported,0.0006666666666666765,0.0015833333333333394,0.049416666666666664
final,42,1071953511817911858,2,12000,0.0,0.2,unacceptable,per_feature,supported,0.0006666666666666765,0.0015833333333333394,0.049416666666666664
final,42,1071953511817911858,2,12000,0.0,0.2,unacceptable,same_evidence,withheld,0.0006666666666666765,0.0015833333333333394,0.049416666666666664
final,42,1071953511817911858,2,12000,0.0,0.2,unacceptable,framework,withheld,0.0006666666666666765,0.0015833333333333394,0.049416666666666664
final,43,609877005541079216,2,12000,0.0,0.2,unacceptable,pooled,supported,0.001041666666666663,0.0026666666666666644,0.04741666666666667
final,43,609877005541079216,2,12000,0.0,0.2,unacceptable,per_feature,supported,0.001041666666666663,0.0026666666666666644,0.04741666666666667
final,43,609877005541079216,2,12000,0.0,0.2,unacceptable,same_evidence,withheld,0.001041666666666663,0.0026666666666666644,0.04741666666666667
final,43,609877005541079216,2,12000,0.0,0.2,unacceptable,framework,withheld,0.001041666666666663,0.0026666666666666644,0.04741666666666667
final,44,1102267398135757795,2,12000,0.0,0.2,unacceptable,pooled,supported,0.004333333333333328,0.004916666666666666,0.04783333333333333
final,44,1102267398135757795,2,12000,0.0,0.2,unacceptable,per_feature,supported,0.004333333333333328,0.004916666666666666,0.04783333333333333
final,44,1102267398135757795,2,12000,0.0,0.2,unacceptable,same_evidence,withheld,0.004333333333333328,0.004916666666666666,0.04783333333333333
final,44,1102267398135757795,2,12000,0.0,0.2,unacceptable,framework,withheld,0.004333333333333328,0.004916666666666666,0.04783333333333333
final,45,1445015938292412245,2,12000,0.0,0.2,unacceptable,pooled,supported,0.005583333333333329,0.007416666666666669,0.0465
final,45,1445015938292412245,2,12000,0.0,0.2,unacceptable,per_feature,supported,0.005583333333333329,0.007416666666666669,0.0465
final,45,1445015938292412245,2,12000,0.0,0.2,unacceptable,same_evidence,withheld,0.005583333333333329,0.007416666666666669,0.0465
final,45,1445015938292412245,2,12000,0.0,0.2,unacceptable,framework,withheld,0.005583333333333329,0.007416666666666669,0.0465
final,46,3927996728029601535,2,12000,0.0,0.2,unacceptable,pooled,supported,0.0015833333333333255,0.004166666666666666,0.049166666666666664
final,46,3927996728029601535,2,12000,0.0,0.2,unacceptable,per_feature,supported,0.0015833333333333255,0.004166666666666666,0.049166666666666664
final,46,3927996728029601535,2,12000,0.0,0.2,unacceptable,same_evidence,withheld,0.0015833333333333255,0.004166666666666666,0.049166666666666664
final,46,3927996728029601535,2,12000,0.0,0.2,unacceptable,framework,withheld,0.0015833333333333255,0.004166666666666666,0.049166666666666664
final,47,460070080802304447,2,12000,0.0,0.2,unacceptable,pooled,supported,0.0007499999999999868,0.0039166666666666655,0.0485
final,47,460070080802304447,2,12000,0.0,0.2,unacceptable,per_feature,supported,0.0007499999999999868,0.0039166666666666655,0.0485
final,47,460070080802304447,2,12000,0.0,0.2,unacceptable,same_evidence,withheld,0.0007499999999999868,0.0039166666666666655,0.0485
final,47,460070080802304447,2,12000,0.0,0.2,unacceptable,framework,withheld,0.0007499999999999868,0.0039166666666666655,0.0485
final,48,2546078394853502525,2,12000,0.0,0.2,unacceptable,pooled,supported,0.00045833333333333837,0.0010000000000000009,0.05125
final,48,2546078394853502525,2,12000,0.0,0.2,unacceptable,per_feature,supported,0.00045833333333333837,0.0010000000000000009,0.05125
final,48,2546078394853502525,2,12000,0.0,0.2,unacceptable,same_evidence,withheld,0.00045833333333333837,0.0010000000000000009,0.05125
final,48,2546078394853502525,2,12000,0.0,0.2,unacceptable,framework,withheld,0.00045833333333333837,0.0010000000000000009,0.05125
final,49,779974853020195889,2,12000,0.0,0.2,unacceptable,pooled,supported,0.0024999999999999883,0.0035833333333333273,0.05075
final,49,779974853020195889,2,12000,0.0,0.2,unacceptable,per_feature,supported,0.0024999999999999883,0.0035833333333333273,0.05075
final,49,779974853020195889,2,12000,0.0,0.2,unacceptable,same_evidence,withheld,0.0024999999999999883,0.0035833333333333273,0.05075
final,49,779974853020195889,2,12000,0.0,0.2,unacceptable,framework,withheld,0.0024999999999999883,0.0035833333333333273,0.05075
final,50,1732582970698940171,2,12000,0.0,0.2,unacceptable,pooled,supported,0.0016249999999999876,0.0034999999999999892,0.05075
final,50,1732582970698940171,2,12000,0.0,0.2,unacceptable,per_feature,supported,0.0016249999999999876,0.0034999999999999892,0.05075
final,50,1732582970698940171,2,12000,0.0,0.2,unacceptable,same_evidence,withheld,0.0016249999999999876,0.0034999999999999892,0.05075
final,50,1732582970698940171,2,12000,0.0,0.2,unacceptable,framework,withheld,0.0016249999999999876,0.0034999999999999892,0.05075
final,51,2710478540963145271,2,12000,0.0,0.2,unacceptable,pooled,supported,0.0005833333333333385,0.0026666666666666644,0.0515
final,51,2710478540963145271,2,12000,0.0,0.2,unacceptable,per_feature,supported,0.0005833333333333385,0.0026666666666666644,0.0515
final,51,2710478540963145271,2,12000,0.0,0.2,unacceptable,same_evidence,withheld,0.0005833333333333385,0.0026666666666666644,0.0515
final,51,2710478540963145271,2,12000,0.0,0.2,unacceptable,framework,withheld,0.0005833333333333385,0.0026666666666666644,0.0515
final,52,2338879536672609778,2,12000,0.0,0.2,unacceptable,pooled,supported,0.004291666666666666,0.007416666666666669,0.05025
final,52,2338879536672609778,2,12000,0.0,0.2,unacceptable,per_feature,supported,0.004291666666666666,0.007416666666666669,0.05025
final,52,2338879536672609778,2,12000,0.0,0.2,unacceptable,same_evidence,withheld,0.004291666666666666,0.007416666666666669,0.05025
final,52,2338879536672609778,2,12000,0.0,0.2,unacceptable,framework,withheld,0.004291666666666666,0.007416666666666669,0.05025
final,53,4284516511732578939,2,12000,0.0,0.2,unacceptable,pooled,supported,0.002291666666666664,0.0036666666666666653,0.0505
final,53,4284516511732578939,2,12000,0.0,0.2,unacceptable,per_feature,supported,0.002291666666666664,0.0036666666666666653,0.0505
final,53,4284516511732578939,2,12000,0.0,0.2,unacceptable,same_evidence,withheld,0.002291666666666664,0.0036666666666666653,0.0505
final,53,4284516511732578939,2,12000,0.0,0.2,unacceptable,framework,withheld,0.002291666666666664,0.0036666666666666653,0.0505
final,54,2874442184509342370,2,12000,0.0,0.2,unacceptable,pooled,supported,0.001999999999999988,0.003333333333333327,0.050666666666666665
final,54,2874442184509342370,2,12000,0.0,0.2,unacceptable,per_feature,supported,0.001999999999999988,0.003333333333333327,0.050666666666666665
final,54,2874442184509342370,2,12000,0.0,0.2,unacceptable,same_evidence,withheld,0.001999999999999988,0.003333333333333327,0.050666666666666665
final,54,2874442184509342370,2,12000,0.0,0.2,unacceptable,framework,withheld,0.001999999999999988,0.003333333333333327,0.050666666666666665
final,55,4420381816685444770,2,12000,0.0,0.2,unacceptable,pooled,supported,0.0017083333333333256,0.003083333333333327,0.051166666666666666
final,55,4420381816685444770,2,12000,0.0,0.2,unacceptable,per_feature,supported,0.0017083333333333256,0.003083333333333327,0.051166666666666666
final,55,4420381816685444770,2,12000,0.0,0.2,unacceptable,same_evidence,withheld,0.0017083333333333256,0.003083333333333327,0.051166666666666666
final,55,4420381816685444770,2,12000,0.0,0.2,unacceptable,framework,withheld,0.0017083333333333256,0.003083333333333327,0.051166666666666666
final,56,671239033359923092,2,12000,0.0,0.2,unacceptable,pooled,supported,0.0028749999999999887,0.004666666666666666,0.05175
final,56,671239033359923092,2,12000,0.0,0.2,unacceptable,per_feature,supported,0.0028749999999999887,0.004666666666666666,0.05175
final,56,671239033359923092,2,12000,0.0,0.2,unacceptable,same_evidence,withheld,0.0028749999999999887,0.004666666666666666,0.05175
final,56,671239033359923092,2,12000,0.0,0.2,unacceptable,framework,withheld,0.0028749999999999887,0.004666666666666666,0.05175
final,57,908880255827010277,2,12000,0.0,0.2,unacceptable,pooled,supported,0.00045833333333333837,0.0009166666666666629,0.04858333333333333
final,57,908880255827010277,2,12000,0.0,0.2,unacceptable,per_feature,supported,0.00045833333333333837,0.0009166666666666629,0.04858333333333333
final,57,908880255827010277,2,12000,0.0,0.2,unacceptable,same_evidence,withheld,0.00045833333333333837,0.0009166666666666629,0.04858333333333333
final,57,908880255827010277,2,12000,0.0,0.2,unacceptable,framework,withheld,0.00045833333333333837,0.0009166666666666629,0.04858333333333333
final,58,1717064006293931306,2,12000,0.0,0.2,unacceptable,pooled,supported,0.00033333333333333826,0.003083333333333327,0.050166666666666665
final,58,1717064006293931306,2,12000,0.0,0.2,unacceptable,per_feature,supported,0.00033333333333333826,0.003083333333333327,0.050166666666666665
final,58,1717064006293931306,2,12000,0.0,0.2,unacceptable,same_evidence,withheld,0.00033333333333333826,0.003083333333333327,0.050166666666666665
final,58,1717064006293931306,2,12000,0.0,0.2,unacceptable,framework,withheld,0.00033333333333333826,0.003083333333333327,0.050166666666666665
final,59,1054803439036334925,2,12000,0.0,0.2,unacceptable,pooled,supported,0.0004583333333333245,0.0019166666666666637,0.04975
final,59,1054803439036334925,2,12000,0.0,0.2,unacceptable,per_feature,supported,0.0004583333333333245,0.0019166666666666637,0.04975
final,59,1054803439036334925,2,12000,0.0,0.2,unacceptable,same_evidence,withheld,0.0004583333333333245,0.0019166666666666637,0.04975
final,59,1054803439036334925,2,12000,0.0,0.2,unacceptable,framework,withheld,0.0004583333333333245,0.0019166666666666637,0.04975
final,60,2406486952954961236,2,12000,0.0,0.2,unacceptable,pooled,supported,0.004166666666666666,0.005583333333333329,0.052083333333333336
final,60,2406486952954961236,2,12000,0.0,0.2,unacceptable,per_feature,supported,0.004166666666666666,0.005583333333333329,0.052083333333333336
final,60,2406486952954961236,2,12000,0.0,0.2,unacceptable,same_evidence,withheld,0.004166666666666666,0.005583333333333329,0.052083333333333336
final,60,2406486952954961236,2,12000,0.0,0.2,unacceptable,framework,withheld,0.004166666666666666,0.005583333333333329,0.052083333333333336
final,61,1513521789474590537,2,12000,0.0,0.2,unacceptable,pooled,supported,0.003166666666666665,0.005416666666666653,0.04975
final,61,1513521789474590537,2,12000,0.0,0.2,unacceptable,per_feature,supported,0.003166666666666665,0.005416666666666653,0.04975
final,61,1513521789474590537,2,12000,0.0,0.2,unacceptable,same_evidence,withheld,0.003166666666666665,0.005416666666666653,0.04975
final,61,1513521789474590537,2,12000,0.0,0.2,unacceptable,framework,withheld,0.003166666666666665,0.005416666666666653,0.04975
final,62,971533771520768909,2,12000,0.0,0.2,unacceptable,pooled,supported,0.0017916666666666636,0.00633333333333333,0.05075
final,62,971533771520768909,2,12000,0.0,0.2,unacceptable,per_feature,supported,0.0017916666666666636,0.00633333333333333,0.05075
final,62,971533771520768909,2,12000,0.0,0.2,unacceptable,same_evidence,withheld,0.0017916666666666636,0.00633333333333333,0.05075
final,62,971533771520768909,2,12000,0.0,0.2,unacceptable,framework,withheld,0.0017916666666666636,0.00633333333333333,0.05075
final,63,261919108598422283,2,12000,0.0,0.2,unacceptable,pooled,supported,0.00216666666666665,0.005833333333333329,0.04875
final,63,261919108598422283,2,12000,0.0,0.2,unacceptable,per_feature,supported,0.00216666666666665,0.005833333333333329,0.04875
final,63,261919108598422283,2,12000,0.0,0.2,unacceptable,same_evidence,withheld,0.00216666666666665,0.005833333333333329,0.04875
final,63,261919108598422283,2,12000,0.0,0.2,unacceptable,framework,withheld,0.00216666666666665,0.005833333333333329,0.04875
final,64,2894763950866366337,2,12000,0.0,0.2,unacceptable,pooled,supported,0.0006666666666666765,0.006916666666666668,0.04766666666666667
final,64,2894763950866366337,2,12000,0.0,0.2,unacceptable,per_feature,supported,0.0006666666666666765,0.006916666666666668,0.04766666666666667
final,64,2894763950866366337,2,12000,0.0,0.2,unacceptable,same_evidence,withheld,0.0006666666666666765,0.006916666666666668,0.04766666666666667
final,64,2894763950866366337,2,12000,0.0,0.2,unacceptable,framework,withheld,0.0006666666666666765,0.006916666666666668,0.04766666666666667
final,65,2270324080560977824,2,12000,0.0,0.2,unacceptable,pooled,supported,0.0037500000000000033,0.006750000000000006,0.050833333333333335
final,65,2270324080560977824,2,12000,0.0,0.2,unacceptable,per_feature,supported,0.0037500000000000033,0.006750000000000006,0.050833333333333335
final,65,2270324080560977824,2,12000,0.0,0.2,unacceptable,same_evidence,withheld,0.0037500000000000033,0.006750000000000006,0.050833333333333335
final,65,2270324080560977824,2,12000,0.0,0.2,unacceptable,framework,withheld,0.0037500000000000033,0.006750000000000006,0.050833333333333335
final,66,2468586842516570116,2,12000,0.0,0.2,unacceptable,pooled,supported,0.005458333333333343,0.007500000000000007,0.050583333333333334
final,66,2468586842516570116,2,12000,0.0,0.2,unacceptable,per_feature,supported,0.005458333333333343,0.007500000000000007,0.050583333333333334
final,66,2468586842516570116,2,12000,0.0,0.2,unacceptable,same_evidence,withheld,0.005458333333333343,0.007500000000000007,0.050583333333333334
final,66,2468586842516570116,2,12000,0.0,0.2,unacceptable,framework,withheld,0.005458333333333343,0.007500000000000007,0.050583333333333334
final,67,1441764336878096651,2,12000,0.0,0.2,unacceptable,pooled,supported,0.0025000000000000022,0.0028333333333333266,0.049
final,67,1441764336878096651,2,12000,0.0,0.2,unacceptable,per_feature,supported,0.0025000000000000022,0.0028333333333333266,0.049
final,67,1441764336878096651,2,12000,0.0,0.2,unacceptable,same_evidence,withheld,0.0025000000000000022,0.0028333333333333266,0.049
final,67,1441764336878096651,2,12000,0.0,0.2,unacceptable,framework,withheld,0.0025000000000000022,0.0028333333333333266,0.049
final,68,3523271116794227396,2,12000,0.0,0.2,unacceptable,pooled,supported,0.0004166666666666624,0.0008333333333333387,0.051083333333333335
final,68,3523271116794227396,2,12000,0.0,0.2,unacceptable,per_feature,supported,0.0004166666666666624,0.0008333333333333387,0.051083333333333335
final,68,3523271116794227396,2,12000,0.0,0.2,unacceptable,same_evidence,withheld,0.0004166666666666624,0.0008333333333333387,0.051083333333333335
final,68,3523271116794227396,2,12000,0.0,0.2,unacceptable,framework,withheld,0.0004166666666666624,0.0008333333333333387,0.051083333333333335
final,69,2121204672575591640,2,12000,0.0,0.2,unacceptable,pooled,supported,0.002125000000000002,0.004500000000000004,0.04858333333333333
final,69,2121204672575591640,2,12000,0.0,0.2,unacceptable,per_feature,supported,0.002125000000000002,0.004500000000000004,0.04858333333333333
final,69,2121204672575591640,2,12000,0.0,0.2,unacceptable,same_evidence,withheld,0.002125000000000002,0.004500000000000004,0.04858333333333333
final,69,2121204672575591640,2,12000,0.0,0.2,unacceptable,framework,withheld,0.002125000000000002,0.004500000000000004,0.04858333333333333
final,70,3815617699419913728,2,12000,0.0,0.2,unacceptable,pooled,supported,0.0016666666666666774,0.0034999999999999892,0.052
final,70,3815617699419913728,2,12000,0.0,0.2,unacceptable,per_feature,supported,0.0016666666666666774,0.0034999999999999892,0.052
final,70,3815617699419913728,2,12000,0.0,0.2,unacceptable,same_evidence,withheld,0.0016666666666666774,0.0034999999999999892,0.052
final,70,3815617699419913728,2,12000,0.0,0.2,unacceptable,framework,withheld,0.0016666666666666774,0.0034999999999999892,0.052
final,71,1438311272509925049,2,12000,0.0,0.2,unacceptable,pooled,supported,0.007208333333333344,0.010416666666666671,0.04416666666666667
final,71,1438311272509925049,2,12000,0.0,0.2,unacceptable,per_feature,withheld,0.007208333333333344,0.010416666666666671,0.04416666666666667
final,71,1438311272509925049,2,12000,0.0,0.2,unacceptable,same_evidence,withheld,0.007208333333333344,0.010416666666666671,0.04416666666666667
final,71,1438311272509925049,2,12000,0.0,0.2,unacceptable,framework,withheld,0.007208333333333344,0.010416666666666671,0.04416666666666667
final,72,3520288221946480094,2,12000,0.0,0.2,unacceptable,pooled,supported,0.004166666666666666,0.006666666666666668,0.04675
final,72,3520288221946480094,2,12000,0.0,0.2,unacceptable,per_feature,supported,0.004166666666666666,0.006666666666666668,0.04675
final,72,3520288221946480094,2,12000,0.0,0.2,unacceptable,same_evidence,withheld,0.004166666666666666,0.006666666666666668,0.04675
final,72,3520288221946480094,2,12000,0.0,0.2,unacceptable,framework,withheld,0.004166666666666666,0.006666666666666668,0.04675
final,73,4466333818041388133,2,12000,0.0,0.2,unacceptable,pooled,supported,0.00045833333333333837,0.00233333333333334,0.049416666666666664
final,73,4466333818041388133,2,12000,0.0,0.2,unacceptable,per_feature,supported,0.00045833333333333837,0.00233333333333334,0.049416666666666664
final,73,4466333818041388133,2,12000,0.0,0.2,unacceptable,same_evidence,withheld,0.00045833333333333837,0.00233333333333334,0.049416666666666664
final,73,4466333818041388133,2,12000,0.0,0.2,unacceptable,framework,withheld,0.00045833333333333837,0.00233333333333334,0.049416666666666664
final,74,714351284528254220,2,12000,0.0,0.2,unacceptable,pooled,supported,0.0007916666666666766,0.003500000000000003,0.051583333333333335
final,74,714351284528254220,2,12000,0.0,0.2,unacceptable,per_feature,supported,0.0007916666666666766,0.003500000000000003,0.051583333333333335
final,74,714351284528254220,2,12000,0.0,0.2,unacceptable,same_evidence,withheld,0.0007916666666666766,0.003500000000000003,0.051583333333333335
final,74,714351284528254220,2,12000,0.0,0.2,unacceptable,framework,withheld,0.0007916666666666766,0.003500000000000003,0.051583333333333335
final,75,1176328749976774707,2,12000,0.0,0.2,unacceptable,pooled,supported,0.004791666666666666,0.006666666666666668,0.051666666666666666
final,75,1176328749976774707,2,12000,0.0,0.2,unacceptable,per_feature,supported,0.004791666666666666,0.006666666666666668,0.051666666666666666
final,75,1176328749976774707,2,12000,0.0,0.2,unacceptable,same_evidence,withheld,0.004791666666666666,0.006666666666666668,0.051666666666666666
final,75,1176328749976774707,2,12000,0.0,0.2,unacceptable,framework,withheld,0.004791666666666666,0.006666666666666668,0.051666666666666666
final,76,4414176697947748462,2,12000,0.0,0.2,unacceptable,pooled,supported,0.0003333333333333244,0.0015833333333333394,0.048
final,76,4414176697947748462,2,12000,0.0,0.2,unacceptable,per_feature,supported,0.0003333333333333244,0.0015833333333333394,0.048
final,76,4414176697947748462,2,12000,0.0,0.2,unacceptable,same_evidence,withheld,0.0003333333333333244,0.0015833333333333394,0.048
final,76,4414176697947748462,2,12000,0.0,0.2,unacceptable,framework,withheld,0.0003333333333333244,0.0015833333333333394,0.048
final,77,2869999802903336955,2,12000,0.0,0.2,unacceptable,pooled,supported,0.0025416666666666643,0.0040000000000000036,0.04908333333333333
final,77,2869999802903336955,2,12000,0.0,0.2,unacceptable,per_feature,supported,0.0025416666666666643,0.0040000000000000036,0.04908333333333333
final,77,2869999802903336955,2,12000,0.0,0.2,unacceptable,same_evidence,withheld,0.0025416666666666643,0.0040000000000000036,0.04908333333333333
final,77,2869999802903336955,2,12000,0.0,0.2,unacceptable,framework,withheld,0.0025416666666666643,0.0040000000000000036,0.04908333333333333
final,78,2784141911193843494,2,12000,0.0,0.2,unacceptable,pooled,supported,0.0013750000000000012,0.002250000000000002,0.04758333333333333
final,78,2784141911193843494,2,12000,0.0,0.2,unacceptable,per_feature,supported,0.0013750000000000012,0.002250000000000002,0.04758333333333333
final,78,2784141911193843494,2,12000,0.0,0.2,unacceptable,same_evidence,withheld,0.0013750000000000012,0.002250000000000002,0.04758333333333333
final,78,2784141911193843494,2,12000,0.0,0.2,unacceptable,framework,withheld,0.0013750000000000012,0.002250000000000002,0.04758333333333333
final,79,1334522381612666112,2,12000,0.0,0.2,unacceptable,pooled,supported,0.0013333333333333391,0.005749999999999991,0.052
final,79,1334522381612666112,2,12000,0.0,0.2,unacceptable,per_feature,supported,0.0013333333333333391,0.005749999999999991,0.052
final,79,1334522381612666112,2,12000,0.0,0.2,unacceptable,same_evidence,withheld,0.0013333333333333391,0.005749999999999991,0.052
final,79,1334522381612666112,2,12000,0.0,0.2,unacceptable,framework,withheld,0.0013333333333333391,0.005749999999999991,0.052
final,80,1017352340974336964,2,12000,0.0,0.2,unacceptable,pooled,supported,0.0028749999999999887,0.0038333333333333414,0.0485
final,80,1017352340974336964,2,12000,0.0,0.2,unacceptable,per_feature,supported,0.0028749999999999887,0.0038333333333333414,0.0485
final,80,1017352340974336964,2,12000,0.0,0.2,unacceptable,same_evidence,withheld,0.0028749999999999887,0.0038333333333333414,0.0485
final,80,1017352340974336964,2,12000,0.0,0.2,unacceptable,framework,withheld,0.0028749999999999887,0.0038333333333333414,0.0485
final,81,1943268726129706513,2,12000,0.0,0.2,unacceptable,pooled,supported,0.005208333333333329,0.009333333333333332,0.0475
final,81,1943268726129706513,2,12000,0.0,0.2,unacceptable,per_feature,supported,0.005208333333333329,0.009333333333333332,0.0475
final,81,1943268726129706513,2,12000,0.0,0.2,unacceptable,same_evidence,withheld,0.005208333333333329,0.009333333333333332,0.0475
final,81,1943268726129706513,2,12000,0.0,0.2,unacceptable,framework,withheld,0.005208333333333329,0.009333333333333332,0.0475
final,82,1028510176001889524,2,12000,0.0,0.2,unacceptable,pooled,supported,0.008583333333333332,0.013749999999999998,0.04783333333333333
final,82,1028510176001889524,2,12000,0.0,0.2,unacceptable,per_feature,withheld,0.008583333333333332,0.013749999999999998,0.04783333333333333
final,82,1028510176001889524,2,12000,0.0,0.2,unacceptable,same_evidence,withheld,0.008583333333333332,0.013749999999999998,0.04783333333333333
final,82,1028510176001889524,2,12000,0.0,0.2,unacceptable,framework,withheld,0.008583333333333332,0.013749999999999998,0.04783333333333333
final,83,4060300477177445149,2,12000,0.0,0.2,unacceptable,pooled,supported,0.0041250000000000175,0.006416666666666668,0.04933333333333333
final,83,4060300477177445149,2,12000,0.0,0.2,unacceptable,per_feature,supported,0.0041250000000000175,0.006416666666666668,0.04933333333333333
final,83,4060300477177445149,2,12000,0.0,0.2,unacceptable,same_evidence,withheld,0.0041250000000000175,0.006416666666666668,0.04933333333333333
final,83,4060300477177445149,2,12000,0.0,0.2,unacceptable,framework,withheld,0.0041250000000000175,0.006416666666666668,0.04933333333333333
final,84,4275199174208570917,2,12000,0.0,0.2,unacceptable,pooled,supported,0.0015416666666666634,0.0029166666666666646,0.050916666666666666
final,84,4275199174208570917,2,12000,0.0,0.2,unacceptable,per_feature,supported,0.0015416666666666634,0.0029166666666666646,0.050916666666666666
final,84,4275199174208570917,2,12000,0.0,0.2,unacceptable,same_evidence,withheld,0.0015416666666666634,0.0029166666666666646,0.050916666666666666
final,84,4275199174208570917,2,12000,0.0,0.2,unacceptable,framework,withheld,0.0015416666666666634,0.0029166666666666646,0.050916666666666666
final,85,1752604171556631226,2,12000,0.0,0.2,unacceptable,pooled,supported,0.00037499999999998646,0.0037499999999999895,0.05125
final,85,1752604171556631226,2,12000,0.0,0.2,unacceptable,per_feature,supported,0.00037499999999998646,0.0037499999999999895,0.05125
final,85,1752604171556631226,2,12000,0.0,0.2,unacceptable,same_evidence,withheld,0.00037499999999998646,0.0037499999999999895,0.05125
final,85,1752604171556631226,2,12000,0.0,0.2,unacceptable,framework,withheld,0.00037499999999998646,0.0037499999999999895,0.05125
final,86,3735874929632802049,2,12000,0.0,0.2,unacceptable,pooled,supported,0.004791666666666666,0.008333333333333331,0.051416666666666666
final,86,3735874929632802049,2,12000,0.0,0.2,unacceptable,per_feature,supported,0.004791666666666666,0.008333333333333331,0.051416666666666666
final,86,3735874929632802049,2,12000,0.0,0.2,unacceptable,same_evidence,withheld,0.004791666666666666,0.008333333333333331,0.051416666666666666
final,86,3735874929632802049,2,12000,0.0,0.2,unacceptable,framework,withheld,0.004791666666666666,0.008333333333333331,0.051416666666666666
final,87,1657007633990550343,2,12000,0.0,0.2,unacceptable,pooled,supported,0.0028750000000000026,0.003250000000000003,0.051916666666666667
final,87,1657007633990550343,2,12000,0.0,0.2,unacceptable,per_feature,supported,0.0028750000000000026,0.003250000000000003,0.051916666666666667
final,87,1657007633990550343,2,12000,0.0,0.2,unacceptable,same_evidence,withheld,0.0028750000000000026,0.003250000000000003,0.051916666666666667
final,87,1657007633990550343,2,12000,0.0,0.2,unacceptable,framework,withheld,0.0028750000000000026,0.003250000000000003,0.051916666666666667
final,88,2008436595405304423,2,12000,0.0,0.2,unacceptable,pooled,supported,0.0037916666666666654,0.007999999999999993,0.04716666666666667
final,88,2008436595405304423,2,12000,0.0,0.2,unacceptable,per_feature,supported,0.0037916666666666654,0.007999999999999993,0.04716666666666667
final,88,2008436595405304423,2,12000,0.0,0.2,unacceptable,same_evidence,withheld,0.0037916666666666654,0.007999999999999993,0.04716666666666667
final,88,2008436595405304423,2,12000,0.0,0.2,unacceptable,framework,withheld,0.0037916666666666654,0.007999999999999993,0.04716666666666667
final,89,3889184716510884992,2,12000,0.0,0.2,unacceptable,pooled,supported,0.0012916666666666632,0.0019166666666666776,0.050833333333333335
final,89,3889184716510884992,2,12000,0.0,0.2,unacceptable,per_feature,supported,0.0012916666666666632,0.0019166666666666776,0.050833333333333335
final,89,3889184716510884992,2,12000,0.0,0.2,unacceptable,same_evidence,withheld,0.0012916666666666632,0.0019166666666666776,0.050833333333333335
final,89,3889184716510884992,2,12000,0.0,0.2,unacceptable,framework,withheld,0.0012916666666666632,0.0019166666666666776,0.050833333333333335
final,90,3486582165069801504,2,12000,0.0,0.2,unacceptable,pooled,supported,0.0012083333333333252,0.0050000000000000044,0.04791666666666667
final,90,3486582165069801504,2,12000,0.0,0.2,unacceptable,per_feature,supported,0.0012083333333333252,0.0050000000000000044,0.04791666666666667
final,90,3486582165069801504,2,12000,0.0,0.2,unacceptable,same_evidence,withheld,0.0012083333333333252,0.0050000000000000044,0.04791666666666667
final,90,3486582165069801504,2,12000,0.0,0.2,unacceptable,framework,withheld,0.0012083333333333252,0.0050000000000000044,0.04791666666666667
final,91,1113492814682960134,2,12000,0.0,0.2,unacceptable,pooled,supported,0.0014583333333333393,0.005583333333333343,0.04808333333333333
final,91,1113492814682960134,2,12000,0.0,0.2,unacceptable,per_feature,supported,0.0014583333333333393,0.005583333333333343,0.04808333333333333
final,91,1113492814682960134,2,12000,0.0,0.2,unacceptable,same_evidence,withheld,0.0014583333333333393,0.005583333333333343,0.04808333333333333
final,91,1113492814682960134,2,12000,0.0,0.2,unacceptable,framework,withheld,0.0014583333333333393,0.005583333333333343,0.04808333333333333
final,92,4309051040484000842,2,12000,0.0,0.2,unacceptable,pooled,supported,0.003124999999999989,0.006916666666666654,0.051833333333333335
final,92,4309051040484000842,2,12000,0.0,0.2,unacceptable,per_feature,supported,0.003124999999999989,0.006916666666666654,0.051833333333333335
final,92,4309051040484000842,2,12000,0.0,0.2,unacceptable,same_evidence,withheld,0.003124999999999989,0.006916666666666654,0.051833333333333335
final,92,4309051040484000842,2,12000,0.0,0.2,unacceptable,framework,withheld,0.003124999999999989,0.006916666666666654,0.051833333333333335
final,93,462355263544876455,2,12000,0.0,0.2,unacceptable,pooled,supported,0.0015416666666666634,0.0016666666666666635,0.049166666666666664
final,93,462355263544876455,2,12000,0.0,0.2,unacceptable,per_feature,supported,0.0015416666666666634,0.0016666666666666635,0.049166666666666664
final,93,462355263544876455,2,12000,0.0,0.2,unacceptable,same_evidence,withheld,0.0015416666666666634,0.0016666666666666635,0.049166666666666664
final,93,462355263544876455,2,12000,0.0,0.2,unacceptable,framework,withheld,0.0015416666666666634,0.0016666666666666635,0.049166666666666664
final,94,4034217370112753720,2,12000,0.0,0.2,unacceptable,pooled,supported,0.007875000000000007,0.008833333333333346,0.0545
final,94,4034217370112753720,2,12000,0.0,0.2,unacceptable,per_feature,supported,0.007875000000000007,0.008833333333333346,0.0545
final,94,4034217370112753720,2,12000,0.0,0.2,unacceptable,same_evidence,withheld,0.007875000000000007,0.008833333333333346,0.0545
final,94,4034217370112753720,2,12000,0.0,0.2,unacceptable,framework,withheld,0.007875000000000007,0.008833333333333346,0.0545
final,95,1144490137984307253,2,12000,0.0,0.2,unacceptable,pooled,supported,0.0012916666666666632,0.00208333333333334,0.05025
final,95,1144490137984307253,2,12000,0.0,0.2,unacceptable,per_feature,supported,0.0012916666666666632,0.00208333333333334,0.05025
final,95,1144490137984307253,2,12000,0.0,0.2,unacceptable,same_evidence,withheld,0.0012916666666666632,0.00208333333333334,0.05025
final,95,1144490137984307253,2,12000,0.0,0.2,unacceptable,framework,withheld,0.0012916666666666632,0.00208333333333334,0.05025
final,96,3417378949714735754,2,12000,0.0,0.2,unacceptable,pooled,supported,0.0037499999999999895,0.005083333333333329,0.048
final,96,3417378949714735754,2,12000,0.0,0.2,unacceptable,per_feature,supported,0.0037499999999999895,0.005083333333333329,0.048
final,96,3417378949714735754,2,12000,0.0,0.2,unacceptable,same_evidence,withheld,0.0037499999999999895,0.005083333333333329,0.048
final,96,3417378949714735754,2,12000,0.0,0.2,unacceptable,framework,withheld,0.0037499999999999895,0.005083333333333329,0.048
final,97,3889650411626807402,2,12000,0.0,0.2,unacceptable,pooled,supported,0.0016250000000000014,0.00208333333333334,0.04633333333333333
final,97,3889650411626807402,2,12000,0.0,0.2,unacceptable,per_feature,supported,0.0016250000000000014,0.00208333333333334,0.04633333333333333
final,97,3889650411626807402,2,12000,0.0,0.2,unacceptable,same_evidence,withheld,0.0016250000000000014,0.00208333333333334,0.04633333333333333
final,97,3889650411626807402,2,12000,0.0,0.2,unacceptable,framework,withheld,0.0016250000000000014,0.00208333333333334,0.04633333333333333
final,98,3464814643717898387,2,12000,0.0,0.2,unacceptable,pooled,supported,0.0006666666666666765,0.0020000000000000018,0.050333333333333334
final,98,3464814643717898387,2,12000,0.0,0.2,unacceptable,per_feature,supported,0.0006666666666666765,0.0020000000000000018,0.050333333333333334
final,98,3464814643717898387,2,12000,0.0,0.2,unacceptable,same_evidence,withheld,0.0006666666666666765,0.0020000000000000018,0.050333333333333334
final,98,3464814643717898387,2,12000,0.0,0.2,unacceptable,framework,withheld,0.0006666666666666765,0.0020000000000000018,0.050333333333333334
final,99,1038725879052208037,2,12000,0.0,0.2,unacceptable,pooled,supported,0.0002916666666666623,0.0028333333333333266,0.051666666666666666
final,99,1038725879052208037,2,12000,0.0,0.2,unacceptable,per_feature,supported,0.0002916666666666623,0.0028333333333333266,0.051666666666666666
final,99,1038725879052208037,2,12000,0.0,0.2,unacceptable,same_evidence,withheld,0.0002916666666666623,0.0028333333333333266,0.051666666666666666
final,99,1038725879052208037,2,12000,0.0,0.2,unacceptable,framework,withheld,0.0002916666666666623,0.0028333333333333266,0.051666666666666666
final,0,895986793473636941,8,12000,0.05,0.15000000000000002,acceptable,pooled,supported,8.333333333332416e-05,0.005916666666666667,0.002250000000000002
final,0,895986793473636941,8,12000,0.05,0.15000000000000002,acceptable,per_feature,supported,8.333333333332416e-05,0.005916666666666667,0.002250000000000002
final,0,895986793473636941,8,12000,0.05,0.15000000000000002,acceptable,same_evidence,supported,8.333333333332416e-05,0.005916666666666667,0.002250000000000002
final,0,895986793473636941,8,12000,0.05,0.15000000000000002,acceptable,framework,supported,8.333333333332416e-05,0.005916666666666667,0.002250000000000002
final,1,4559112194777003334,8,12000,0.05,0.15000000000000002,acceptable,pooled,supported,5.2083333333341475e-05,0.007833333333333331,0.0019166666666666707
final,1,4559112194777003334,8,12000,0.05,0.15000000000000002,acceptable,per_feature,supported,5.2083333333341475e-05,0.007833333333333331,0.0019166666666666707
final,1,4559112194777003334,8,12000,0.05,0.15000000000000002,acceptable,same_evidence,supported,5.2083333333341475e-05,0.007833333333333331,0.0019166666666666707
final,1,4559112194777003334,8,12000,0.05,0.15000000000000002,acceptable,framework,supported,5.2083333333341475e-05,0.007833333333333331,0.0019166666666666707
final,2,121154107286353366,8,12000,0.05,0.15000000000000002,acceptable,pooled,supported,0.001760416666666667,0.01050000000000001,0.002333333333333333
final,2,121154107286353366,8,12000,0.05,0.15000000000000002,acceptable,per_feature,withheld,0.001760416666666667,0.01050000000000001,0.002333333333333333
final,2,121154107286353366,8,12000,0.05,0.15000000000000002,acceptable,same_evidence,withheld,0.001760416666666667,0.01050000000000001,0.002333333333333333
final,2,121154107286353366,8,12000,0.05,0.15000000000000002,acceptable,framework,withheld,0.001760416666666667,0.01050000000000001,0.002333333333333333
final,3,1133062821039749316,8,12000,0.05,0.15000000000000002,acceptable,pooled,supported,0.002104166666666671,0.006500000000000006,0.0017499999999999946
final,3,1133062821039749316,8,12000,0.05,0.15000000000000002,acceptable,per_feature,supported,0.002104166666666671,0.006500000000000006,0.0017499999999999946
final,3,1133062821039749316,8,12000,0.05,0.15000000000000002,acceptable,same_evidence,supported,0.002104166666666671,0.006500000000000006,0.0017499999999999946
final,3,1133062821039749316,8,12000,0.05,0.15000000000000002,acceptable,framework,supported,0.002104166666666671,0.006500000000000006,0.0017499999999999946
final,4,1339519424659849968,8,12000,0.05,0.15000000000000002,acceptable,pooled,supported,0.0014270833333333288,0.007166666666666668,0.005999999999999998
final,4,1339519424659849968,8,12000,0.05,0.15000000000000002,acceptable,per_feature,supported,0.0014270833333333288,0.007166666666666668,0.005999999999999998
final,4,1339519424659849968,8,12000,0.05,0.15000000000000002,acceptable,same_evidence,supported,0.0014270833333333288,0.007166666666666668,0.005999999999999998
final,4,1339519424659849968,8,12000,0.05,0.15000000000000002,acceptable,framework,supported,0.0014270833333333288,0.007166666666666668,0.005999999999999998
final,5,684022616935456245,8,12000,0.05,0.15000000000000002,acceptable,pooled,supported,0.0013020833333333426,0.007333333333333331,0.0009166666666666698
final,5,684022616935456245,8,12000,0.05,0.15000000000000002,acceptable,per_feature,supported,0.0013020833333333426,0.007333333333333331,0.0009166666666666698
final,5,684022616935456245,8,12000,0.05,0.15000000000000002,acceptable,same_evidence,supported,0.0013020833333333426,0.007333333333333331,0.0009166666666666698
final,5,684022616935456245,8,12000,0.05,0.15000000000000002,acceptable,framework,supported,0.0013020833333333426,0.007333333333333331,0.0009166666666666698
final,6,2646010580369840524,8,12000,0.05,0.15000000000000002,acceptable,pooled,supported,0.0007708333333333317,0.0040000000000000036,0.0030000000000000027
final,6,2646010580369840524,8,12000,0.05,0.15000000000000002,acceptable,per_feature,supported,0.0007708333333333317,0.0040000000000000036,0.0030000000000000027
final,6,2646010580369840524,8,12000,0.05,0.15000000000000002,acceptable,same_evidence,supported,0.0007708333333333317,0.0040000000000000036,0.0030000000000000027
final,6,2646010580369840524,8,12000,0.05,0.15000000000000002,acceptable,framework,supported,0.0007708333333333317,0.0040000000000000036,0.0030000000000000027
final,7,583049041568060809,8,12000,0.05,0.15000000000000002,acceptable,pooled,supported,0.0014062499999999978,0.007916666666666655,0.0005833333333333385
final,7,583049041568060809,8,12000,0.05,0.15000000000000002,acceptable,per_feature,supported,0.0014062499999999978,0.007916666666666655,0.0005833333333333385
final,7,583049041568060809,8,12000,0.05,0.15000000000000002,acceptable,same_evidence,supported,0.0014062499999999978,0.007916666666666655,0.0005833333333333385
final,7,583049041568060809,8,12000,0.05,0.15000000000000002,acceptable,framework,supported,0.0014062499999999978,0.007916666666666655,0.0005833333333333385
final,8,440386389697784520,8,12000,0.05,0.15000000000000002,acceptable,pooled,supported,0.00023958333333332082,0.00866666666666667,0.0008333333333333318
final,8,440386389697784520,8,12000,0.05,0.15000000000000002,acceptable,per_feature,supported,0.00023958333333332082,0.00866666666666667,0.0008333333333333318
final,8,440386389697784520,8,12000,0.05,0.15000000000000002,acceptable,same_evidence,supported,0.00023958333333332082,0.00866666666666667,0.0008333333333333318
final,8,440386389697784520,8,12000,0.05,0.15000000000000002,acceptable,framework,supported,0.00023958333333332082,0.00866666666666667,0.0008333333333333318
final,9,2879469759104149804,8,12000,0.05,0.15000000000000002,acceptable,pooled,supported,0.0006458333333333316,0.0040000000000000036,0.00016666666666666913
final,9,2879469759104149804,8,12000,0.05,0.15000000000000002,acceptable,per_feature,supported,0.0006458333333333316,0.0040000000000000036,0.00016666666666666913
final,9,2879469759104149804,8,12000,0.05,0.15000000000000002,acceptable,same_evidence,supported,0.0006458333333333316,0.0040000000000000036,0.00016666666666666913
final,9,2879469759104149804,8,12000,0.05,0.15000000000000002,acceptable,framework,supported,0.0006458333333333316,0.0040000000000000036,0.00016666666666666913
final,10,4307946095349682999,8,12000,0.05,0.15000000000000002,acceptable,pooled,supported,0.0013020833333333287,0.00683333333333333,0.0004166666666666624
final,10,4307946095349682999,8,12000,0.05,0.15000000000000002,acceptable,per_feature,supported,0.0013020833333333287,0.00683333333333333,0.0004166666666666624
final,10,4307946095349682999,8,12000,0.05,0.15000000000000002,acceptable,same_evidence,supported,0.0013020833333333287,0.00683333333333333,0.0004166666666666624
final,10,4307946095349682999,8,12000,0.05,0.15000000000000002,acceptable,framework,supported,0.0013020833333333287,0.00683333333333333,0.0004166666666666624
final,11,4243254429199218686,8,12000,0.05,0.15000000000000002,acceptable,pooled,supported,0.00020833333333332427,0.010499999999999995,0.0026666666666666644
final,11,4243254429199218686,8,12000,0.05,0.15000000000000002,acceptable,per_feature,withheld,0.00020833333333332427,0.010499999999999995,0.0026666666666666644
final,11,4243254429199218686,8,12000,0.05,0.15000000000000002,acceptable,same_evidence,withheld,0.00020833333333332427,0.010499999999999995,0.0026666666666666644
final,11,4243254429199218686,8,12000,0.05,0.15000000000000002,acceptable,framework,withheld,0.00020833333333332427,0.010499999999999995,0.0026666666666666644
final,12,3317616379369475763,8,12000,0.05,0.15000000000000002,acceptable,pooled,supported,0.0002812499999999829,0.005416666666666667,0.0008333333333333318
final,12,3317616379369475763,8,12000,0.05,0.15000000000000002,acceptable,per_feature,supported,0.0002812499999999829,0.005416666666666667,0.0008333333333333318
final,12,3317616379369475763,8,12000,0.05,0.15000000000000002,acceptable,same_evidence,supported,0.0002812499999999829,0.005416666666666667,0.0008333333333333318
final,12,3317616379369475763,8,12000,0.05,0.15000000000000002,acceptable,framework,supported,0.0002812499999999829,0.005416666666666667,0.0008333333333333318
final,13,4606612042197765350,8,12000,0.05,0.15000000000000002,acceptable,pooled,supported,0.0025833333333333264,0.006749999999999992,0.005499999999999998
final,13,4606612042197765350,8,12000,0.05,0.15000000000000002,acceptable,per_feature,supported,0.0025833333333333264,0.006749999999999992,0.005499999999999998
final,13,4606612042197765350,8,12000,0.05,0.15000000000000002,acceptable,same_evidence,supported,0.0025833333333333264,0.006749999999999992,0.005499999999999998
final,13,4606612042197765350,8,12000,0.05,0.15000000000000002,acceptable,framework,supported,0.0025833333333333264,0.006749999999999992,0.005499999999999998
final,14,4357124291903638493,8,12000,0.05,0.15000000000000002,acceptable,pooled,supported,0.0007187499999999902,0.009083333333333332,0.005083333333333329
final,14,4357124291903638493,8,12000,0.05,0.15000000000000002,acceptable,per_feature,supported,0.0007187499999999902,0.009083333333333332,0.005083333333333329
final,14,4357124291903638493,8,12000,0.05,0.15000000000000002,acceptable,same_evidence,supported,0.0007187499999999902,0.009083333333333332,0.005083333333333329
final,14,4357124291903638493,8,12000,0.05,0.15000000000000002,acceptable,framework,supported,0.0007187499999999902,0.009083333333333332,0.005083333333333329
final,15,3924806513729716271,8,12000,0.05,0.15000000000000002,acceptable,pooled,supported,0.0025729166666666747,0.0062500000000000056,0.0009166666666666698
final,15,3924806513729716271,8,12000,0.05,0.15000000000000002,acceptable,per_feature,supported,0.0025729166666666747,0.0062500000000000056,0.0009166666666666698
final,15,3924806513729716271,8,12000,0.05,0.15000000000000002,acceptable,same_evidence,supported,0.0025729166666666747,0.0062500000000000056,0.0009166666666666698
final,15,3924806513729716271,8,12000,0.05,0.15000000000000002,acceptable,framework,supported,0.0025729166666666747,0.0062500000000000056,0.0009166666666666698
final,16,1161073652924412912,8,12000,0.05,0.15000000000000002,acceptable,pooled,supported,0.0029583333333333267,0.009583333333333333,0.004583333333333328
final,16,1161073652924412912,8,12000,0.05,0.15000000000000002,acceptable,per_feature,supported,0.0029583333333333267,0.009583333333333333,0.004583333333333328
final,16,1161073652924412912,8,12000,0.05,0.15000000000000002,acceptable,same_evidence,supported,0.0029583333333333267,0.009583333333333333,0.004583333333333328
final,16,1161073652924412912,8,12000,0.05,0.15000000000000002,acceptable,framework,supported,0.0029583333333333267,0.009583333333333333,0.004583333333333328
final,17,1598154142723363299,8,12000,0.05,0.15000000000000002,acceptable,pooled,supported,0.0011562499999999976,0.005583333333333329,0.0009166666666666629
final,17,1598154142723363299,8,12000,0.05,0.15000000000000002,acceptable,per_feature,supported,0.0011562499999999976,0.005583333333333329,0.0009166666666666629
final,17,1598154142723363299,8,12000,0.05,0.15000000000000002,acceptable,same_evidence,supported,0.0011562499999999976,0.005583333333333329,0.0009166666666666629
final,17,1598154142723363299,8,12000,0.05,0.15000000000000002,acceptable,framework,supported,0.0011562499999999976,0.005583333333333329,0.0009166666666666629
final,18,729775482713401254,8,12000,0.05,0.15000000000000002,acceptable,pooled,supported,0.00035416666666668317,0.005250000000000005,0.0024999999999999953
final,18,729775482713401254,8,12000,0.05,0.15000000000000002,acceptable,per_feature,supported,0.00035416666666668317,0.005250000000000005,0.0024999999999999953
final,18,729775482713401254,8,12000,0.05,0.15000000000000002,acceptable,same_evidence,supported,0.00035416666666668317,0.005250000000000005,0.0024999999999999953
final,18,729775482713401254,8,12000,0.05,0.15000000000000002,acceptable,framework,supported,0.00035416666666668317,0.005250000000000005,0.0024999999999999953
final,19,2984314557911568016,8,12000,0.05,0.15000000000000002,acceptable,pooled,supported,0.0010312500000000113,0.009499999999999995,0.0002500000000000002
final,19,2984314557911568016,8,12000,0.05,0.15000000000000002,acceptable,per_feature,supported,0.0010312500000000113,0.009499999999999995,0.0002500000000000002
final,19,2984314557911568016,8,12000,0.05,0.15000000000000002,acceptable,same_evidence,supported,0.0010312500000000113,0.009499999999999995,0.0002500000000000002
final,19,2984314557911568016,8,12000,0.05,0.15000000000000002,acceptable,framework,supported,0.0010312500000000113,0.009499999999999995,0.0002500000000000002
final,20,3933305985830934494,8,12000,0.05,0.15000000000000002,acceptable,pooled,supported,0.001635416666666667,0.005916666666666667,0.0037499999999999964
final,20,3933305985830934494,8,12000,0.05,0.15000000000000002,acceptable,per_feature,supported,0.001635416666666667,0.005916666666666667,0.0037499999999999964
final,20,3933305985830934494,8,12000,0.05,0.15000000000000002,acceptable,same_evidence,supported,0.001635416666666667,0.005916666666666667,0.0037499999999999964
final,20,3933305985830934494,8,12000,0.05,0.15000000000000002,acceptable,framework,supported,0.001635416666666667,0.005916666666666667,0.0037499999999999964
final,21,4233217779063962014,8,12000,0.05,0.15000000000000002,acceptable,pooled,supported,0.002229166666666671,0.009249999999999994,0.003166666666666665
final,21,4233217779063962014,8,12000,0.05,0.15000000000000002,acceptable,per_feature,supported,0.002229166666666671,0.009249999999999994,0.003166666666666665
final,21,4233217779063962014,8,12000,0.05,0.15000000000000002,acceptable,same_evidence,supported,0.002229166666666671,0.009249999999999994,0.003166666666666665
final,21,4233217779063962014,8,12000,0.05,0.15000000000000002,acceptable,framework,supported,0.002229166666666671,0.009249999999999994,0.003166666666666665
final,22,576925467614975019,8,12000,0.05,0.15000000000000002,acceptable,pooled,supported,0.0009374999999999939,0.009999999999999995,0.002333333333333333
final,22,576925467614975019,8,12000,0.05,0.15000000000000002,acceptable,per_feature,supported,0.0009374999999999939,0.009999999999999995,0.002333333333333333
final,22,576925467614975019,8,12000,0.05,0.15000000000000002,acceptable,same_evidence,supported,0.0009374999999999939,0.009999999999999995,0.002333333333333333
final,22,576925467614975019,8,12000,0.05,0.15000000000000002,acceptable,framework,supported,0.0009374999999999939,0.009999999999999995,0.002333333333333333
final,23,2718580543383808699,8,12000,0.05,0.15000000000000002,acceptable,pooled,supported,0.001552083333333315,0.010833333333333334,0.0019166666666666637
final,23,2718580543383808699,8,12000,0.05,0.15000000000000002,acceptable,per_feature,withheld,0.001552083333333315,0.010833333333333334,0.0019166666666666637
final,23,2718580543383808699,8,12000,0.05,0.15000000000000002,acceptable,same_evidence,withheld,0.001552083333333315,0.010833333333333334,0.0019166666666666637
final,23,2718580543383808699,8,12000,0.05,0.15000000000000002,acceptable,framework,withheld,0.001552083333333315,0.010833333333333334,0.0019166666666666637
final,24,1737974976907775411,8,12000,0.05,0.15000000000000002,acceptable,pooled,supported,0.0030208333333333337,0.008083333333333331,0.005416666666666667
final,24,1737974976907775411,8,12000,0.05,0.15000000000000002,acceptable,per_feature,supported,0.0030208333333333337,0.008083333333333331,0.005416666666666667
final,24,1737974976907775411,8,12000,0.05,0.15000000000000002,acceptable,same_evidence,supported,0.0030208333333333337,0.008083333333333331,0.005416666666666667
final,24,1737974976907775411,8,12000,0.05,0.15000000000000002,acceptable,framework,supported,0.0030208333333333337,0.008083333333333331,0.005416666666666667
final,25,1734073645385862653,8,12000,0.05,0.15000000000000002,acceptable,pooled,supported,0.0007291666666666835,0.010333333333333333,0.0025000000000000022
final,25,1734073645385862653,8,12000,0.05,0.15000000000000002,acceptable,per_feature,withheld,0.0007291666666666835,0.010333333333333333,0.0025000000000000022
final,25,1734073645385862653,8,12000,0.05,0.15000000000000002,acceptable,same_evidence,withheld,0.0007291666666666835,0.010333333333333333,0.0025000000000000022
final,25,1734073645385862653,8,12000,0.05,0.15000000000000002,acceptable,framework,withheld,0.0007291666666666835,0.010333333333333333,0.0025000000000000022
final,26,3210954444699088774,8,12000,0.05,0.15000000000000002,acceptable,pooled,supported,0.0014270833333333288,0.006750000000000006,0.0012500000000000011
final,26,3210954444699088774,8,12000,0.05,0.15000000000000002,acceptable,per_feature,supported,0.0014270833333333288,0.006750000000000006,0.0012500000000000011
final,26,3210954444699088774,8,12000,0.05,0.15000000000000002,acceptable,same_evidence,supported,0.0014270833333333288,0.006750000000000006,0.0012500000000000011
final,26,3210954444699088774,8,12000,0.05,0.15000000000000002,acceptable,framework,supported,0.0014270833333333288,0.006750000000000006,0.0012500000000000011
final,27,671261997146865409,8,12000,0.05,0.15000000000000002,acceptable,pooled,supported,0.0008645833333333214,0.005583333333333329,0.004083333333333335
final,27,671261997146865409,8,12000,0.05,0.15000000000000002,acceptable,per_feature,supported,0.0008645833333333214,0.005583333333333329,0.004083333333333335
final,27,671261997146865409,8,12000,0.05,0.15000000000000002,acceptable,same_evidence,supported,0.0008645833333333214,0.005583333333333329,0.004083333333333335
final,27,671261997146865409,8,12000,0.05,0.15000000000000002,acceptable,framework,supported,0.0008645833333333214,0.005583333333333329,0.004083333333333335
final,28,1077634947481029006,8,12000,0.05,0.15000000000000002,acceptable,pooled,supported,0.00033333333333333826,0.004250000000000004,0.0015833333333333324
final,28,1077634947481029006,8,12000,0.05,0.15000000000000002,acceptable,per_feature,supported,0.00033333333333333826,0.004250000000000004,0.0015833333333333324
final,28,1077634947481029006,8,12000,0.05,0.15000000000000002,acceptable,same_evidence,supported,0.00033333333333333826,0.004250000000000004,0.0015833333333333324
final,28,1077634947481029006,8,12000,0.05,0.15000000000000002,acceptable,framework,supported,0.00033333333333333826,0.004250000000000004,0.0015833333333333324
final,29,2416413130534767681,8,12000,0.05,0.15000000000000002,acceptable,pooled,supported,0.0018749999999999878,0.007333333333333331,0.003416666666666665
final,29,2416413130534767681,8,12000,0.05,0.15000000000000002,acceptable,per_feature,supported,0.0018749999999999878,0.007333333333333331,0.003416666666666665
final,29,2416413130534767681,8,12000,0.05,0.15000000000000002,acceptable,same_evidence,supported,0.0018749999999999878,0.007333333333333331,0.003416666666666665
final,29,2416413130534767681,8,12000,0.05,0.15000000000000002,acceptable,framework,supported,0.0018749999999999878,0.007333333333333331,0.003416666666666665
final,30,3213291901655930588,8,12000,0.05,0.15000000000000002,acceptable,pooled,supported,0.00017708333333335546,0.008333333333333331,0.0037500000000000033
final,30,3213291901655930588,8,12000,0.05,0.15000000000000002,acceptable,per_feature,supported,0.00017708333333335546,0.008333333333333331,0.0037500000000000033
final,30,3213291901655930588,8,12000,0.05,0.15000000000000002,acceptable,same_evidence,supported,0.00017708333333335546,0.008333333333333331,0.0037500000000000033
final,30,3213291901655930588,8,12000,0.05,0.15000000000000002,acceptable,framework,supported,0.00017708333333335546,0.008333333333333331,0.0037500000000000033
final,31,2360975814814968119,8,12000,0.05,0.15000000000000002,acceptable,pooled,supported,0.00037500000000000033,0.005583333333333329,0.0005000000000000004
final,31,2360975814814968119,8,12000,0.05,0.15000000000000002,acceptable,per_feature,supported,0.00037500000000000033,0.005583333333333329,0.0005000000000000004
final,31,2360975814814968119,8,12000,0.05,0.15000000000000002,acceptable,same_evidence,supported,0.00037500000000000033,0.005583333333333329,0.0005000000000000004
final,31,2360975814814968119,8,12000,0.05,0.15000000000000002,acceptable,framework,supported,0.00037500000000000033,0.005583333333333329,0.0005000000000000004
final,32,4078523872036496770,8,12000,0.05,0.15000000000000002,acceptable,pooled,supported,0.0018750000000000017,0.00816666666666667,0.005749999999999998
final,32,4078523872036496770,8,12000,0.05,0.15000000000000002,acceptable,per_feature,supported,0.0018750000000000017,0.00816666666666667,0.005749999999999998
final,32,4078523872036496770,8,12000,0.05,0.15000000000000002,acceptable,same_evidence,supported,0.0018750000000000017,0.00816666666666667,0.005749999999999998
final,32,4078523872036496770,8,12000,0.05,0.15000000000000002,acceptable,framework,supported,0.0018750000000000017,0.00816666666666667,0.005749999999999998
final,33,4185542374737781432,8,12000,0.05,0.15000000000000002,acceptable,pooled,supported,0.0011562499999999976,0.008916666666666656,0.0005000000000000004
final,33,4185542374737781432,8,12000,0.05,0.15000000000000002,acceptable,per_feature,supported,0.0011562499999999976,0.008916666666666656,0.0005000000000000004
final,33,4185542374737781432,8,12000,0.05,0.15000000000000002,acceptable,same_evidence,supported,0.0011562499999999976,0.008916666666666656,0.0005000000000000004
final,33,4185542374737781432,8,12000,0.05,0.15000000000000002,acceptable,framework,supported,0.0011562499999999976,0.008916666666666656,0.0005000000000000004
final,34,4045430551093404371,8,12000,0.05,0.15000000000000002,acceptable,pooled,supported,0.0002812499999999968,0.006500000000000006,0.002250000000000002
final,34,4045430551093404371,8,12000,0.05,0.15000000000000002,acceptable,per_feature,supported,0.0002812499999999968,0.006500000000000006,0.002250000000000002
final,34,4045430551093404371,8,12000,0.05,0.15000000000000002,acceptable,same_evidence,supported,0.0002812499999999968,0.006500000000000006,0.002250000000000002
final,34,4045430551093404371,8,12000,0.05,0.15000000000000002,acceptable,framework,supported,0.0002812499999999968,0.006500000000000006,0.002250000000000002
final,35,565555891262503190,8,12000,0.05,0.15000000000000002,acceptable,pooled,supported,0.0018124999999999947,0.010416666666666671,0.0013333333333333322
final,35,565555891262503190,8,12000,0.05,0.15000000000000002,acceptable,per_feature,withheld,0.0018124999999999947,0.010416666666666671,0.0013333333333333322
final,35,565555891262503190,8,12000,0.05,0.15000000000000002,acceptable,same_evidence,withheld,0.0018124999999999947,0.010416666666666671,0.0013333333333333322
final,35,565555891262503190,8,12000,0.05,0.15000000000000002,acceptable,framework,withheld,0.0018124999999999947,0.010416666666666671,0.0013333333333333322
final,36,845977718158002633,8,12000,0.05,0.15000000000000002,acceptable,pooled,supported,0.00024999999999998634,0.00916666666666667,0.004166666666666673
final,36,845977718158002633,8,12000,0.05,0.15000000000000002,acceptable,per_feature,supported,0.00024999999999998634,0.00916666666666667,0.004166666666666673
final,36,845977718158002633,8,12000,0.05,0.15000000000000002,acceptable,same_evidence,supported,0.00024999999999998634,0.00916666666666667,0.004166666666666673
final,36,845977718158002633,8,12000,0.05,0.15000000000000002,acceptable,framework,supported,0.00024999999999998634,0.00916666666666667,0.004166666666666673
final,37,3002544113474397833,8,12000,0.05,0.15000000000000002,acceptable,pooled,supported,0.0024374999999999952,0.013999999999999999,0.0015000000000000013
final,37,3002544113474397833,8,12000,0.05,0.15000000000000002,acceptable,per_feature,withheld,0.0024374999999999952,0.013999999999999999,0.0015000000000000013
final,37,3002544113474397833,8,12000,0.05,0.15000000000000002,acceptable,same_evidence,withheld,0.0024374999999999952,0.013999999999999999,0.0015000000000000013
final,37,3002544113474397833,8,12000,0.05,0.15000000000000002,acceptable,framework,withheld,0.0024374999999999952,0.013999999999999999,0.0015000000000000013
final,38,2739742246116260166,8,12000,0.05,0.15000000000000002,acceptable,pooled,supported,0.002822916666666661,0.009000000000000008,0.0036666666666666653
final,38,2739742246116260166,8,12000,0.05,0.15000000000000002,acceptable,per_feature,supported,0.002822916666666661,0.009000000000000008,0.0036666666666666653
final,38,2739742246116260166,8,12000,0.05,0.15000000000000002,acceptable,same_evidence,supported,0.002822916666666661,0.009000000000000008,0.0036666666666666653
final,38,2739742246116260166,8,12000,0.05,0.15000000000000002,acceptable,framework,supported,0.002822916666666661,0.009000000000000008,0.0036666666666666653
final,39,3826173772544773597,8,12000,0.05,0.15000000000000002,acceptable,pooled,supported,0.00110416666666667,0.00708333333333333,0.0003333333333333313
final,39,3826173772544773597,8,12000,0.05,0.15000000000000002,acceptable,per_feature,supported,0.00110416666666667,0.00708333333333333,0.0003333333333333313
final,39,3826173772544773597,8,12000,0.05,0.15000000000000002,acceptable,same_evidence,supported,0.00110416666666667,0.00708333333333333,0.0003333333333333313
final,39,3826173772544773597,8,12000,0.05,0.15000000000000002,acceptable,framework,supported,0.00110416666666667,0.00708333333333333,0.0003333333333333313
final,40,374313236708388934,8,12000,0.05,0.15000000000000002,acceptable,pooled,supported,0.0004687500000000039,0.007750000000000007,0.0039166666666666655
final,40,374313236708388934,8,12000,0.05,0.15000000000000002,acceptable,per_feature,supported,0.0004687500000000039,0.007750000000000007,0.0039166666666666655
final,40,374313236708388934,8,12000,0.05,0.15000000000000002,acceptable,same_evidence,supported,0.0004687500000000039,0.007750000000000007,0.0039166666666666655
final,40,374313236708388934,8,12000,0.05,0.15000000000000002,acceptable,framework,supported,0.0004687500000000039,0.007750000000000007,0.0039166666666666655
final,41,3706049520033362848,8,12000,0.05,0.15000000000000002,acceptable,pooled,supported,0.0022604166666666675,0.008749999999999994,0.004583333333333335
final,41,3706049520033362848,8,12000,0.05,0.15000000000000002,acceptable,per_feature,supported,0.0022604166666666675,0.008749999999999994,0.004583333333333335
final,41,3706049520033362848,8,12000,0.05,0.15000000000000002,acceptable,same_evidence,supported,0.0022604166666666675,0.008749999999999994,0.004583333333333335
final,41,3706049520033362848,8,12000,0.05,0.15000000000000002,acceptable,framework,supported,0.0022604166666666675,0.008749999999999994,0.004583333333333335
final,42,408809625009082176,8,12000,0.05,0.15000000000000002,acceptable,pooled,supported,0.0007083333333333386,0.0050833333333333425,0.002333333333333333
final,42,408809625009082176,8,12000,0.05,0.15000000000000002,acceptable,per_feature,supported,0.0007083333333333386,0.0050833333333333425,0.002333333333333333
final,42,408809625009082176,8,12000,0.05,0.15000000000000002,acceptable,same_evidence,supported,0.0007083333333333386,0.0050833333333333425,0.002333333333333333
final,42,408809625009082176,8,12000,0.05,0.15000000000000002,acceptable,framework,supported,0.0007083333333333386,0.0050833333333333425,0.002333333333333333
final,43,4344747013132075792,8,12000,0.05,0.15000000000000002,acceptable,pooled,supported,0.0017812499999999981,0.007166666666666668,0.0015000000000000013
final,43,4344747013132075792,8,12000,0.05,0.15000000000000002,acceptable,per_feature,supported,0.0017812499999999981,0.007166666666666668,0.0015000000000000013
final,43,4344747013132075792,8,12000,0.05,0.15000000000000002,acceptable,same_evidence,supported,0.0017812499999999981,0.007166666666666668,0.0015000000000000013
final,43,4344747013132075792,8,12000,0.05,0.15000000000000002,acceptable,framework,supported,0.0017812499999999981,0.007166666666666668,0.0015000000000000013
final,44,1698869461222562051,8,12000,0.05,0.15000000000000002,acceptable,pooled,supported,0.0013958333333333184,0.00449999999999999,0.0005833333333333385
final,44,1698869461222562051,8,12000,0.05,0.15000000000000002,acceptable,per_feature,supported,0.0013958333333333184,0.00449999999999999,0.0005833333333333385
final,44,1698869461222562051,8,12000,0.05,0.15000000000000002,acceptable,same_evidence,supported,0.0013958333333333184,0.00449999999999999,0.0005833333333333385
final,44,1698869461222562051,8,12000,0.05,0.15000000000000002,acceptable,framework,supported,0.0013958333333333184,0.00449999999999999,0.0005833333333333385
final,45,72481027874961595,8,12000,0.05,0.15000000000000002,acceptable,pooled,supported,0.0030000000000000027,0.004833333333333342,0.0009166666666666629
final,45,72481027874961595,8,12000,0.05,0.15000000000000002,acceptable,per_feature,supported,0.0030000000000000027,0.004833333333333342,0.0009166666666666629
final,45,72481027874961595,8,12000,0.05,0.15000000000000002,acceptable,same_evidence,supported,0.0030000000000000027,0.004833333333333342,0.0009166666666666629
final,45,72481027874961595,8,12000,0.05,0.15000000000000002,acceptable,framework,supported,0.0030000000000000027,0.004833333333333342,0.0009166666666666629
final,46,986031404016316194,8,12000,0.05,0.15000000000000002,acceptable,pooled,supported,0.00010416666666666907,0.005333333333333329,0.0005833333333333315
final,46,986031404016316194,8,12000,0.05,0.15000000000000002,acceptable,per_feature,supported,0.00010416666666666907,0.005333333333333329,0.0005833333333333315
final,46,986031404016316194,8,12000,0.05,0.15000000000000002,acceptable,same_evidence,supported,0.00010416666666666907,0.005333333333333329,0.0005833333333333315
final,46,986031404016316194,8,12000,0.05,0.15000000000000002,acceptable,framework,supported,0.00010416666666666907,0.005333333333333329,0.0005833333333333315
final,47,2342525335514215358,8,12000,0.05,0.15000000000000002,acceptable,pooled,supported,0.0013020833333333287,0.004583333333333328,0.0002500000000000002
final,47,2342525335514215358,8,12000,0.05,0.15000000000000002,acceptable,per_feature,supported,0.0013020833333333287,0.004583333333333328,0.0002500000000000002
final,47,2342525335514215358,8,12000,0.05,0.15000000000000002,acceptable,same_evidence,supported,0.0013020833333333287,0.004583333333333328,0.0002500000000000002
final,47,2342525335514215358,8,12000,0.05,0.15000000000000002,acceptable,framework,supported,0.0013020833333333287,0.004583333333333328,0.0002500000000000002
final,48,2759993876336650005,8,12000,0.05,0.15000000000000002,acceptable,pooled,supported,0.000572916666666673,0.005750000000000005,0.001166666666666663
final,48,2759993876336650005,8,12000,0.05,0.15000000000000002,acceptable,per_feature,supported,0.000572916666666673,0.005750000000000005,0.001166666666666663
final,48,2759993876336650005,8,12000,0.05,0.15000000000000002,acceptable,same_evidence,supported,0.000572916666666673,0.005750000000000005,0.001166666666666663
final,48,2759993876336650005,8,12000,0.05,0.15000000000000002,acceptable,framework,supported,0.000572916666666673,0.005750000000000005,0.001166666666666663
final,49,4453364114061942385,8,12000,0.05,0.15000000000000002,acceptable,pooled,supported,0.00023958333333334858,0.0062500000000000056,0.0029166666666666646
final,49,4453364114061942385,8,12000,0.05,0.15000000000000002,acceptable,per_feature,supported,0.00023958333333334858,0.0062500000000000056,0.0029166666666666646
final,49,4453364114061942385,8,12000,0.05,0.15000000000000002,acceptable,same_evidence,supported,0.00023958333333334858,0.0062500000000000056,0.0029166666666666646
final,49,4453364114061942385,8,12000,0.05,0.15000000000000002,acceptable,framework,supported,0.00023958333333334858,0.0062500000000000056,0.0029166666666666646
final,50,2777580660362394581,8,12000,0.05,0.15000000000000002,acceptable,pooled,supported,0.0015937500000000049,0.006916666666666654,0.002166666666666664
final,50,2777580660362394581,8,12000,0.05,0.15000000000000002,acceptable,per_feature,supported,0.0015937500000000049,0.006916666666666654,0.002166666666666664
final,50,2777580660362394581,8,12000,0.05,0.15000000000000002,acceptable,same_evidence,supported,0.0015937500000000049,0.006916666666666654,0.002166666666666664
final,50,2777580660362394581,8,12000,0.05,0.15000000000000002,acceptable,framework,supported,0.0015937500000000049,0.006916666666666654,0.002166666666666664
final,51,1043408593725392651,8,12000,0.05,0.15000000000000002,acceptable,pooled,supported,0.001614583333333336,0.007833333333333331,0.004833333333333335
final,51,1043408593725392651,8,12000,0.05,0.15000000000000002,acceptable,per_feature,supported,0.001614583333333336,0.007833333333333331,0.004833333333333335
final,51,1043408593725392651,8,12000,0.05,0.15000000000000002,acceptable,same_evidence,supported,0.001614583333333336,0.007833333333333331,0.004833333333333335
final,51,1043408593725392651,8,12000,0.05,0.15000000000000002,acceptable,framework,supported,0.001614583333333336,0.007833333333333331,0.004833333333333335
final,52,3211426503821091765,8,12000,0.05,0.15000000000000002,acceptable,pooled,supported,0.00016666666666667607,0.0037499999999999895,0.002166666666666664
final,52,3211426503821091765,8,12000,0.05,0.15000000000000002,acceptable,per_feature,supported,0.00016666666666667607,0.0037499999999999895,0.002166666666666664
final,52,3211426503821091765,8,12000,0.05,0.15000000000000002,acceptable,same_evidence,supported,0.00016666666666667607,0.0037499999999999895,0.002166666666666664
final,52,3211426503821091765,8,12000,0.05,0.15000000000000002,acceptable,framework,supported,0.00016666666666667607,0.0037499999999999895,0.002166666666666664
final,53,4096870317624815369,8,12000,0.05,0.15000000000000002,acceptable,pooled,supported,0.0028541666666666715,0.008000000000000007,0.0026666666666666644
final,53,4096870317624815369,8,12000,0.05,0.15000000000000002,acceptable,per_feature,supported,0.0028541666666666715,0.008000000000000007,0.0026666666666666644
final,53,4096870317624815369,8,12000,0.05,0.15000000000000002,acceptable,same_evidence,supported,0.0028541666666666715,0.008000000000000007,0.0026666666666666644
final,53,4096870317624815369,8,12000,0.05,0.15000000000000002,acceptable,framework,supported,0.0028541666666666715,0.008000000000000007,0.0026666666666666644
final,54,3068485307516653154,8,12000,0.05,0.15000000000000002,acceptable,pooled,supported,0.0002604166666666796,0.006999999999999992,0.0028333333333333335
final,54,3068485307516653154,8,12000,0.05,0.15000000000000002,acceptable,per_feature,supported,0.0002604166666666796,0.006999999999999992,0.0028333333333333335
final,54,3068485307516653154,8,12000,0.05,0.15000000000000002,acceptable,same_evidence,supported,0.0002604166666666796,0.006999999999999992,0.0028333333333333335
final,54,3068485307516653154,8,12000,0.05,0.15000000000000002,acceptable,framework,supported,0.0002604166666666796,0.006999999999999992,0.0028333333333333335
final,55,2170126539719097327,8,12000,0.05,0.15000000000000002,acceptable,pooled,supported,0.0013020833333333426,0.005833333333333343,0.0013333333333333322
final,55,2170126539719097327,8,12000,0.05,0.15000000000000002,acceptable,per_feature,supported,0.0013020833333333426,0.005833333333333343,0.0013333333333333322
final,55,2170126539719097327,8,12000,0.05,0.15000000000000002,acceptable,same_evidence,supported,0.0013020833333333426,0.005833333333333343,0.0013333333333333322
final,55,2170126539719097327,8,12000,0.05,0.15000000000000002,acceptable,framework,supported,0.0013020833333333426,0.005833333333333343,0.0013333333333333322
final,56,3113537239993372068,8,12000,0.05,0.15000000000000002,acceptable,pooled,supported,0.0012916666666666632,0.007499999999999993,0.0027500000000000024
final,56,3113537239993372068,8,12000,0.05,0.15000000000000002,acceptable,per_feature,supported,0.0012916666666666632,0.007499999999999993,0.0027500000000000024
final,56,3113537239993372068,8,12000,0.05,0.15000000000000002,acceptable,same_evidence,supported,0.0012916666666666632,0.007499999999999993,0.0027500000000000024
final,56,3113537239993372068,8,12000,0.05,0.15000000000000002,acceptable,framework,supported,0.0012916666666666632,0.007499999999999993,0.0027500000000000024
final,57,3801717918816628231,8,12000,0.05,0.15000000000000002,acceptable,pooled,supported,0.00047916666666665553,0.005250000000000005,0.0016666666666666635
final,57,3801717918816628231,8,12000,0.05,0.15000000000000002,acceptable,per_feature,supported,0.00047916666666665553,0.005250000000000005,0.0016666666666666635
final,57,3801717918816628231,8,12000,0.05,0.15000000000000002,acceptable,same_evidence,supported,0.00047916666666665553,0.005250000000000005,0.0016666666666666635
final,57,3801717918816628231,8,12000,0.05,0.15000000000000002,acceptable,framework,supported,0.00047916666666665553,0.005250000000000005,0.0016666666666666635
final,58,74957976996887370,8,12000,0.05,0.15000000000000002,acceptable,pooled,supported,0.0007812499999999972,0.005583333333333343,0.0009166666666666698
final,58,74957976996887370,8,12000,0.05,0.15000000000000002,acceptable,per_feature,supported,0.0007812499999999972,0.005583333333333343,0.0009166666666666698
final,58,74957976996887370,8,12000,0.05,0.15000000000000002,acceptable,same_evidence,supported,0.0007812499999999972,0.005583333333333343,0.0009166666666666698
final,58,74957976996887370,8,12000,0.05,0.15000000000000002,acceptable,framework,supported,0.0007812499999999972,0.005583333333333343,0.0009166666666666698
final,59,2591545227855790712,8,12000,0.05,0.15000000000000002,acceptable,pooled,supported,0.0030937500000000062,0.011249999999999996,0.0010000000000000009
final,59,2591545227855790712,8,12000,0.05,0.15000000000000002,acceptable,per_feature,withheld,0.0030937500000000062,0.011249999999999996,0.0010000000000000009
final,59,2591545227855790712,8,12000,0.05,0.15000000000000002,acceptable,same_evidence,withheld,0.0030937500000000062,0.011249999999999996,0.0010000000000000009
final,59,2591545227855790712,8,12000,0.05,0.15000000000000002,acceptable,framework,withheld,0.0030937500000000062,0.011249999999999996,0.0010000000000000009
final,60,1453276523475172389,8,12000,0.05,0.15000000000000002,acceptable,pooled,supported,0.0025833333333333264,0.008333333333333331,0.004583333333333328
final,60,1453276523475172389,8,12000,0.05,0.15000000000000002,acceptable,per_feature,supported,0.0025833333333333264,0.008333333333333331,0.004583333333333328
final,60,1453276523475172389,8,12000,0.05,0.15000000000000002,acceptable,same_evidence,supported,0.0025833333333333264,0.008333333333333331,0.004583333333333328
final,60,1453276523475172389,8,12000,0.05,0.15000000000000002,acceptable,framework,supported,0.0025833333333333264,0.008333333333333331,0.004583333333333328
final,61,2848117453897132136,8,12000,0.05,0.15000000000000002,acceptable,pooled,supported,0.0005208333333333315,0.009749999999999995,0.004333333333333335
final,61,2848117453897132136,8,12000,0.05,0.15000000000000002,acceptable,per_feature,supported,0.0005208333333333315,0.009749999999999995,0.004333333333333335
final,61,2848117453897132136,8,12000,0.05,0.15000000000000002,acceptable,same_evidence,supported,0.0005208333333333315,0.009749999999999995,0.004333333333333335
final,61,2848117453897132136,8,12000,0.05,0.15000000000000002,acceptable,framework,supported,0.0005208333333333315,0.009749999999999995,0.004333333333333335
final,62,4120803514933443370,8,12000,0.05,0.15000000000000002,acceptable,pooled,supported,0.001635416666666667,0.007416666666666669,0.0027499999999999955
final,62,4120803514933443370,8,12000,0.05,0.15000000000000002,acceptable,per_feature,supported,0.001635416666666667,0.007416666666666669,0.0027499999999999955
final,62,4120803514933443370,8,12000,0.05,0.15000000000000002,acceptable,same_evidence,supported,0.001635416666666667,0.007416666666666669,0.0027499999999999955
final,62,4120803514933443370,8,12000,0.05,0.15000000000000002,acceptable,framework,supported,0.001635416666666667,0.007416666666666669,0.0027499999999999955
final,63,2181141078555310140,8,12000,0.05,0.15000000000000002,acceptable,pooled,supported,0.003010416666666668,0.005666666666666667,0.0015000000000000013
final,63,2181141078555310140,8,12000,0.05,0.15000000000000002,acceptable,per_feature,supported,0.003010416666666668,0.005666666666666667,0.0015000000000000013
final,63,2181141078555310140,8,12000,0.05,0.15000000000000002,acceptable,same_evidence,supported,0.003010416666666668,0.005666666666666667,0.0015000000000000013
final,63,2181141078555310140,8,12000,0.05,0.15000000000000002,acceptable,framework,supported,0.003010416666666668,0.005666666666666667,0.0015000000000000013
final,64,2496949467176602524,8,12000,0.05,0.15000000000000002,acceptable,pooled,supported,0.0016666666666666774,0.0039166666666666655,0.0036666666666666653
final,64,2496949467176602524,8,12000,0.05,0.15000000000000002,acceptable,per_feature,supported,0.0016666666666666774,0.0039166666666666655,0.0036666666666666653
final,64,2496949467176602524,8,12000,0.05,0.15000000000000002,acceptable,same_evidence,supported,0.0016666666666666774,0.0039166666666666655,0.0036666666666666653
final,64,2496949467176602524,8,12000,0.05,0.15000000000000002,acceptable,framework,supported,0.0016666666666666774,0.0039166666666666655,0.0036666666666666653
final,65,4434291914020400461,8,12000,0.05,0.15000000000000002,acceptable,pooled,supported,0.0008124999999999938,0.009583333333333333,0.0012500000000000011
final,65,4434291914020400461,8,12000,0.05,0.15000000000000002,acceptable,per_feature,supported,0.0008124999999999938,0.009583333333333333,0.0012500000000000011
final,65,4434291914020400461,8,12000,0.05,0.15000000000000002,acceptable,same_evidence,supported,0.0008124999999999938,0.009583333333333333,0.0012500000000000011
final,65,4434291914020400461,8,12000,0.05,0.15000000000000002,acceptable,framework,supported,0.0008124999999999938,0.009583333333333333,0.0012500000000000011
final,66,1538357981035921054,8,12000,0.05,0.15000000000000002,acceptable,pooled,supported,0.0013541666666666563,0.0038333333333333275,0.0016666666666666705
final,66,1538357981035921054,8,12000,0.05,0.15000000000000002,acceptable,per_feature,supported,0.0013541666666666563,0.0038333333333333275,0.0016666666666666705
final,66,1538357981035921054,8,12000,0.05,0.15000000000000002,acceptable,same_evidence,supported,0.0013541666666666563,0.0038333333333333275,0.0016666666666666705
final,66,1538357981035921054,8,12000,0.05,0.15000000000000002,acceptable,framework,supported,0.0013541666666666563,0.0038333333333333275,0.0016666666666666705
final,67,2143404660484793477,8,12000,0.05,0.15000000000000002,acceptable,pooled,supported,0.0022812499999999986,0.007999999999999993,0.0038333333333333275
final,67,2143404660484793477,8,12000,0.05,0.15000000000000002,acceptable,per_feature,supported,0.0022812499999999986,0.007999999999999993,0.0038333333333333275
final,67,2143404660484793477,8,12000,0.05,0.15000000000000002,acceptable,same_evidence,supported,0.0022812499999999986,0.007999999999999993,0.0038333333333333275
final,67,2143404660484793477,8,12000,0.05,0.15000000000000002,acceptable,framework,supported,0.0022812499999999986,0.007999999999999993,0.0038333333333333275
final,68,3370057451560222383,8,12000,0.05,0.15000000000000002,acceptable,pooled,supported,0.0006562499999999971,0.007999999999999993,0.0026666666666666644
final,68,3370057451560222383,8,12000,0.05,0.15000000000000002,acceptable,per_feature,supported,0.0006562499999999971,0.007999999999999993,0.0026666666666666644
final,68,3370057451560222383,8,12000,0.05,0.15000000000000002,acceptable,same_evidence,supported,0.0006562499999999971,0.007999999999999993,0.0026666666666666644
final,68,3370057451560222383,8,12000,0.05,0.15000000000000002,acceptable,framework,supported,0.0006562499999999971,0.007999999999999993,0.0026666666666666644
final,69,2482890361696070764,8,12000,0.05,0.15000000000000002,acceptable,pooled,supported,0.0010000000000000009,0.011166666666666672,0.004249999999999997
final,69,2482890361696070764,8,12000,0.05,0.15000000000000002,acceptable,per_feature,withheld,0.0010000000000000009,0.011166666666666672,0.004249999999999997
final,69,2482890361696070764,8,12000,0.05,0.15000000000000002,acceptable,same_evidence,withheld,0.0010000000000000009,0.011166666666666672,0.004249999999999997
final,69,2482890361696070764,8,12000,0.05,0.15000000000000002,acceptable,framework,withheld,0.0010000000000000009,0.011166666666666672,0.004249999999999997
final,70,3265794554327561512,8,12000,0.05,0.15000000000000002,acceptable,pooled,supported,0.0010520833333333285,0.005333333333333343,0.0024999999999999953
final,70,3265794554327561512,8,12000,0.05,0.15000000000000002,acceptable,per_feature,supported,0.0010520833333333285,0.005333333333333343,0.0024999999999999953
final,70,3265794554327561512,8,12000,0.05,0.15000000000000002,acceptable,same_evidence,supported,0.0010520833333333285,0.005333333333333343,0.0024999999999999953
final,70,3265794554327561512,8,12000,0.05,0.15000000000000002,acceptable,framework,supported,0.0010520833333333285,0.005333333333333343,0.0024999999999999953
final,71,1872876956967947941,8,12000,0.05,0.15000000000000002,acceptable,pooled,supported,0.001208333333333339,0.006249999999999992,0.00041666666666666935
final,71,1872876956967947941,8,12000,0.05,0.15000000000000002,acceptable,per_feature,supported,0.001208333333333339,0.006249999999999992,0.00041666666666666935
final,71,1872876956967947941,8,12000,0.05,0.15000000000000002,acceptable,same_evidence,supported,0.001208333333333339,0.006249999999999992,0.00041666666666666935
final,71,1872876956967947941,8,12000,0.05,0.15000000000000002,acceptable,framework,supported,0.001208333333333339,0.006249999999999992,0.00041666666666666935
final,72,2734409010278631577,8,12000,0.05,0.15000000000000002,acceptable,pooled,supported,0.0017916666666666636,0.009333333333333332,0.004416666666666666
final,72,2734409010278631577,8,12000,0.05,0.15000000000000002,acceptable,per_feature,supported,0.0017916666666666636,0.009333333333333332,0.004416666666666666
final,72,2734409010278631577,8,12000,0.05,0.15000000000000002,acceptable,same_evidence,supported,0.0017916666666666636,0.009333333333333332,0.004416666666666666
final,72,2734409010278631577,8,12000,0.05,0.15000000000000002,acceptable,framework,supported,0.0017916666666666636,0.009333333333333332,0.004416666666666666
final,73,1447518408916613809,8,12000,0.05,0.15000000000000002,acceptable,pooled,supported,0.001020833333333318,0.0061666666666666675,0.004583333333333335
final,73,1447518408916613809,8,12000,0.05,0.15000000000000002,acceptable,per_feature,supported,0.001020833333333318,0.0061666666666666675,0.004583333333333335
final,73,1447518408916613809,8,12000,0.05,0.15000000000000002,acceptable,same_evidence,supported,0.001020833333333318,0.0061666666666666675,0.004583333333333335
final,73,1447518408916613809,8,12000,0.05,0.15000000000000002,acceptable,framework,supported,0.001020833333333318,0.0061666666666666675,0.004583333333333335
final,74,1866734226380582641,8,12000,0.05,0.15000000000000002,acceptable,pooled,supported,0.0007395833333333213,0.005666666666666667,0.0028333333333333335
final,74,1866734226380582641,8,12000,0.05,0.15000000000000002,acceptable,per_feature,supported,0.0007395833333333213,0.005666666666666667,0.0028333333333333335
final,74,1866734226380582641,8,12000,0.05,0.15000000000000002,acceptable,same_evidence,supported,0.0007395833333333213,0.005666666666666667,0.0028333333333333335
final,74,1866734226380582641,8,12000,0.05,0.15000000000000002,acceptable,framework,supported,0.0007395833333333213,0.005666666666666667,0.0028333333333333335
final,75,2414352297132797548,8,12000,0.05,0.15000000000000002,acceptable,pooled,supported,0.0008958333333333179,0.007000000000000006,0.001166666666666663
final,75,2414352297132797548,8,12000,0.05,0.15000000000000002,acceptable,per_feature,supported,0.0008958333333333179,0.007000000000000006,0.001166666666666663
final,75,2414352297132797548,8,12000,0.05,0.15000000000000002,acceptable,same_evidence,supported,0.0008958333333333179,0.007000000000000006,0.001166666666666663
final,75,2414352297132797548,8,12000,0.05,0.15000000000000002,acceptable,framework,supported,0.0008958333333333179,0.007000000000000006,0.001166666666666663
final,76,2703549315490917037,8,12000,0.05,0.15000000000000002,acceptable,pooled,supported,0.0006979166666666592,0.005583333333333329,0.0020000000000000018
final,76,2703549315490917037,8,12000,0.05,0.15000000000000002,acceptable,per_feature,supported,0.0006979166666666592,0.005583333333333329,0.0020000000000000018
final,76,2703549315490917037,8,12000,0.05,0.15000000000000002,acceptable,same_evidence,supported,0.0006979166666666592,0.005583333333333329,0.0020000000000000018
final,76,2703549315490917037,8,12000,0.05,0.15000000000000002,acceptable,framework,supported,0.0006979166666666592,0.005583333333333329,0.0020000000000000018
final,77,1133986104225224183,8,12000,0.05,0.15000000000000002,acceptable,pooled,supported,0.001906250000000012,0.005916666666666667,0.00033333333333333826
final,77,1133986104225224183,8,12000,0.05,0.15000000000000002,acceptable,per_feature,supported,0.001906250000000012,0.005916666666666667,0.00033333333333333826
final,77,1133986104225224183,8,12000,0.05,0.15000000000000002,acceptable,same_evidence,supported,0.001906250000000012,0.005916666666666667,0.00033333333333333826
final,77,1133986104225224183,8,12000,0.05,0.15000000000000002,acceptable,framework,supported,0.001906250000000012,0.005916666666666667,0.00033333333333333826
final,78,3949356334054938008,8,12000,0.05,0.15000000000000002,acceptable,pooled,supported,0.00122916666666667,0.007083333333333344,0.0029999999999999957
final,78,3949356334054938008,8,12000,0.05,0.15000000000000002,acceptable,per_feature,supported,0.00122916666666667,0.007083333333333344,0.0029999999999999957
final,78,3949356334054938008,8,12000,0.05,0.15000000000000002,acceptable,same_evidence,supported,0.00122916666666667,0.007083333333333344,0.0029999999999999957
final,78,3949356334054938008,8,12000,0.05,0.15000000000000002,acceptable,framework,supported,0.00122916666666667,0.007083333333333344,0.0029999999999999957
final,79,3965681987402883775,8,12000,0.05,0.15000000000000002,acceptable,pooled,supported,0.0009479166666666594,0.006500000000000006,0.003500000000000003
final,79,3965681987402883775,8,12000,0.05,0.15000000000000002,acceptable,per_feature,supported,0.0009479166666666594,0.006500000000000006,0.003500000000000003
final,79,3965681987402883775,8,12000,0.05,0.15000000000000002,acceptable,same_evidence,supported,0.0009479166666666594,0.006500000000000006,0.003500000000000003
final,79,3965681987402883775,8,12000,0.05,0.15000000000000002,acceptable,framework,supported,0.0009479166666666594,0.006500000000000006,0.003500000000000003
final,80,2686998595709296392,8,12000,0.05,0.15000000000000002,acceptable,pooled,supported,0.0018958333333333466,0.005749999999999991,8.33333333333311e-05
final,80,2686998595709296392,8,12000,0.05,0.15000000000000002,acceptable,per_feature,supported,0.0018958333333333466,0.005749999999999991,8.33333333333311e-05
final,80,2686998595709296392,8,12000,0.05,0.15000000000000002,acceptable,same_evidence,supported,0.0018958333333333466,0.005749999999999991,8.33333333333311e-05
final,80,2686998595709296392,8,12000,0.05,0.15000000000000002,acceptable,framework,supported,0.0018958333333333466,0.005749999999999991,8.33333333333311e-05
final,81,1955056475836811390,8,12000,0.05,0.15000000000000002,acceptable,pooled,supported,0.0009895833333333215,0.00449999999999999,0.0007500000000000007
final,81,1955056475836811390,8,12000,0.05,0.15000000000000002,acceptable,per_feature,supported,0.0009895833333333215,0.00449999999999999,0.0007500000000000007
final,81,1955056475836811390,8,12000,0.05,0.15000000000000002,acceptable,same_evidence,supported,0.0009895833333333215,0.00449999999999999,0.0007500000000000007
final,81,1955056475836811390,8,12000,0.05,0.15000000000000002,acceptable,framework,supported,0.0009895833333333215,0.00449999999999999,0.0007500000000000007
final,82,3534252927523959441,8,12000,0.05,0.15000000000000002,acceptable,pooled,supported,0.0006770833333333282,0.004250000000000004,0.0020000000000000018
final,82,3534252927523959441,8,12000,0.05,0.15000000000000002,acceptable,per_feature,supported,0.0006770833333333282,0.004250000000000004,0.0020000000000000018
final,82,3534252927523959441,8,12000,0.05,0.15000000000000002,acceptable,same_evidence,supported,0.0006770833333333282,0.004250000000000004,0.0020000000000000018
final,82,3534252927523959441,8,12000,0.05,0.15000000000000002,acceptable,framework,supported,0.0006770833333333282,0.004250000000000004,0.0020000000000000018
final,83,1615372334966613386,8,12000,0.05,0.15000000000000002,acceptable,pooled,supported,0.0018333333333333396,0.013083333333333336,0.00033333333333333826
final,83,1615372334966613386,8,12000,0.05,0.15000000000000002,acceptable,per_feature,withheld,0.0018333333333333396,0.013083333333333336,0.00033333333333333826
final,83,1615372334966613386,8,12000,0.05,0.15000000000000002,acceptable,same_evidence,withheld,0.0018333333333333396,0.013083333333333336,0.00033333333333333826
final,83,1615372334966613386,8,12000,0.05,0.15000000000000002,acceptable,framework,withheld,0.0018333333333333396,0.013083333333333336,0.00033333333333333826
final,84,268988785018770356,8,12000,0.05,0.15000000000000002,acceptable,pooled,supported,0.0024583333333333263,0.01150000000000001,0.0015000000000000013
final,84,268988785018770356,8,12000,0.05,0.15000000000000002,acceptable,per_feature,withheld,0.0024583333333333263,0.01150000000000001,0.0015000000000000013
final,84,268988785018770356,8,12000,0.05,0.15000000000000002,acceptable,same_evidence,withheld,0.0024583333333333263,0.01150000000000001,0.0015000000000000013
final,84,268988785018770356,8,12000,0.05,0.15000000000000002,acceptable,framework,withheld,0.0024583333333333263,0.01150000000000001,0.0015000000000000013
final,85,1135044374327932152,8,12000,0.05,0.15000000000000002,acceptable,pooled,supported,0.0013437500000000047,0.005750000000000005,0.0001666666666666622
final,85,1135044374327932152,8,12000,0.05,0.15000000000000002,acceptable,per_feature,supported,0.0013437500000000047,0.005750000000000005,0.0001666666666666622
final,85,1135044374327932152,8,12000,0.05,0.15000000000000002,acceptable,same_evidence,supported,0.0013437500000000047,0.005750000000000005,0.0001666666666666622
final,85,1135044374327932152,8,12000,0.05,0.15000000000000002,acceptable,framework,supported,0.0013437500000000047,0.005750000000000005,0.0001666666666666622
final,86,3247103125083700057,8,12000,0.05,0.15000000000000002,acceptable,pooled,supported,0.0016458333333333464,0.005583333333333343,0.0009166666666666698
final,86,3247103125083700057,8,12000,0.05,0.15000000000000002,acceptable,per_feature,supported,0.0016458333333333464,0.005583333333333343,0.0009166666666666698
final,86,3247103125083700057,8,12000,0.05,0.15000000000000002,acceptable,same_evidence,supported,0.0016458333333333464,0.005583333333333343,0.0009166666666666698
final,86,3247103125083700057,8,12000,0.05,0.15000000000000002,acceptable,framework,supported,0.0016458333333333464,0.005583333333333343,0.0009166666666666698
final,87,2945040652411920109,8,12000,0.05,0.15000000000000002,acceptable,pooled,supported,0.0013437500000000047,0.007500000000000007,0.0014166666666666702
final,87,2945040652411920109,8,12000,0.05,0.15000000000000002,acceptable,per_feature,supported,0.0013437500000000047,0.007500000000000007,0.0014166666666666702
final,87,2945040652411920109,8,12000,0.05,0.15000000000000002,acceptable,same_evidence,supported,0.0013437500000000047,0.007500000000000007,0.0014166666666666702
final,87,2945040652411920109,8,12000,0.05,0.15000000000000002,acceptable,framework,supported,0.0013437500000000047,0.007500000000000007,0.0014166666666666702
final,88,4005078127774875013,8,12000,0.05,0.15000000000000002,acceptable,pooled,supported,0.0004062499999999969,0.004500000000000004,0.0015000000000000013
final,88,4005078127774875013,8,12000,0.05,0.15000000000000002,acceptable,per_feature,supported,0.0004062499999999969,0.004500000000000004,0.0015000000000000013
final,88,4005078127774875013,8,12000,0.05,0.15000000000000002,acceptable,same_evidence,supported,0.0004062499999999969,0.004500000000000004,0.0015000000000000013
final,88,4005078127774875013,8,12000,0.05,0.15000000000000002,acceptable,framework,supported,0.0004062499999999969,0.004500000000000004,0.0015000000000000013
final,89,2552962949259523758,8,12000,0.05,0.15000000000000002,acceptable,pooled,supported,0.0013645833333333357,0.006999999999999992,0.0015000000000000013
final,89,2552962949259523758,8,12000,0.05,0.15000000000000002,acceptable,per_feature,supported,0.0013645833333333357,0.006999999999999992,0.0015000000000000013
final,89,2552962949259523758,8,12000,0.05,0.15000000000000002,acceptable,same_evidence,supported,0.0013645833333333357,0.006999999999999992,0.0015000000000000013
final,89,2552962949259523758,8,12000,0.05,0.15000000000000002,acceptable,framework,supported,0.0013645833333333357,0.006999999999999992,0.0015000000000000013
final,90,1616124515193686993,8,12000,0.05,0.15000000000000002,acceptable,pooled,supported,0.0015624999999999944,0.006666666666666654,0.002166666666666671
final,90,1616124515193686993,8,12000,0.05,0.15000000000000002,acceptable,per_feature,supported,0.0015624999999999944,0.006666666666666654,0.002166666666666671
final,90,1616124515193686993,8,12000,0.05,0.15000000000000002,acceptable,same_evidence,supported,0.0015624999999999944,0.006666666666666654,0.002166666666666671
final,90,1616124515193686993,8,12000,0.05,0.15000000000000002,acceptable,framework,supported,0.0015624999999999944,0.006666666666666654,0.002166666666666671
final,91,924573449083377150,8,12000,0.05,0.15000000000000002,acceptable,pooled,supported,1.0416666666679397e-05,0.0072499999999999926,0.0029166666666666716
final,91,924573449083377150,8,12000,0.05,0.15000000000000002,acceptable,per_feature,supported,1.0416666666679397e-05,0.0072499999999999926,0.0029166666666666716
final,91,924573449083377150,8,12000,0.05,0.15000000000000002,acceptable,same_evidence,supported,1.0416666666679397e-05,0.0072499999999999926,0.0029166666666666716
final,91,924573449083377150,8,12000,0.05,0.15000000000000002,acceptable,framework,supported,1.0416666666679397e-05,0.0072499999999999926,0.0029166666666666716
final,92,3784625768465403460,8,12000,0.05,0.15000000000000002,acceptable,pooled,supported,0.0013437500000000047,0.004583333333333342,0.0030833333333333338
final,92,3784625768465403460,8,12000,0.05,0.15000000000000002,acceptable,per_feature,supported,0.0013437500000000047,0.004583333333333342,0.0030833333333333338
final,92,3784625768465403460,8,12000,0.05,0.15000000000000002,acceptable,same_evidence,supported,0.0013437500000000047,0.004583333333333342,0.0030833333333333338
final,92,3784625768465403460,8,12000,0.05,0.15000000000000002,acceptable,framework,supported,0.0013437500000000047,0.004583333333333342,0.0030833333333333338
final,93,1185292694551650928,8,12000,0.05,0.15000000000000002,acceptable,pooled,supported,9.375000000000355e-05,0.003416666666666665,0.0014999999999999944
final,93,1185292694551650928,8,12000,0.05,0.15000000000000002,acceptable,per_feature,supported,9.375000000000355e-05,0.003416666666666665,0.0014999999999999944
final,93,1185292694551650928,8,12000,0.05,0.15000000000000002,acceptable,same_evidence,supported,9.375000000000355e-05,0.003416666666666665,0.0014999999999999944
final,93,1185292694551650928,8,12000,0.05,0.15000000000000002,acceptable,framework,supported,9.375000000000355e-05,0.003416666666666665,0.0014999999999999944
final,94,2231214955275805241,8,12000,0.05,0.15000000000000002,acceptable,pooled,supported,0.001083333333333339,0.007083333333333344,0.0009166666666666629
final,94,2231214955275805241,8,12000,0.05,0.15000000000000002,acceptable,per_feature,supported,0.001083333333333339,0.007083333333333344,0.0009166666666666629
final,94,2231214955275805241,8,12000,0.05,0.15000000000000002,acceptable,same_evidence,supported,0.001083333333333339,0.007083333333333344,0.0009166666666666629
final,94,2231214955275805241,8,12000,0.05,0.15000000000000002,acceptable,framework,supported,0.001083333333333339,0.007083333333333344,0.0009166666666666629
final,95,3701994741397688568,8,12000,0.05,0.15000000000000002,acceptable,pooled,supported,0.0020520833333333294,0.005083333333333329,0.004416666666666666
final,95,3701994741397688568,8,12000,0.05,0.15000000000000002,acceptable,per_feature,supported,0.0020520833333333294,0.005083333333333329,0.004416666666666666
final,95,3701994741397688568,8,12000,0.05,0.15000000000000002,acceptable,same_evidence,supported,0.0020520833333333294,0.005083333333333329,0.004416666666666666
final,95,3701994741397688568,8,12000,0.05,0.15000000000000002,acceptable,framework,supported,0.0020520833333333294,0.005083333333333329,0.004416666666666666
final,96,626013453687142648,8,12000,0.05,0.15000000000000002,acceptable,pooled,supported,0.002947916666666661,0.0072500000000000064,0.004166666666666666
final,96,626013453687142648,8,12000,0.05,0.15000000000000002,acceptable,per_feature,supported,0.002947916666666661,0.0072500000000000064,0.004166666666666666
final,96,626013453687142648,8,12000,0.05,0.15000000000000002,acceptable,same_evidence,supported,0.002947916666666661,0.0072500000000000064,0.004166666666666666
final,96,626013453687142648,8,12000,0.05,0.15000000000000002,acceptable,framework,supported,0.002947916666666661,0.0072500000000000064,0.004166666666666666
final,97,2870153681379225334,8,12000,0.05,0.15000000000000002,acceptable,pooled,supported,0.0005208333333333315,0.006499999999999992,0.0013333333333333322
final,97,2870153681379225334,8,12000,0.05,0.15000000000000002,acceptable,per_feature,supported,0.0005208333333333315,0.006499999999999992,0.0013333333333333322
final,97,2870153681379225334,8,12000,0.05,0.15000000000000002,acceptable,same_evidence,supported,0.0005208333333333315,0.006499999999999992,0.0013333333333333322
final,97,2870153681379225334,8,12000,0.05,0.15000000000000002,acceptable,framework,supported,0.0005208333333333315,0.006499999999999992,0.0013333333333333322
final,98,822900537598115619,8,12000,0.05,0.15000000000000002,acceptable,pooled,supported,0.0016875000000000084,0.0050000000000000044,0.002250000000000002
final,98,822900537598115619,8,12000,0.05,0.15000000000000002,acceptable,per_feature,supported,0.0016875000000000084,0.0050000000000000044,0.002250000000000002
final,98,822900537598115619,8,12000,0.05,0.15000000000000002,acceptable,same_evidence,supported,0.0016875000000000084,0.0050000000000000044,0.002250000000000002
final,98,822900537598115619,8,12000,0.05,0.15000000000000002,acceptable,framework,supported,0.0016875000000000084,0.0050000000000000044,0.002250000000000002
final,99,1273834913886751705,8,12000,0.05,0.15000000000000002,acceptable,pooled,supported,0.0020520833333333294,0.005416666666666667,0.0061666666666666675
final,99,1273834913886751705,8,12000,0.05,0.15000000000000002,acceptable,per_feature,supported,0.0020520833333333294,0.005416666666666667,0.0061666666666666675
final,99,1273834913886751705,8,12000,0.05,0.15000000000000002,acceptable,same_evidence,supported,0.0020520833333333294,0.005416666666666667,0.0061666666666666675
final,99,1273834913886751705,8,12000,0.05,0.15000000000000002,acceptable,framework,supported,0.0020520833333333294,0.005416666666666667,0.0061666666666666675
final,0,3923654633519871578,8,12000,0.045,0.15500000000000003,acceptable,pooled,supported,0.0014791666666666703,0.010083333333333333,0.004916666666666666
final,0,3923654633519871578,8,12000,0.045,0.15500000000000003,acceptable,per_feature,withheld,0.0014791666666666703,0.010083333333333333,0.004916666666666666
final,0,3923654633519871578,8,12000,0.045,0.15500000000000003,acceptable,same_evidence,withheld,0.0014791666666666703,0.010083333333333333,0.004916666666666666
final,0,3923654633519871578,8,12000,0.045,0.15500000000000003,acceptable,framework,withheld,0.0014791666666666703,0.010083333333333333,0.004916666666666666
final,1,3295616094704894712,8,12000,0.045,0.15500000000000003,acceptable,pooled,supported,0.00031249999999999334,0.007333333333333331,0.003416666666666672
final,1,3295616094704894712,8,12000,0.045,0.15500000000000003,acceptable,per_feature,supported,0.00031249999999999334,0.007333333333333331,0.003416666666666672
final,1,3295616094704894712,8,12000,0.045,0.15500000000000003,acceptable,same_evidence,supported,0.00031249999999999334,0.007333333333333331,0.003416666666666672
final,1,3295616094704894712,8,12000,0.045,0.15500000000000003,acceptable,framework,supported,0.00031249999999999334,0.007333333333333331,0.003416666666666672
final,2,2947732247231920248,8,12000,0.045,0.15500000000000003,acceptable,pooled,supported,0.00018749999999997935,0.004583333333333328,0.005916666666666667
final,2,2947732247231920248,8,12000,0.045,0.15500000000000003,acceptable,per_feature,supported,0.00018749999999997935,0.004583333333333328,0.005916666666666667
final,2,2947732247231920248,8,12000,0.045,0.15500000000000003,acceptable,same_evidence,supported,0.00018749999999997935,0.004583333333333328,0.005916666666666667
final,2,2947732247231920248,8,12000,0.045,0.15500000000000003,acceptable,framework,supported,0.00018749999999997935,0.004583333333333328,0.005916666666666667
final,3,4194257279575193257,8,12000,0.045,0.15500000000000003,acceptable,pooled,supported,0.0019687500000000052,0.0062500000000000056,0.0010000000000000009
final,3,4194257279575193257,8,12000,0.045,0.15500000000000003,acceptable,per_feature,supported,0.0019687500000000052,0.0062500000000000056,0.0010000000000000009
final,3,4194257279575193257,8,12000,0.045,0.15500000000000003,acceptable,same_evidence,supported,0.0019687500000000052,0.0062500000000000056,0.0010000000000000009
final,3,4194257279575193257,8,12000,0.045,0.15500000000000003,acceptable,framework,supported,0.0019687500000000052,0.0062500000000000056,0.0010000000000000009
final,4,1075711394787746137,8,12000,0.045,0.15500000000000003,acceptable,pooled,supported,0.004229166666666659,0.01075000000000001,0.004749999999999997
final,4,1075711394787746137,8,12000,0.045,0.15500000000000003,acceptable,per_feature,withheld,0.004229166666666659,0.01075000000000001,0.004749999999999997
final,4,1075711394787746137,8,12000,0.045,0.15500000000000003,acceptable,same_evidence,withheld,0.004229166666666659,0.01075000000000001,0.004749999999999997
final,4,1075711394787746137,8,12000,0.045,0.15500000000000003,acceptable,framework,withheld,0.004229166666666659,0.01075000000000001,0.004749999999999997
final,5,3777205210450669396,8,12000,0.045,0.15500000000000003,acceptable,pooled,supported,0.0004270833333333418,0.006666666666666668,0.005166666666666667
final,5,3777205210450669396,8,12000,0.045,0.15500000000000003,acceptable,per_feature,supported,0.0004270833333333418,0.006666666666666668,0.005166666666666667
final,5,3777205210450669396,8,12000,0.045,0.15500000000000003,acceptable,same_evidence,supported,0.0004270833333333418,0.006666666666666668,0.005166666666666667
final,5,3777205210450669396,8,12000,0.045,0.15500000000000003,acceptable,framework,supported,0.0004270833333333418,0.006666666666666668,0.005166666666666667
final,6,1171297436069238182,8,12000,0.045,0.15500000000000003,acceptable,pooled,supported,0.00016666666666667607,0.003250000000000003,0.005416666666666667
final,6,1171297436069238182,8,12000,0.045,0.15500000000000003,acceptable,per_feature,supported,0.00016666666666667607,0.003250000000000003,0.005416666666666667
final,6,1171297436069238182,8,12000,0.045,0.15500000000000003,acceptable,same_evidence,supported,0.00016666666666667607,0.003250000000000003,0.005416666666666667
final,6,1171297436069238182,8,12000,0.045,0.15500000000000003,acceptable,framework,supported,0.00016666666666667607,0.003250000000000003,0.005416666666666667
final,7,65256522153533261,8,12000,0.045,0.15500000000000003,acceptable,pooled,supported,0.0026458333333333195,0.009083333333333332,0.007916666666666669
final,7,65256522153533261,8,12000,0.045,0.15500000000000003,acceptable,per_feature,supported,0.0026458333333333195,0.009083333333333332,0.007916666666666669
final,7,65256522153533261,8,12000,0.045,0.15500000000000003,acceptable,same_evidence,supported,0.0026458333333333195,0.009083333333333332,0.007916666666666669
final,7,65256522153533261,8,12000,0.045,0.15500000000000003,acceptable,framework,supported,0.0026458333333333195,0.009083333333333332,0.007916666666666669
final,8,4070476611421288115,8,12000,0.045,0.15500000000000003,acceptable,pooled,supported,0.0008645833333333353,0.0060833333333333295,0.006916666666666668
final,8,4070476611421288115,8,12000,0.045,0.15500000000000003,acceptable,per_feature,supported,0.0008645833333333353,0.0060833333333333295,0.006916666666666668
final,8,4070476611421288115,8,12000,0.045,0.15500000000000003,acceptable,same_evidence,supported,0.0008645833333333353,0.0060833333333333295,0.006916666666666668
final,8,4070476611421288115,8,12000,0.045,0.15500000000000003,acceptable,framework,supported,0.0008645833333333353,0.0060833333333333295,0.006916666666666668
final,9,937112279714153563,8,12000,0.045,0.15500000000000003,acceptable,pooled,supported,0.000552083333333328,0.007000000000000006,0.005666666666666667
final,9,937112279714153563,8,12000,0.045,0.15500000000000003,acceptable,per_feature,supported,0.000552083333333328,0.007000000000000006,0.005666666666666667
final,9,937112279714153563,8,12000,0.045,0.15500000000000003,acceptable,same_evidence,supported,0.000552083333333328,0.007000000000000006,0.005666666666666667
final,9,937112279714153563,8,12000,0.045,0.15500000000000003,acceptable,framework,supported,0.000552083333333328,0.007000000000000006,0.005666666666666667
final,10,3808171964445848272,8,12000,0.045,0.15500000000000003,acceptable,pooled,supported,1.0416666666679397e-05,0.004833333333333342,0.005916666666666667
final,10,3808171964445848272,8,12000,0.045,0.15500000000000003,acceptable,per_feature,supported,1.0416666666679397e-05,0.004833333333333342,0.005916666666666667
final,10,3808171964445848272,8,12000,0.045,0.15500000000000003,acceptable,same_evidence,supported,1.0416666666679397e-05,0.004833333333333342,0.005916666666666667
final,10,3808171964445848272,8,12000,0.045,0.15500000000000003,acceptable,framework,supported,1.0416666666679397e-05,0.004833333333333342,0.005916666666666667
final,11,4006652163658957418,8,12000,0.045,0.15500000000000003,acceptable,pooled,supported,0.0006354166666666661,0.0072499999999999926,0.006999999999999999
final,11,4006652163658957418,8,12000,0.045,0.15500000000000003,acceptable,per_feature,supported,0.0006354166666666661,0.0072499999999999926,0.006999999999999999
final,11,4006652163658957418,8,12000,0.045,0.15500000000000003,acceptable,same_evidence,supported,0.0006354166666666661,0.0072499999999999926,0.006999999999999999
final,11,4006652163658957418,8,12000,0.045,0.15500000000000003,acceptable,framework,supported,0.0006354166666666661,0.0072499999999999926,0.006999999999999999
final,12,2844311609929782411,8,12000,0.045,0.15500000000000003,acceptable,pooled,supported,0.0022604166666666675,0.008250000000000007,0.004749999999999997
final,12,2844311609929782411,8,12000,0.045,0.15500000000000003,acceptable,per_feature,supported,0.0022604166666666675,0.008250000000000007,0.004749999999999997
final,12,2844311609929782411,8,12000,0.045,0.15500000000000003,acceptable,same_evidence,supported,0.0022604166666666675,0.008250000000000007,0.004749999999999997
final,12,2844311609929782411,8,12000,0.045,0.15500000000000003,acceptable,framework,supported,0.0022604166666666675,0.008250000000000007,0.004749999999999997
final,13,1892052671018891256,8,12000,0.045,0.15500000000000003,acceptable,pooled,supported,0.0018958333333333466,0.006499999999999992,0.007833333333333338
final,13,1892052671018891256,8,12000,0.045,0.15500000000000003,acceptable,per_feature,supported,0.0018958333333333466,0.006499999999999992,0.007833333333333338
final,13,1892052671018891256,8,12000,0.045,0.15500000000000003,acceptable,same_evidence,supported,0.0018958333333333466,0.006499999999999992,0.007833333333333338
final,13,1892052671018891256,8,12000,0.045,0.15500000000000003,acceptable,framework,supported,0.0018958333333333466,0.006499999999999992,0.007833333333333338
final,14,2660927039322137083,8,12000,0.045,0.15500000000000003,acceptable,pooled,supported,0.0017395833333333222,0.00658333333333333,0.0025833333333333333
final,14,2660927039322137083,8,12000,0.045,0.15500000000000003,acceptable,per_feature,supported,0.0017395833333333222,0.00658333333333333,0.0025833333333333333
final,14,2660927039322137083,8,12000,0.045,0.15500000000000003,acceptable,same_evidence,supported,0.0017395833333333222,0.00658333333333333,0.0025833333333333333
final,14,2660927039322137083,8,12000,0.045,0.15500000000000003,acceptable,framework,supported,0.0017395833333333222,0.00658333333333333,0.0025833333333333333
final,15,653023138421046895,8,12000,0.045,0.15500000000000003,acceptable,pooled,supported,0.0015000000000000013,0.007000000000000006,0.005666666666666667
final,15,653023138421046895,8,12000,0.045,0.15500000000000003,acceptable,per_feature,supported,0.0015000000000000013,0.007000000000000006,0.005666666666666667
final,15,653023138421046895,8,12000,0.045,0.15500000000000003,acceptable,same_evidence,supported,0.0015000000000000013,0.007000000000000006,0.005666666666666667
final,15,653023138421046895,8,12000,0.045,0.15500000000000003,acceptable,framework,supported,0.0015000000000000013,0.007000000000000006,0.005666666666666667
final,16,1230697120447331572,8,12000,0.045,0.15500000000000003,acceptable,pooled,supported,0.0016874999999999807,0.006666666666666668,0.002083333333333333
final,16,1230697120447331572,8,12000,0.045,0.15500000000000003,acceptable,per_feature,supported,0.0016874999999999807,0.006666666666666668,0.002083333333333333
final,16,1230697120447331572,8,12000,0.045,0.15500000000000003,acceptable,same_evidence,supported,0.0016874999999999807,0.006666666666666668,0.002083333333333333
final,16,1230697120447331572,8,12000,0.045,0.15500000000000003,acceptable,framework,supported,0.0016874999999999807,0.006666666666666668,0.002083333333333333
final,17,4480964299868993135,8,12000,0.045,0.15500000000000003,acceptable,pooled,supported,0.00038541666666666585,0.004333333333333342,0.0075
final,17,4480964299868993135,8,12000,0.045,0.15500000000000003,acceptable,per_feature,supported,0.00038541666666666585,0.004333333333333342,0.0075
final,17,4480964299868993135,8,12000,0.045,0.15500000000000003,acceptable,same_evidence,supported,0.00038541666666666585,0.004333333333333342,0.0075
final,17,4480964299868993135,8,12000,0.045,0.15500000000000003,acceptable,framework,supported,0.00038541666666666585,0.004333333333333342,0.0075
final,18,2215073670444456507,8,12000,0.045,0.15500000000000003,acceptable,pooled,supported,0.0010625000000000079,0.007500000000000007,0.004750000000000004
final,18,2215073670444456507,8,12000,0.045,0.15500000000000003,acceptable,per_feature,supported,0.0010625000000000079,0.007500000000000007,0.004750000000000004
final,18,2215073670444456507,8,12000,0.045,0.15500000000000003,acceptable,same_evidence,supported,0.0010625000000000079,0.007500000000000007,0.004750000000000004
final,18,2215073670444456507,8,12000,0.045,0.15500000000000003,acceptable,framework,supported,0.0010625000000000079,0.007500000000000007,0.004750000000000004
final,19,669862535719419842,8,12000,0.045,0.15500000000000003,acceptable,pooled,supported,0.0025937500000000058,0.008583333333333332,0.0006666666666666626
final,19,669862535719419842,8,12000,0.045,0.15500000000000003,acceptable,per_feature,supported,0.0025937500000000058,0.008583333333333332,0.0006666666666666626
final,19,669862535719419842,8,12000,0.045,0.15500000000000003,acceptable,same_evidence,supported,0.0025937500000000058,0.008583333333333332,0.0006666666666666626
final,19,669862535719419842,8,12000,0.045,0.15500000000000003,acceptable,framework,supported,0.0025937500000000058,0.008583333333333332,0.0006666666666666626
final,20,1788109804401887492,8,12000,0.045,0.15500000000000003,acceptable,pooled,supported,0.001802083333333343,0.005833333333333329,0.009083333333333332
final,20,1788109804401887492,8,12000,0.045,0.15500000000000003,acceptable,per_feature,supported,0.001802083333333343,0.005833333333333329,0.009083333333333332
final,20,1788109804401887492,8,12000,0.045,0.15500000000000003,acceptable,same_evidence,supported,0.001802083333333343,0.005833333333333329,0.009083333333333332
final,20,1788109804401887492,8,12000,0.045,0.15500000000000003,acceptable,framework,supported,0.001802083333333343,0.005833333333333329,0.009083333333333332
final,21,4187495246407917701,8,12000,0.045,0.15500000000000003,acceptable,pooled,supported,0.00033333333333333826,0.005750000000000005,0.0040000000000000036
final,21,4187495246407917701,8,12000,0.045,0.15500000000000003,acceptable,per_feature,supported,0.00033333333333333826,0.005750000000000005,0.0040000000000000036
final,21,4187495246407917701,8,12000,0.045,0.15500000000000003,acceptable,same_evidence,supported,0.00033333333333333826,0.005750000000000005,0.0040000000000000036
final,21,4187495246407917701,8,12000,0.045,0.15500000000000003,acceptable,framework,supported,0.00033333333333333826,0.005750000000000005,0.0040000000000000036
final,22,1941641784859683614,8,12000,0.045,0.15500000000000003,acceptable,pooled,supported,0.0014270833333333427,0.006999999999999992,0.0024999999999999953
final,22,1941641784859683614,8,12000,0.045,0.15500000000000003,acceptable,per_feature,supported,0.0014270833333333427,0.006999999999999992,0.0024999999999999953
final,22,1941641784859683614,8,12000,0.045,0.15500000000000003,acceptable,same_evidence,supported,0.0014270833333333427,0.006999999999999992,0.0024999999999999953
final,22,1941641784859683614,8,12000,0.045,0.15500000000000003,acceptable,framework,supported,0.0014270833333333427,0.006999999999999992,0.0024999999999999953
final,23,3152607287401950548,8,12000,0.045,0.15500000000000003,acceptable,pooled,supported,0.0009687500000000043,0.007749999999999993,0.003416666666666672
final,23,3152607287401950548,8,12000,0.045,0.15500000000000003,acceptable,per_feature,supported,0.0009687500000000043,0.007749999999999993,0.003416666666666672
final,23,3152607287401950548,8,12000,0.045,0.15500000000000003,acceptable,same_evidence,supported,0.0009687500000000043,0.007749999999999993,0.003416666666666672
final,23,3152607287401950548,8,12000,0.045,0.15500000000000003,acceptable,framework,supported,0.0009687500000000043,0.007749999999999993,0.003416666666666672
final,24,2308258369746602265,8,12000,0.045,0.15500000000000003,acceptable,pooled,supported,0.0008958333333333318,0.007333333333333331,0.007833333333333338
final,24,2308258369746602265,8,12000,0.045,0.15500000000000003,acceptable,per_feature,supported,0.0008958333333333318,0.007333333333333331,0.007833333333333338
final,24,2308258369746602265,8,12000,0.045,0.15500000000000003,acceptable,same_evidence,supported,0.0008958333333333318,0.007333333333333331,0.007833333333333338
final,24,2308258369746602265,8,12000,0.045,0.15500000000000003,acceptable,framework,supported,0.0008958333333333318,0.007333333333333331,0.007833333333333338
final,25,3230226683407377429,8,12000,0.045,0.15500000000000003,acceptable,pooled,supported,0.0011562500000000114,0.004416666666666666,0.006000000000000005
final,25,3230226683407377429,8,12000,0.045,0.15500000000000003,acceptable,per_feature,supported,0.0011562500000000114,0.004416666666666666,0.006000000000000005
final,25,3230226683407377429,8,12000,0.045,0.15500000000000003,acceptable,same_evidence,supported,0.0011562500000000114,0.004416666666666666,0.006000000000000005
final,25,3230226683407377429,8,12000,0.045,0.15500000000000003,acceptable,framework,supported,0.0011562500000000114,0.004416666666666666,0.006000000000000005
final,26,791399905338617772,8,12000,0.045,0.15500000000000003,acceptable,pooled,supported,0.0004583333333333245,0.0062500000000000056,0.006083333333333336
final,26,791399905338617772,8,12000,0.045,0.15500000000000003,acceptable,per_feature,supported,0.0004583333333333245,0.0062500000000000056,0.006083333333333336
final,26,791399905338617772,8,12000,0.045,0.15500000000000003,acceptable,same_evidence,supported,0.0004583333333333245,0.0062500000000000056,0.006083333333333336
final,26,791399905338617772,8,12000,0.045,0.15500000000000003,acceptable,framework,supported,0.0004583333333333245,0.0062500000000000056,0.006083333333333336
final,27,4463151527531812437,8,12000,0.045,0.15500000000000003,acceptable,pooled,supported,0.0001770833333333277,0.0062500000000000056,0.002333333333333333
final,27,4463151527531812437,8,12000,0.045,0.15500000000000003,acceptable,per_feature,supported,0.0001770833333333277,0.0062500000000000056,0.002333333333333333
final,27,4463151527531812437,8,12000,0.045,0.15500000000000003,acceptable,same_evidence,supported,0.0001770833333333277,0.0062500000000000056,0.002333333333333333
final,27,4463151527531812437,8,12000,0.045,0.15500000000000003,acceptable,framework,supported,0.0001770833333333277,0.0062500000000000056,0.002333333333333333
final,28,1113003620048581975,8,12000,0.045,0.15500000000000003,acceptable,pooled,supported,0.0014166666666666772,0.011499999999999996,0.005916666666666667
final,28,1113003620048581975,8,12000,0.045,0.15500000000000003,acceptable,per_feature,withheld,0.0014166666666666772,0.011499999999999996,0.005916666666666667
final,28,1113003620048581975,8,12000,0.045,0.15500000000000003,acceptable,same_evidence,withheld,0.0014166666666666772,0.011499999999999996,0.005916666666666667
final,28,1113003620048581975,8,12000,0.045,0.15500000000000003,acceptable,framework,withheld,0.0014166666666666772,0.011499999999999996,0.005916666666666667
final,29,1484682036100876520,8,12000,0.045,0.15500000000000003,acceptable,pooled,supported,0.00110416666666667,0.006499999999999992,0.004249999999999997
final,29,1484682036100876520,8,12000,0.045,0.15500000000000003,acceptable,per_feature,supported,0.00110416666666667,0.006499999999999992,0.004249999999999997
final,29,1484682036100876520,8,12000,0.045,0.15500000000000003,acceptable,same_evidence,supported,0.00110416666666667,0.006499999999999992,0.004249999999999997
final,29,1484682036100876520,8,12000,0.045,0.15500000000000003,acceptable,framework,supported,0.00110416666666667,0.006499999999999992,0.004249999999999997
final,30,3199834274849455224,8,12000,0.045,0.15500000000000003,acceptable,pooled,supported,0.0024270833333333436,0.008000000000000007,0.011083333333333334
final,30,3199834274849455224,8,12000,0.045,0.15500000000000003,acceptable,per_feature,supported,0.0024270833333333436,0.008000000000000007,0.011083333333333334
final,30,3199834274849455224,8,12000,0.045,0.15500000000000003,acceptable,same_evidence,withheld,0.0024270833333333436,0.008000000000000007,0.011083333333333334
final,30,3199834274849455224,8,12000,0.045,0.15500000000000003,acceptable,framework,withheld,0.0024270833333333436,0.008000000000000007,0.011083333333333334
final,31,948412153670798854,8,12000,0.045,0.15500000000000003,acceptable,pooled,supported,0.0016041666666666565,0.00916666666666667,0.00941666666666667
final,31,948412153670798854,8,12000,0.045,0.15500000000000003,acceptable,per_feature,supported,0.0016041666666666565,0.00916666666666667,0.00941666666666667
final,31,948412153670798854,8,12000,0.045,0.15500000000000003,acceptable,same_evidence,supported,0.0016041666666666565,0.00916666666666667,0.00941666666666667
final,31,948412153670798854,8,12000,0.045,0.15500000000000003,acceptable,framework,supported,0.0016041666666666565,0.00916666666666667,0.00941666666666667
final,32,3309249817089451497,8,12000,0.045,0.15500000000000003,acceptable,pooled,supported,0.0015520833333333428,0.006916666666666668,0.007333333333333331
final,32,3309249817089451497,8,12000,0.045,0.15500000000000003,acceptable,per_feature,supported,0.0015520833333333428,0.006916666666666668,0.007333333333333331
final,32,3309249817089451497,8,12000,0.045,0.15500000000000003,acceptable,same_evidence,supported,0.0015520833333333428,0.006916666666666668,0.007333333333333331
final,32,3309249817089451497,8,12000,0.045,0.15500000000000003,acceptable,framework,supported,0.0015520833333333428,0.006916666666666668,0.007333333333333331
final,33,1307847057098185190,8,12000,0.045,0.15500000000000003,acceptable,pooled,supported,0.0008229166666666732,0.004666666666666666,0.00116666666666667
final,33,1307847057098185190,8,12000,0.045,0.15500000000000003,acceptable,per_feature,supported,0.0008229166666666732,0.004666666666666666,0.00116666666666667
final,33,1307847057098185190,8,12000,0.045,0.15500000000000003,acceptable,same_evidence,supported,0.0008229166666666732,0.004666666666666666,0.00116666666666667
final,33,1307847057098185190,8,12000,0.045,0.15500000000000003,acceptable,framework,supported,0.0008229166666666732,0.004666666666666666,0.00116666666666667
final,34,2768684759308541320,8,12000,0.045,0.15500000000000003,acceptable,pooled,supported,0.0011562499999999976,0.007750000000000007,0.0035833333333333273
final,34,2768684759308541320,8,12000,0.045,0.15500000000000003,acceptable,per_feature,supported,0.0011562499999999976,0.007750000000000007,0.0035833333333333273
final,34,2768684759308541320,8,12000,0.045,0.15500000000000003,acceptable,same_evidence,supported,0.0011562499999999976,0.007750000000000007,0.0035833333333333273
final,34,2768684759308541320,8,12000,0.045,0.15500000000000003,acceptable,framework,supported,0.0011562499999999976,0.007750000000000007,0.0035833333333333273
final,35,2376195828210910591,8,12000,0.045,0.15500000000000003,acceptable,pooled,supported,0.000614583333333335,0.0060833333333333295,0.006333333333333337
final,35,2376195828210910591,8,12000,0.045,0.15500000000000003,acceptable,per_feature,supported,0.000614583333333335,0.0060833333333333295,0.006333333333333337
final,35,2376195828210910591,8,12000,0.045,0.15500000000000003,acceptable,same_evidence,supported,0.000614583333333335,0.0060833333333333295,0.006333333333333337
final,35,2376195828210910591,8,12000,0.045,0.15500000000000003,acceptable,framework,supported,0.000614583333333335,0.0060833333333333295,0.006333333333333337
final,36,909809104383977211,8,12000,0.045,0.15500000000000003,acceptable,pooled,supported,0.0008020833333333283,0.006416666666666668,0.0050833333333333355
final,36,909809104383977211,8,12000,0.045,0.15500000000000003,acceptable,per_feature,supported,0.0008020833333333283,0.006416666666666668,0.0050833333333333355
final,36,909809104383977211,8,12000,0.045,0.15500000000000003,acceptable,same_evidence,supported,0.0008020833333333283,0.006416666666666668,0.0050833333333333355
final,36,909809104383977211,8,12000,0.045,0.15500000000000003,acceptable,framework,supported,0.0008020833333333283,0.006416666666666668,0.0050833333333333355
final,37,2526515472156770434,8,12000,0.045,0.15500000000000003,acceptable,pooled,supported,0.0002812499999999968,0.004250000000000004,0.0039166666666666655
final,37,2526515472156770434,8,12000,0.045,0.15500000000000003,acceptable,per_feature,supported,0.0002812499999999968,0.004250000000000004,0.0039166666666666655
final,37,2526515472156770434,8,12000,0.045,0.15500000000000003,acceptable,same_evidence,supported,0.0002812499999999968,0.004250000000000004,0.0039166666666666655
final,37,2526515472156770434,8,12000,0.045,0.15500000000000003,acceptable,framework,supported,0.0002812499999999968,0.004250000000000004,0.0039166666666666655
final,38,1280428247113803995,8,12000,0.045,0.15500000000000003,acceptable,pooled,supported,0.0025833333333333403,0.005500000000000005,0.0038333333333333275
final,38,1280428247113803995,8,12000,0.045,0.15500000000000003,acceptable,per_feature,supported,0.0025833333333333403,0.005500000000000005,0.0038333333333333275
final,38,1280428247113803995,8,12000,0.045,0.15500000000000003,acceptable,same_evidence,supported,0.0025833333333333403,0.005500000000000005,0.0038333333333333275
final,38,1280428247113803995,8,12000,0.045,0.15500000000000003,acceptable,framework,supported,0.0025833333333333403,0.005500000000000005,0.0038333333333333275
final,39,1688068304746107312,8,12000,0.045,0.15500000000000003,acceptable,pooled,supported,0.0011770833333333286,0.011083333333333334,0.008333333333333338
final,39,1688068304746107312,8,12000,0.045,0.15500000000000003,acceptable,per_feature,withheld,0.0011770833333333286,0.011083333333333334,0.008333333333333338
final,39,1688068304746107312,8,12000,0.045,0.15500000000000003,acceptable,same_evidence,withheld,0.0011770833333333286,0.011083333333333334,0.008333333333333338
final,39,1688068304746107312,8,12000,0.045,0.15500000000000003,acceptable,framework,withheld,0.0011770833333333286,0.011083333333333334,0.008333333333333338
final,40,3020265164920782964,8,12000,0.045,0.15500000000000003,acceptable,pooled,supported,0.00013541666666666563,0.006249999999999992,0.009583333333333333
final,40,3020265164920782964,8,12000,0.045,0.15500000000000003,acceptable,per_feature,supported,0.00013541666666666563,0.006249999999999992,0.009583333333333333
final,40,3020265164920782964,8,12000,0.045,0.15500000000000003,acceptable,same_evidence,supported,0.00013541666666666563,0.006249999999999992,0.009583333333333333
final,40,3020265164920782964,8,12000,0.045,0.15500000000000003,acceptable,framework,supported,0.00013541666666666563,0.006249999999999992,0.009583333333333333
final,41,3220584157125470832,8,12000,0.045,0.15500000000000003,acceptable,pooled,supported,0.0014583333333333393,0.009499999999999995,0.005333333333333336
final,41,3220584157125470832,8,12000,0.045,0.15500000000000003,acceptable,per_feature,supported,0.0014583333333333393,0.009499999999999995,0.005333333333333336
final,41,3220584157125470832,8,12000,0.045,0.15500000000000003,acceptable,same_evidence,supported,0.0014583333333333393,0.009499999999999995,0.005333333333333336
final,41,3220584157125470832,8,12000,0.045,0.15500000000000003,acceptable,framework,supported,0.0014583333333333393,0.009499999999999995,0.005333333333333336
final,42,3816469310122998571,8,12000,0.045,0.15500000000000003,acceptable,pooled,supported,0.00014583333333333115,0.004416666666666666,0.0072499999999999995
final,42,3816469310122998571,8,12000,0.045,0.15500000000000003,acceptable,per_feature,supported,0.00014583333333333115,0.004416666666666666,0.0072499999999999995
final,42,3816469310122998571,8,12000,0.045,0.15500000000000003,acceptable,same_evidence,supported,0.00014583333333333115,0.004416666666666666,0.0072499999999999995
final,42,3816469310122998571,8,12000,0.045,0.15500000000000003,acceptable,framework,supported,0.00014583333333333115,0.004416666666666666,0.0072499999999999995
final,43,3409228789922950113,8,12000,0.045,0.15500000000000003,acceptable,pooled,supported,0.0006458333333333316,0.007833333333333331,0.0017500000000000016
final,43,3409228789922950113,8,12000,0.045,0.15500000000000003,acceptable,per_feature,supported,0.0006458333333333316,0.007833333333333331,0.0017500000000000016
final,43,3409228789922950113,8,12000,0.045,0.15500000000000003,acceptable,same_evidence,supported,0.0006458333333333316,0.007833333333333331,0.0017500000000000016
final,43,3409228789922950113,8,12000,0.045,0.15500000000000003,acceptable,framework,supported,0.0006458333333333316,0.007833333333333331,0.0017500000000000016
final,44,3197529274025765860,8,12000,0.045,0.15500000000000003,acceptable,pooled,supported,0.0005104166666666521,0.003500000000000003,0.008583333333333339
final,44,3197529274025765860,8,12000,0.045,0.15500000000000003,acceptable,per_feature,supported,0.0005104166666666521,0.003500000000000003,0.008583333333333339
final,44,3197529274025765860,8,12000,0.045,0.15500000000000003,acceptable,same_evidence,supported,0.0005104166666666521,0.003500000000000003,0.008583333333333339
final,44,3197529274025765860,8,12000,0.045,0.15500000000000003,acceptable,framework,supported,0.0005104166666666521,0.003500000000000003,0.008583333333333339
final,45,747213269905353365,8,12000,0.045,0.15500000000000003,acceptable,pooled,supported,0.0010000000000000148,0.00708333333333333,0.004250000000000004
final,45,747213269905353365,8,12000,0.045,0.15500000000000003,acceptable,per_feature,supported,0.0010000000000000148,0.00708333333333333,0.004250000000000004
final,45,747213269905353365,8,12000,0.045,0.15500000000000003,acceptable,same_evidence,supported,0.0010000000000000148,0.00708333333333333,0.004250000000000004
final,45,747213269905353365,8,12000,0.045,0.15500000000000003,acceptable,framework,supported,0.0010000000000000148,0.00708333333333333,0.004250000000000004
final,46,4095789555297488708,8,12000,0.045,0.15500000000000003,acceptable,pooled,supported,0.0017708333333333326,0.00891666666666667,0.004916666666666666
final,46,4095789555297488708,8,12000,0.045,0.15500000000000003,acceptable,per_feature,supported,0.0017708333333333326,0.00891666666666667,0.004916666666666666
final,46,4095789555297488708,8,12000,0.045,0.15500000000000003,acceptable,same_evidence,supported,0.0017708333333333326,0.00891666666666667,0.004916666666666666
final,46,4095789555297488708,8,12000,0.045,0.15500000000000003,acceptable,framework,supported,0.0017708333333333326,0.00891666666666667,0.004916666666666666
final,47,331483897064592508,8,12000,0.045,0.15500000000000003,acceptable,pooled,supported,0.0010104166666666664,0.00633333333333333,0.007166666666666668
final,47,331483897064592508,8,12000,0.045,0.15500000000000003,acceptable,per_feature,supported,0.0010104166666666664,0.00633333333333333,0.007166666666666668
final,47,331483897064592508,8,12000,0.045,0.15500000000000003,acceptable,same_evidence,supported,0.0010104166666666664,0.00633333333333333,0.007166666666666668
final,47,331483897064592508,8,12000,0.045,0.15500000000000003,acceptable,framework,supported,0.0010104166666666664,0.00633333333333333,0.007166666666666668
final,48,2532812589901498389,8,12000,0.045,0.15500000000000003,acceptable,pooled,supported,0.0012708333333333321,0.005250000000000005,0.00775
final,48,2532812589901498389,8,12000,0.045,0.15500000000000003,acceptable,per_feature,supported,0.0012708333333333321,0.005250000000000005,0.00775
final,48,2532812589901498389,8,12000,0.045,0.15500000000000003,acceptable,same_evidence,supported,0.0012708333333333321,0.005250000000000005,0.00775
final,48,2532812589901498389,8,12000,0.045,0.15500000000000003,acceptable,framework,supported,0.0012708333333333321,0.005250000000000005,0.00775
final,49,3738584379409805563,8,12000,0.045,0.15500000000000003,acceptable,pooled,supported,0.0011874999999999941,0.00708333333333333,0.004666666666666666
final,49,3738584379409805563,8,12000,0.045,0.15500000000000003,acceptable,per_feature,supported,0.0011874999999999941,0.00708333333333333,0.004666666666666666
final,49,3738584379409805563,8,12000,0.045,0.15500000000000003,acceptable,same_evidence,supported,0.0011874999999999941,0.00708333333333333,0.004666666666666666
final,49,3738584379409805563,8,12000,0.045,0.15500000000000003,acceptable,framework,supported,0.0011874999999999941,0.00708333333333333,0.004666666666666666
final,50,4111955987215061785,8,12000,0.045,0.15500000000000003,acceptable,pooled,supported,0.0030208333333333337,0.00708333333333333,0.005416666666666667
final,50,4111955987215061785,8,12000,0.045,0.15500000000000003,acceptable,per_feature,supported,0.0030208333333333337,0.00708333333333333,0.005416666666666667
final,50,4111955987215061785,8,12000,0.045,0.15500000000000003,acceptable,same_evidence,supported,0.0030208333333333337,0.00708333333333333,0.005416666666666667
final,50,4111955987215061785,8,12000,0.045,0.15500000000000003,acceptable,framework,supported,0.0030208333333333337,0.00708333333333333,0.005416666666666667
final,51,3110939113564002943,8,12000,0.045,0.15500000000000003,acceptable,pooled,supported,0.00018749999999999323,0.004166666666666666,0.0038333333333333344
final,51,3110939113564002943,8,12000,0.045,0.15500000000000003,acceptable,per_feature,supported,0.00018749999999999323,0.004166666666666666,0.0038333333333333344
final,51,3110939113564002943,8,12000,0.045,0.15500000000000003,acceptable,same_evidence,supported,0.00018749999999999323,0.004166666666666666,0.0038333333333333344
final,51,3110939113564002943,8,12000,0.045,0.15500000000000003,acceptable,framework,supported,0.00018749999999999323,0.004166666666666666,0.0038333333333333344
final,52,3928021203207974794,8,12000,0.045,0.15500000000000003,acceptable,pooled,supported,0.001041666666666663,0.008749999999999994,0.011666666666666672
final,52,3928021203207974794,8,12000,0.045,0.15500000000000003,acceptable,per_feature,supported,0.001041666666666663,0.008749999999999994,0.011666666666666672
final,52,3928021203207974794,8,12000,0.045,0.15500000000000003,acceptable,same_evidence,withheld,0.001041666666666663,0.008749999999999994,0.011666666666666672
final,52,3928021203207974794,8,12000,0.045,0.15500000000000003,acceptable,framework,withheld,0.001041666666666663,0.008749999999999994,0.011666666666666672
final,53,3171212539073629328,8,12000,0.045,0.15500000000000003,acceptable,pooled,supported,0.0001354166666666795,0.008083333333333331,0.013166666666666667
final,53,3171212539073629328,8,12000,0.045,0.15500000000000003,acceptable,per_feature,supported,0.0001354166666666795,0.008083333333333331,0.013166666666666667
final,53,3171212539073629328,8,12000,0.045,0.15500000000000003,acceptable,same_evidence,withheld,0.0001354166666666795,0.008083333333333331,0.013166666666666667
final,53,3171212539073629328,8,12000,0.045,0.15500000000000003,acceptable,framework,withheld,0.0001354166666666795,0.008083333333333331,0.013166666666666667
final,54,4249315247375803542,8,12000,0.045,0.15500000000000003,acceptable,pooled,supported,0.0007291666666666835,0.007416666666666669,0.008333333333333331
final,54,4249315247375803542,8,12000,0.045,0.15500000000000003,acceptable,per_feature,supported,0.0007291666666666835,0.007416666666666669,0.008333333333333331
final,54,4249315247375803542,8,12000,0.045,0.15500000000000003,acceptable,same_evidence,supported,0.0007291666666666835,0.007416666666666669,0.008333333333333331
final,54,4249315247375803542,8,12000,0.045,0.15500000000000003,acceptable,framework,supported,0.0007291666666666835,0.007416666666666669,0.008333333333333331
final,55,872204886828768173,8,12000,0.045,0.15500000000000003,acceptable,pooled,supported,0.00010416666666666907,0.007000000000000006,0.006416666666666668
final,55,872204886828768173,8,12000,0.045,0.15500000000000003,acceptable,per_feature,supported,0.00010416666666666907,0.007000000000000006,0.006416666666666668
final,55,872204886828768173,8,12000,0.045,0.15500000000000003,acceptable,same_evidence,supported,0.00010416666666666907,0.007000000000000006,0.006416666666666668
final,55,872204886828768173,8,12000,0.045,0.15500000000000003,acceptable,framework,supported,0.00010416666666666907,0.007000000000000006,0.006416666666666668
final,56,265781469190408602,8,12000,0.045,0.15500000000000003,acceptable,pooled,supported,9.375000000001743e-05,0.005416666666666667,0.0028333333333333335
final,56,265781469190408602,8,12000,0.045,0.15500000000000003,acceptable,per_feature,supported,9.375000000001743e-05,0.005416666666666667,0.0028333333333333335
final,56,265781469190408602,8,12000,0.045,0.15500000000000003,acceptable,same_evidence,supported,9.375000000001743e-05,0.005416666666666667,0.0028333333333333335
final,56,265781469190408602,8,12000,0.045,0.15500000000000003,acceptable,framework,supported,9.375000000001743e-05,0.005416666666666667,0.0028333333333333335
final,57,1315031426649815481,8,12000,0.045,0.15500000000000003,acceptable,pooled,supported,0.0006666666666666765,0.006416666666666668,0.005999999999999998
final,57,1315031426649815481,8,12000,0.045,0.15500000000000003,acceptable,per_feature,supported,0.0006666666666666765,0.006416666666666668,0.005999999999999998
final,57,1315031426649815481,8,12000,0.045,0.15500000000000003,acceptable,same_evidence,supported,0.0006666666666666765,0.006416666666666668,0.005999999999999998
final,57,1315031426649815481,8,12000,0.045,0.15500000000000003,acceptable,framework,supported,0.0006666666666666765,0.006416666666666668,0.005999999999999998
final,58,4334759301239971715,8,12000,0.045,0.15500000000000003,acceptable,pooled,supported,0.001104166666666656,0.006499999999999992,0.005750000000000005
final,58,4334759301239971715,8,12000,0.045,0.15500000000000003,acceptable,per_feature,supported,0.001104166666666656,0.006499999999999992,0.005750000000000005
final,58,4334759301239971715,8,12000,0.045,0.15500000000000003,acceptable,same_evidence,supported,0.001104166666666656,0.006499999999999992,0.005750000000000005
final,58,4334759301239971715,8,12000,0.045,0.15500000000000003,acceptable,framework,supported,0.001104166666666656,0.006499999999999992,0.005750000000000005
final,59,2422846506404637124,8,12000,0.045,0.15500000000000003,acceptable,pooled,supported,0.0020729166666666743,0.008333333333333331,0.006416666666666668
final,59,2422846506404637124,8,12000,0.045,0.15500000000000003,acceptable,per_feature,supported,0.0020729166666666743,0.008333333333333331,0.006416666666666668
final,59,2422846506404637124,8,12000,0.045,0.15500000000000003,acceptable,same_evidence,supported,0.0020729166666666743,0.008333333333333331,0.006416666666666668
final,59,2422846506404637124,8,12000,0.045,0.15500000000000003,acceptable,framework,supported,0.0020729166666666743,0.008333333333333331,0.006416666666666668
final,60,3529182244847162490,8,12000,0.045,0.15500000000000003,acceptable,pooled,supported,0.001656249999999998,0.00841666666666667,0.009583333333333333
final,60,3529182244847162490,8,12000,0.045,0.15500000000000003,acceptable,per_feature,supported,0.001656249999999998,0.00841666666666667,0.009583333333333333
final,60,3529182244847162490,8,12000,0.045,0.15500000000000003,acceptable,same_evidence,supported,0.001656249999999998,0.00841666666666667,0.009583333333333333
final,60,3529182244847162490,8,12000,0.045,0.15500000000000003,acceptable,framework,supported,0.001656249999999998,0.00841666666666667,0.009583333333333333
final,61,2096405208819421630,8,12000,0.045,0.15500000000000003,acceptable,pooled,supported,0.00019791666666667262,0.010499999999999995,0.005166666666666667
final,61,2096405208819421630,8,12000,0.045,0.15500000000000003,acceptable,per_feature,withheld,0.00019791666666667262,0.010499999999999995,0.005166666666666667
final,61,2096405208819421630,8,12000,0.045,0.15500000000000003,acceptable,same_evidence,withheld,0.00019791666666667262,0.010499999999999995,0.005166666666666667
final,61,2096405208819421630,8,12000,0.045,0.15500000000000003,acceptable,framework,withheld,0.00019791666666667262,0.010499999999999995,0.005166666666666667
final,62,1234424813860850486,8,12000,0.045,0.15500000000000003,acceptable,pooled,supported,0.0003333333333333244,0.004416666666666666,0.003166666666666665
final,62,1234424813860850486,8,12000,0.045,0.15500000000000003,acceptable,per_feature,supported,0.0003333333333333244,0.004416666666666666,0.003166666666666665
final,62,1234424813860850486,8,12000,0.045,0.15500000000000003,acceptable,same_evidence,supported,0.0003333333333333244,0.004416666666666666,0.003166666666666665
final,62,1234424813860850486,8,12000,0.045,0.15500000000000003,acceptable,framework,supported,0.0003333333333333244,0.004416666666666666,0.003166666666666665
final,63,422422115916356357,8,12000,0.045,0.15500000000000003,acceptable,pooled,supported,0.0014479166666666599,0.005666666666666667,0.002083333333333333
final,63,422422115916356357,8,12000,0.045,0.15500000000000003,acceptable,per_feature,supported,0.0014479166666666599,0.005666666666666667,0.002083333333333333
final,63,422422115916356357,8,12000,0.045,0.15500000000000003,acceptable,same_evidence,supported,0.0014479166666666599,0.005666666666666667,0.002083333333333333
final,63,422422115916356357,8,12000,0.045,0.15500000000000003,acceptable,framework,supported,0.0014479166666666599,0.005666666666666667,0.002083333333333333
final,64,3968502494060808546,8,12000,0.045,0.15500000000000003,acceptable,pooled,supported,0.0003437500000000038,0.009583333333333333,0.006499999999999999
final,64,3968502494060808546,8,12000,0.045,0.15500000000000003,acceptable,per_feature,supported,0.0003437500000000038,0.009583333333333333,0.006499999999999999
final,64,3968502494060808546,8,12000,0.045,0.15500000000000003,acceptable,same_evidence,supported,0.0003437500000000038,0.009583333333333333,0.006499999999999999
final,64,3968502494060808546,8,12000,0.045,0.15500000000000003,acceptable,framework,supported,0.0003437500000000038,0.009583333333333333,0.006499999999999999
final,65,1572590384761967650,8,12000,0.045,0.15500000000000003,acceptable,pooled,supported,0.0,0.007666666666666669,0.007666666666666669
final,65,1572590384761967650,8,12000,0.045,0.15500000000000003,acceptable,per_feature,supported,0.0,0.007666666666666669,0.007666666666666669
final,65,1572590384761967650,8,12000,0.045,0.15500000000000003,acceptable,same_evidence,supported,0.0,0.007666666666666669,0.007666666666666669
final,65,1572590384761967650,8,12000,0.045,0.15500000000000003,acceptable,framework,supported,0.0,0.007666666666666669,0.007666666666666669
final,66,4484714569248201378,8,12000,0.045,0.15500000000000003,acceptable,pooled,supported,0.00110416666666667,0.005583333333333329,0.0020000000000000018
final,66,4484714569248201378,8,12000,0.045,0.15500000000000003,acceptable,per_feature,supported,0.00110416666666667,0.005583333333333329,0.0020000000000000018
final,66,4484714569248201378,8,12000,0.045,0.15500000000000003,acceptable,same_evidence,supported,0.00110416666666667,0.005583333333333329,0.0020000000000000018
final,66,4484714569248201378,8,12000,0.045,0.15500000000000003,acceptable,framework,supported,0.00110416666666667,0.005583333333333329,0.0020000000000000018
final,67,1975805582186225583,8,12000,0.045,0.15500000000000003,acceptable,pooled,supported,0.000999999999999987,0.005333333333333329,0.007833333333333338
final,67,1975805582186225583,8,12000,0.045,0.15500000000000003,acceptable,per_feature,supported,0.000999999999999987,0.005333333333333329,0.007833333333333338
final,67,1975805582186225583,8,12000,0.045,0.15500000000000003,acceptable,same_evidence,supported,0.000999999999999987,0.005333333333333329,0.007833333333333338
final,67,1975805582186225583,8,12000,0.045,0.15500000000000003,acceptable,framework,supported,0.000999999999999987,0.005333333333333329,0.007833333333333338
final,68,1886110568581121101,8,12000,0.045,0.15500000000000003,acceptable,pooled,supported,0.0004270833333333418,0.003333333333333341,0.0004166666666666624
final,68,1886110568581121101,8,12000,0.045,0.15500000000000003,acceptable,per_feature,supported,0.0004270833333333418,0.003333333333333341,0.0004166666666666624
final,68,1886110568581121101,8,12000,0.045,0.15500000000000003,acceptable,same_evidence,supported,0.0004270833333333418,0.003333333333333341,0.0004166666666666624
final,68,1886110568581121101,8,12000,0.045,0.15500000000000003,acceptable,framework,supported,0.0004270833333333418,0.003333333333333341,0.0004166666666666624
final,69,1984875701442835633,8,12000,0.045,0.15500000000000003,acceptable,pooled,supported,0.001250000000000015,0.00916666666666667,0.005583333333333329
final,69,1984875701442835633,8,12000,0.045,0.15500000000000003,acceptable,per_feature,supported,0.001250000000000015,0.00916666666666667,0.005583333333333329
final,69,1984875701442835633,8,12000,0.045,0.15500000000000003,acceptable,same_evidence,supported,0.001250000000000015,0.00916666666666667,0.005583333333333329
final,69,1984875701442835633,8,12000,0.045,0.15500000000000003,acceptable,framework,supported,0.001250000000000015,0.00916666666666667,0.005583333333333329
final,70,1124123856972339745,8,12000,0.045,0.15500000000000003,acceptable,pooled,supported,0.000552083333333328,0.009000000000000008,0.007666666666666669
final,70,1124123856972339745,8,12000,0.045,0.15500000000000003,acceptable,per_feature,supported,0.000552083333333328,0.009000000000000008,0.007666666666666669
final,70,1124123856972339745,8,12000,0.045,0.15500000000000003,acceptable,same_evidence,supported,0.000552083333333328,0.009000000000000008,0.007666666666666669
final,70,1124123856972339745,8,12000,0.045,0.15500000000000003,acceptable,framework,supported,0.000552083333333328,0.009000000000000008,0.007666666666666669
final,71,3289193655812221749,8,12000,0.045,0.15500000000000003,acceptable,pooled,supported,0.001187500000000008,0.009166666666666656,0.00116666666666667
final,71,3289193655812221749,8,12000,0.045,0.15500000000000003,acceptable,per_feature,supported,0.001187500000000008,0.009166666666666656,0.00116666666666667
final,71,3289193655812221749,8,12000,0.045,0.15500000000000003,acceptable,same_evidence,supported,0.001187500000000008,0.009166666666666656,0.00116666666666667
final,71,3289193655812221749,8,12000,0.045,0.15500000000000003,acceptable,framework,supported,0.001187500000000008,0.009166666666666656,0.00116666666666667
final,72,4242947884606755666,8,12000,0.045,0.15500000000000003,acceptable,pooled,supported,6.2500000000007e-05,0.005666666666666667,0.0073333333333333375
final,72,4242947884606755666,8,12000,0.045,0.15500000000000003,acceptable,per_feature,supported,6.2500000000007e-05,0.005666666666666667,0.0073333333333333375
final,72,4242947884606755666,8,12000,0.045,0.15500000000000003,acceptable,same_evidence,supported,6.2500000000007e-05,0.005666666666666667,0.0073333333333333375
final,72,4242947884606755666,8,12000,0.045,0.15500000000000003,acceptable,framework,supported,6.2500000000007e-05,0.005666666666666667,0.0073333333333333375
final,73,1587004674557657868,8,12000,0.045,0.15500000000000003,acceptable,pooled,supported,0.0018750000000000017,0.010499999999999995,0.0005000000000000004
final,73,1587004674557657868,8,12000,0.045,0.15500000000000003,acceptable,per_feature,withheld,0.0018750000000000017,0.010499999999999995,0.0005000000000000004
final,73,1587004674557657868,8,12000,0.045,0.15500000000000003,acceptable,same_evidence,withheld,0.0018750000000000017,0.010499999999999995,0.0005000000000000004
final,73,1587004674557657868,8,12000,0.045,0.15500000000000003,acceptable,framework,withheld,0.0018750000000000017,0.010499999999999995,0.0005000000000000004
final,74,696672051188161089,8,12000,0.045,0.15500000000000003,acceptable,pooled,supported,0.00020833333333333814,0.010916666666666658,0.004083333333333328
final,74,696672051188161089,8,12000,0.045,0.15500000000000003,acceptable,per_feature,withheld,0.00020833333333333814,0.010916666666666658,0.004083333333333328
final,74,696672051188161089,8,12000,0.045,0.15500000000000003,acceptable,same_evidence,withheld,0.00020833333333333814,0.010916666666666658,0.004083333333333328
final,74,696672051188161089,8,12000,0.045,0.15500000000000003,acceptable,framework,withheld,0.00020833333333333814,0.010916666666666658,0.004083333333333328
final,75,3469871825349939716,8,12000,0.045,0.15500000000000003,acceptable,pooled,supported,0.0005312500000000109,0.005750000000000005,0.006416666666666668
final,75,3469871825349939716,8,12000,0.045,0.15500000000000003,acceptable,per_feature,supported,0.0005312500000000109,0.005750000000000005,0.006416666666666668
final,75,3469871825349939716,8,12000,0.045,0.15500000000000003,acceptable,same_evidence,supported,0.0005312500000000109,0.005750000000000005,0.006416666666666668
final,75,3469871825349939716,8,12000,0.045,0.15500000000000003,acceptable,framework,supported,0.0005312500000000109,0.005750000000000005,0.006416666666666668
final,76,3855985316722791938,8,12000,0.045,0.15500000000000003,acceptable,pooled,supported,0.0008645833333333491,0.003250000000000003,0.0060833333333333295
final,76,3855985316722791938,8,12000,0.045,0.15500000000000003,acceptable,per_feature,supported,0.0008645833333333491,0.003250000000000003,0.0060833333333333295
final,76,3855985316722791938,8,12000,0.045,0.15500000000000003,acceptable,same_evidence,supported,0.0008645833333333491,0.003250000000000003,0.0060833333333333295
final,76,3855985316722791938,8,12000,0.045,0.15500000000000003,acceptable,framework,supported,0.0008645833333333491,0.003250000000000003,0.0060833333333333295
final,77,2366352561932244746,8,12000,0.045,0.15500000000000003,acceptable,pooled,supported,0.001104166666666656,0.005333333333333343,0.003999999999999997
final,77,2366352561932244746,8,12000,0.045,0.15500000000000003,acceptable,per_feature,supported,0.001104166666666656,0.005333333333333343,0.003999999999999997
final,77,2366352561932244746,8,12000,0.045,0.15500000000000003,acceptable,same_evidence,supported,0.001104166666666656,0.005333333333333343,0.003999999999999997
final,77,2366352561932244746,8,12000,0.045,0.15500000000000003,acceptable,framework,supported,0.001104166666666656,0.005333333333333343,0.003999999999999997
final,78,568836665833684106,8,12000,0.045,0.15500000000000003,acceptable,pooled,supported,0.0010520833333333424,0.009916666666666657,0.00041666666666666935
final,78,568836665833684106,8,12000,0.045,0.15500000000000003,acceptable,per_feature,supported,0.0010520833333333424,0.009916666666666657,0.00041666666666666935
final,78,568836665833684106,8,12000,0.045,0.15500000000000003,acceptable,same_evidence,supported,0.0010520833333333424,0.009916666666666657,0.00041666666666666935
final,78,568836665833684106,8,12000,0.045,0.15500000000000003,acceptable,framework,supported,0.0010520833333333424,0.009916666666666657,0.00041666666666666935
final,79,1649704206037335267,8,12000,0.045,0.15500000000000003,acceptable,pooled,supported,0.0021145833333333364,0.005166666666666667,0.007416666666666669
final,79,1649704206037335267,8,12000,0.045,0.15500000000000003,acceptable,per_feature,supported,0.0021145833333333364,0.005166666666666667,0.007416666666666669
final,79,1649704206037335267,8,12000,0.045,0.15500000000000003,acceptable,same_evidence,supported,0.0021145833333333364,0.005166666666666667,0.007416666666666669
final,79,1649704206037335267,8,12000,0.045,0.15500000000000003,acceptable,framework,supported,0.0021145833333333364,0.005166666666666667,0.007416666666666669
final,80,1854200257643007483,8,12000,0.045,0.15500000000000003,acceptable,pooled,supported,0.000718750000000018,0.009583333333333333,0.010916666666666665
final,80,1854200257643007483,8,12000,0.045,0.15500000000000003,acceptable,per_feature,supported,0.000718750000000018,0.009583333333333333,0.010916666666666665
final,80,1854200257643007483,8,12000,0.045,0.15500000000000003,acceptable,same_evidence,withheld,0.000718750000000018,0.009583333333333333,0.010916666666666665
final,80,1854200257643007483,8,12000,0.045,0.15500000000000003,acceptable,framework,withheld,0.000718750000000018,0.009583333333333333,0.010916666666666665
final,81,4192188219179529007,8,12000,0.045,0.15500000000000003,acceptable,pooled,supported,0.0015312499999999979,0.0072499999999999926,0.0016666666666666705
final,81,4192188219179529007,8,12000,0.045,0.15500000000000003,acceptable,per_feature,supported,0.0015312499999999979,0.0072499999999999926,0.0016666666666666705
final,81,4192188219179529007,8,12000,0.045,0.15500000000000003,acceptable,same_evidence,supported,0.0015312499999999979,0.0072499999999999926,0.0016666666666666705
final,81,4192188219179529007,8,12000,0.045,0.15500000000000003,acceptable,framework,supported,0.0015312499999999979,0.0072499999999999926,0.0016666666666666705
final,82,3148168723733901050,8,12000,0.045,0.15500000000000003,acceptable,pooled,supported,0.000510416666666666,0.004583333333333342,0.008333333333333338
final,82,3148168723733901050,8,12000,0.045,0.15500000000000003,acceptable,per_feature,supported,0.000510416666666666,0.004583333333333342,0.008333333333333338
final,82,3148168723733901050,8,12000,0.045,0.15500000000000003,acceptable,same_evidence,supported,0.000510416666666666,0.004583333333333342,0.008333333333333338
final,82,3148168723733901050,8,12000,0.045,0.15500000000000003,acceptable,framework,supported,0.000510416666666666,0.004583333333333342,0.008333333333333338
final,83,3316100544555667830,8,12000,0.045,0.15500000000000003,acceptable,pooled,supported,0.0023229166666666606,0.011083333333333334,0.0036666666666666653
final,83,3316100544555667830,8,12000,0.045,0.15500000000000003,acceptable,per_feature,withheld,0.0023229166666666606,0.011083333333333334,0.0036666666666666653
final,83,3316100544555667830,8,12000,0.045,0.15500000000000003,acceptable,same_evidence,withheld,0.0023229166666666606,0.011083333333333334,0.0036666666666666653
final,83,3316100544555667830,8,12000,0.045,0.15500000000000003,acceptable,framework,withheld,0.0023229166666666606,0.011083333333333334,0.0036666666666666653
final,84,2054822154536802477,8,12000,0.045,0.15500000000000003,acceptable,pooled,supported,0.0010520833333333285,0.004916666666666666,0.004416666666666673
final,84,2054822154536802477,8,12000,0.045,0.15500000000000003,acceptable,per_feature,supported,0.0010520833333333285,0.004916666666666666,0.004416666666666673
final,84,2054822154536802477,8,12000,0.045,0.15500000000000003,acceptable,same_evidence,supported,0.0010520833333333285,0.004916666666666666,0.004416666666666673
final,84,2054822154536802477,8,12000,0.045,0.15500000000000003,acceptable,framework,supported,0.0010520833333333285,0.004916666666666666,0.004416666666666673
final,85,1243373268002709269,8,12000,0.045,0.15500000000000003,acceptable,pooled,supported,0.0014687500000000048,0.005916666666666667,0.0072499999999999995
final,85,1243373268002709269,8,12000,0.045,0.15500000000000003,acceptable,per_feature,supported,0.0014687500000000048,0.005916666666666667,0.0072499999999999995
final,85,1243373268002709269,8,12000,0.045,0.15500000000000003,acceptable,same_evidence,supported,0.0014687500000000048,0.005916666666666667,0.0072499999999999995
final,85,1243373268002709269,8,12000,0.045,0.15500000000000003,acceptable,framework,supported,0.0014687500000000048,0.005916666666666667,0.0072499999999999995
final,86,1955666273424552909,8,12000,0.045,0.15500000000000003,acceptable,pooled,supported,0.0019479166666666742,0.004833333333333328,0.005833333333333336
final,86,1955666273424552909,8,12000,0.045,0.15500000000000003,acceptable,per_feature,supported,0.0019479166666666742,0.004833333333333328,0.005833333333333336
final,86,1955666273424552909,8,12000,0.045,0.15500000000000003,acceptable,same_evidence,supported,0.0019479166666666742,0.004833333333333328,0.005833333333333336
final,86,1955666273424552909,8,12000,0.045,0.15500000000000003,acceptable,framework,supported,0.0019479166666666742,0.004833333333333328,0.005833333333333336
final,87,2034548764990879247,8,12000,0.045,0.15500000000000003,acceptable,pooled,supported,0.0007916666666666627,0.0040000000000000036,0.003416666666666672
final,87,2034548764990879247,8,12000,0.045,0.15500000000000003,acceptable,per_feature,supported,0.0007916666666666627,0.0040000000000000036,0.003416666666666672
final,87,2034548764990879247,8,12000,0.045,0.15500000000000003,acceptable,same_evidence,supported,0.0007916666666666627,0.0040000000000000036,0.003416666666666672
final,87,2034548764990879247,8,12000,0.045,0.15500000000000003,acceptable,framework,supported,0.0007916666666666627,0.0040000000000000036,0.003416666666666672
final,88,2870777052706726720,8,12000,0.045,0.15500000000000003,acceptable,pooled,supported,0.0006979166666666592,0.004416666666666666,0.0037499999999999964
final,88,2870777052706726720,8,12000,0.045,0.15500000000000003,acceptable,per_feature,supported,0.0006979166666666592,0.004416666666666666,0.0037499999999999964
final,88,2870777052706726720,8,12000,0.045,0.15500000000000003,acceptable,same_evidence,supported,0.0006979166666666592,0.004416666666666666,0.0037499999999999964
final,88,2870777052706726720,8,12000,0.045,0.15500000000000003,acceptable,framework,supported,0.0006979166666666592,0.004416666666666666,0.0037499999999999964
final,89,868689920265181268,8,12000,0.045,0.15500000000000003,acceptable,pooled,supported,0.0010312499999999974,0.004166666666666666,0.006416666666666668
final,89,868689920265181268,8,12000,0.045,0.15500000000000003,acceptable,per_feature,supported,0.0010312499999999974,0.004166666666666666,0.006416666666666668
final,89,868689920265181268,8,12000,0.045,0.15500000000000003,acceptable,same_evidence,supported,0.0010312499999999974,0.004166666666666666,0.006416666666666668
final,89,868689920265181268,8,12000,0.045,0.15500000000000003,acceptable,framework,supported,0.0010312499999999974,0.004166666666666666,0.006416666666666668
final,90,1410838919840768554,8,12000,0.045,0.15500000000000003,acceptable,pooled,supported,3.1250000000010436e-05,0.005499999999999991,0.007166666666666668
final,90,1410838919840768554,8,12000,0.045,0.15500000000000003,acceptable,per_feature,supported,3.1250000000010436e-05,0.005499999999999991,0.007166666666666668
final,90,1410838919840768554,8,12000,0.045,0.15500000000000003,acceptable,same_evidence,supported,3.1250000000010436e-05,0.005499999999999991,0.007166666666666668
final,90,1410838919840768554,8,12000,0.045,0.15500000000000003,acceptable,framework,supported,3.1250000000010436e-05,0.005499999999999991,0.007166666666666668
final,91,2239191212277113504,8,12000,0.045,0.15500000000000003,acceptable,pooled,supported,0.001718750000000005,0.008750000000000008,0.0072499999999999995
final,91,2239191212277113504,8,12000,0.045,0.15500000000000003,acceptable,per_feature,supported,0.001718750000000005,0.008750000000000008,0.0072499999999999995
final,91,2239191212277113504,8,12000,0.045,0.15500000000000003,acceptable,same_evidence,supported,0.001718750000000005,0.008750000000000008,0.0072499999999999995
final,91,2239191212277113504,8,12000,0.045,0.15500000000000003,acceptable,framework,supported,0.001718750000000005,0.008750000000000008,0.0072499999999999995
final,92,4521135730223313564,8,12000,0.045,0.15500000000000003,acceptable,pooled,supported,0.0006250000000000006,0.006416666666666668,0.0005833333333333315
final,92,4521135730223313564,8,12000,0.045,0.15500000000000003,acceptable,per_feature,supported,0.0006250000000000006,0.006416666666666668,0.0005833333333333315
final,92,4521135730223313564,8,12000,0.045,0.15500000000000003,acceptable,same_evidence,supported,0.0006250000000000006,0.006416666666666668,0.0005833333333333315
final,92,4521135730223313564,8,12000,0.045,0.15500000000000003,acceptable,framework,supported,0.0006250000000000006,0.006416666666666668,0.0005833333333333315
final,93,1423083650411159322,8,12000,0.045,0.15500000000000003,acceptable,pooled,supported,0.001187500000000008,0.005499999999999991,0.008083333333333331
final,93,1423083650411159322,8,12000,0.045,0.15500000000000003,acceptable,per_feature,supported,0.001187500000000008,0.005499999999999991,0.008083333333333331
final,93,1423083650411159322,8,12000,0.045,0.15500000000000003,acceptable,same_evidence,supported,0.001187500000000008,0.005499999999999991,0.008083333333333331
final,93,1423083650411159322,8,12000,0.045,0.15500000000000003,acceptable,framework,supported,0.001187500000000008,0.005499999999999991,0.008083333333333331
final,94,2207193885348918920,8,12000,0.045,0.15500000000000003,acceptable,pooled,supported,0.0007083333333333386,0.005833333333333329,0.0018333333333333326
final,94,2207193885348918920,8,12000,0.045,0.15500000000000003,acceptable,per_feature,supported,0.0007083333333333386,0.005833333333333329,0.0018333333333333326
final,94,2207193885348918920,8,12000,0.045,0.15500000000000003,acceptable,same_evidence,supported,0.0007083333333333386,0.005833333333333329,0.0018333333333333326
final,94,2207193885348918920,8,12000,0.045,0.15500000000000003,acceptable,framework,supported,0.0007083333333333386,0.005833333333333329,0.0018333333333333326
final,95,131017338400541512,8,12000,0.045,0.15500000000000003,acceptable,pooled,supported,0.0008958333333333457,0.008833333333333332,0.007916666666666669
final,95,131017338400541512,8,12000,0.045,0.15500000000000003,acceptable,per_feature,supported,0.0008958333333333457,0.008833333333333332,0.007916666666666669
final,95,131017338400541512,8,12000,0.045,0.15500000000000003,acceptable,same_evidence,supported,0.0008958333333333457,0.008833333333333332,0.007916666666666669
final,95,131017338400541512,8,12000,0.045,0.15500000000000003,acceptable,framework,supported,0.0008958333333333457,0.008833333333333332,0.007916666666666669
final,96,2629535887217677812,8,12000,0.045,0.15500000000000003,acceptable,pooled,supported,0.0005729166666666591,0.005166666666666667,0.0040000000000000036
final,96,2629535887217677812,8,12000,0.045,0.15500000000000003,acceptable,per_feature,supported,0.0005729166666666591,0.005166666666666667,0.0040000000000000036
final,96,2629535887217677812,8,12000,0.045,0.15500000000000003,acceptable,same_evidence,supported,0.0005729166666666591,0.005166666666666667,0.0040000000000000036
final,96,2629535887217677812,8,12000,0.045,0.15500000000000003,acceptable,framework,supported,0.0005729166666666591,0.005166666666666667,0.0040000000000000036
final,97,2853185188630574249,8,12000,0.045,0.15500000000000003,acceptable,pooled,supported,0.002270833333333333,0.00683333333333333,0.004333333333333335
final,97,2853185188630574249,8,12000,0.045,0.15500000000000003,acceptable,per_feature,supported,0.002270833333333333,0.00683333333333333,0.004333333333333335
final,97,2853185188630574249,8,12000,0.045,0.15500000000000003,acceptable,same_evidence,supported,0.002270833333333333,0.00683333333333333,0.004333333333333335
final,97,2853185188630574249,8,12000,0.045,0.15500000000000003,acceptable,framework,supported,0.002270833333333333,0.00683333333333333,0.004333333333333335
final,98,4075521072862918,8,12000,0.045,0.15500000000000003,acceptable,pooled,supported,0.00043750000000000733,0.004083333333333328,0.005750000000000005
final,98,4075521072862918,8,12000,0.045,0.15500000000000003,acceptable,per_feature,supported,0.00043750000000000733,0.004083333333333328,0.005750000000000005
final,98,4075521072862918,8,12000,0.045,0.15500000000000003,acceptable,same_evidence,supported,0.00043750000000000733,0.004083333333333328,0.005750000000000005
final,98,4075521072862918,8,12000,0.045,0.15500000000000003,acceptable,framework,supported,0.00043750000000000733,0.004083333333333328,0.005750000000000005
final,99,4343169016409509543,8,12000,0.045,0.15500000000000003,acceptable,pooled,supported,0.0010000000000000009,0.009250000000000008,0.0006666666666666626
final,99,4343169016409509543,8,12000,0.045,0.15500000000000003,acceptable,per_feature,supported,0.0010000000000000009,0.009250000000000008,0.0006666666666666626
final,99,4343169016409509543,8,12000,0.045,0.15500000000000003,acceptable,same_evidence,supported,0.0010000000000000009,0.009250000000000008,0.0006666666666666626
final,99,4343169016409509543,8,12000,0.045,0.15500000000000003,acceptable,framework,supported,0.0010000000000000009,0.009250000000000008,0.0006666666666666626
final,0,1677049932977696260,8,12000,0.03,0.17,unacceptable,pooled,supported,0.000531249999999997,0.00658333333333333,0.01633333333333333
final,0,1677049932977696260,8,12000,0.03,0.17,unacceptable,per_feature,supported,0.000531249999999997,0.00658333333333333,0.01633333333333333
final,0,1677049932977696260,8,12000,0.03,0.17,unacceptable,same_evidence,withheld,0.000531249999999997,0.00658333333333333,0.01633333333333333
final,0,1677049932977696260,8,12000,0.03,0.17,unacceptable,framework,withheld,0.000531249999999997,0.00658333333333333,0.01633333333333333
final,1,3661314193328722338,8,12000,0.03,0.17,unacceptable,pooled,supported,0.0008645833333333214,0.007749999999999993,0.02175
final,1,3661314193328722338,8,12000,0.03,0.17,unacceptable,per_feature,supported,0.0008645833333333214,0.007749999999999993,0.02175
final,1,3661314193328722338,8,12000,0.03,0.17,unacceptable,same_evidence,withheld,0.0008645833333333214,0.007749999999999993,0.02175
final,1,3661314193328722338,8,12000,0.03,0.17,unacceptable,framework,withheld,0.0008645833333333214,0.007749999999999993,0.02175
final,2,102575073900144060,8,12000,0.03,0.17,unacceptable,pooled,supported,0.00020833333333333814,0.0039166666666666655,0.018583333333333334
final,2,102575073900144060,8,12000,0.03,0.17,unacceptable,per_feature,supported,0.00020833333333333814,0.0039166666666666655,0.018583333333333334
final,2,102575073900144060,8,12000,0.03,0.17,unacceptable,same_evidence,withheld,0.00020833333333333814,0.0039166666666666655,0.018583333333333334
final,2,102575073900144060,8,12000,0.03,0.17,unacceptable,framework,withheld,0.00020833333333333814,0.0039166666666666655,0.018583333333333334
final,3,4512176125379620802,8,12000,0.03,0.17,unacceptable,pooled,supported,0.0017916666666666636,0.008999999999999994,0.020083333333333335
final,3,4512176125379620802,8,12000,0.03,0.17,unacceptable,per_feature,supported,0.0017916666666666636,0.008999999999999994,0.020083333333333335
final,3,4512176125379620802,8,12000,0.03,0.17,unacceptable,same_evidence,withheld,0.0017916666666666636,0.008999999999999994,0.020083333333333335
final,3,4512176125379620802,8,12000,0.03,0.17,unacceptable,framework,withheld,0.0017916666666666636,0.008999999999999994,0.020083333333333335
final,4,332634236371078144,8,12000,0.03,0.17,unacceptable,pooled,supported,0.001041666666666663,0.0061666666666666675,0.020249999999999997
final,4,332634236371078144,8,12000,0.03,0.17,unacceptable,per_feature,supported,0.001041666666666663,0.0061666666666666675,0.020249999999999997
final,4,332634236371078144,8,12000,0.03,0.17,unacceptable,same_evidence,withheld,0.001041666666666663,0.0061666666666666675,0.020249999999999997
final,4,332634236371078144,8,12000,0.03,0.17,unacceptable,framework,withheld,0.001041666666666663,0.0061666666666666675,0.020249999999999997
final,5,1112678140836614894,8,12000,0.03,0.17,unacceptable,pooled,supported,0.0021562499999999984,0.009833333333333333,0.022333333333333334
final,5,1112678140836614894,8,12000,0.03,0.17,unacceptable,per_feature,supported,0.0021562499999999984,0.009833333333333333,0.022333333333333334
final,5,1112678140836614894,8,12000,0.03,0.17,unacceptable,same_evidence,withheld,0.0021562499999999984,0.009833333333333333,0.022333333333333334
final,5,1112678140836614894,8,12000,0.03,0.17,unacceptable,framework,withheld,0.0021562499999999984,0.009833333333333333,0.022333333333333334
final,6,2756525063693751633,8,12000,0.03,0.17,unacceptable,pooled,supported,0.0011354166666666665,0.006000000000000005,0.017
final,6,2756525063693751633,8,12000,0.03,0.17,unacceptable,per_feature,supported,0.0011354166666666665,0.006000000000000005,0.017
final,6,2756525063693751633,8,12000,0.03,0.17,unacceptable,same_evidence,withheld,0.0011354166666666665,0.006000000000000005,0.017
final,6,2756525063693751633,8,12000,0.03,0.17,unacceptable,framework,withheld,0.0011354166666666665,0.006000000000000005,0.017
final,7,3295212339077800679,8,12000,0.03,0.17,unacceptable,pooled,supported,0.001593749999999991,0.005583333333333329,0.01875
final,7,3295212339077800679,8,12000,0.03,0.17,unacceptable,per_feature,supported,0.001593749999999991,0.005583333333333329,0.01875
final,7,3295212339077800679,8,12000,0.03,0.17,unacceptable,same_evidence,withheld,0.001593749999999991,0.005583333333333329,0.01875
final,7,3295212339077800679,8,12000,0.03,0.17,unacceptable,framework,withheld,0.001593749999999991,0.005583333333333329,0.01875
final,8,1299611208469383738,8,12000,0.03,0.17,unacceptable,pooled,supported,0.0014166666666666633,0.00708333333333333,0.018249999999999995
final,8,1299611208469383738,8,12000,0.03,0.17,unacceptable,per_feature,supported,0.0014166666666666633,0.00708333333333333,0.018249999999999995
final,8,1299611208469383738,8,12000,0.03,0.17,unacceptable,same_evidence,withheld,0.0014166666666666633,0.00708333333333333,0.018249999999999995
final,8,1299611208469383738,8,12000,0.03,0.17,unacceptable,framework,withheld,0.0014166666666666633,0.00708333333333333,0.018249999999999995
final,9,2145553142632422776,8,12000,0.03,0.17,unacceptable,pooled,supported,0.0010312499999999974,0.00683333333333333,0.018833333333333334
final,9,2145553142632422776,8,12000,0.03,0.17,unacceptable,per_feature,supported,0.0010312499999999974,0.00683333333333333,0.018833333333333334
final,9,2145553142632422776,8,12000,0.03,0.17,unacceptable,same_evidence,withheld,0.0010312499999999974,0.00683333333333333,0.018833333333333334
final,9,2145553142632422776,8,12000,0.03,0.17,unacceptable,framework,withheld,0.0010312499999999974,0.00683333333333333,0.018833333333333334
final,10,4141241246250714282,8,12000,0.03,0.17,unacceptable,pooled,supported,3.124999999999656e-05,0.00916666666666667,0.018416666666666668
final,10,4141241246250714282,8,12000,0.03,0.17,unacceptable,per_feature,supported,3.124999999999656e-05,0.00916666666666667,0.018416666666666668
final,10,4141241246250714282,8,12000,0.03,0.17,unacceptable,same_evidence,withheld,3.124999999999656e-05,0.00916666666666667,0.018416666666666668
final,10,4141241246250714282,8,12000,0.03,0.17,unacceptable,framework,withheld,3.124999999999656e-05,0.00916666666666667,0.018416666666666668
final,11,2201031722429030902,8,12000,0.03,0.17,unacceptable,pooled,supported,0.00010416666666666907,0.010333333333333333,0.022083333333333333
final,11,2201031722429030902,8,12000,0.03,0.17,unacceptable,per_feature,withheld,0.00010416666666666907,0.010333333333333333,0.022083333333333333
final,11,2201031722429030902,8,12000,0.03,0.17,unacceptable,same_evidence,withheld,0.00010416666666666907,0.010333333333333333,0.022083333333333333
final,11,2201031722429030902,8,12000,0.03,0.17,unacceptable,framework,withheld,0.00010416666666666907,0.010333333333333333,0.022083333333333333
final,12,1364701538559406701,8,12000,0.03,0.17,unacceptable,pooled,supported,0.0005625000000000074,0.0072500000000000064,0.021500000000000002
final,12,1364701538559406701,8,12000,0.03,0.17,unacceptable,per_feature,supported,0.0005625000000000074,0.0072500000000000064,0.021500000000000002
final,12,1364701538559406701,8,12000,0.03,0.17,unacceptable,same_evidence,withheld,0.0005625000000000074,0.0072500000000000064,0.021500000000000002
final,12,1364701538559406701,8,12000,0.03,0.17,unacceptable,framework,withheld,0.0005625000000000074,0.0072500000000000064,0.021500000000000002
final,13,3012902695087713095,8,12000,0.03,0.17,unacceptable,pooled,supported,0.0008541666666666559,0.009249999999999994,0.021583333333333336
final,13,3012902695087713095,8,12000,0.03,0.17,unacceptable,per_feature,supported,0.0008541666666666559,0.009249999999999994,0.021583333333333336
final,13,3012902695087713095,8,12000,0.03,0.17,unacceptable,same_evidence,withheld,0.0008541666666666559,0.009249999999999994,0.021583333333333336
final,13,3012902695087713095,8,12000,0.03,0.17,unacceptable,framework,withheld,0.0008541666666666559,0.009249999999999994,0.021583333333333336
final,14,1725643571549214191,8,12000,0.03,0.17,unacceptable,pooled,supported,0.002416666666666664,0.008083333333333331,0.019666666666666666
final,14,1725643571549214191,8,12000,0.03,0.17,unacceptable,per_feature,supported,0.002416666666666664,0.008083333333333331,0.019666666666666666
final,14,1725643571549214191,8,12000,0.03,0.17,unacceptable,same_evidence,withheld,0.002416666666666664,0.008083333333333331,0.019666666666666666
final,14,1725643571549214191,8,12000,0.03,0.17,unacceptable,framework,withheld,0.002416666666666664,0.008083333333333331,0.019666666666666666
final,15,2507754327603019571,8,12000,0.03,0.17,unacceptable,pooled,supported,0.00033333333333333826,0.01050000000000001,0.01966666666666667
final,15,2507754327603019571,8,12000,0.03,0.17,unacceptable,per_feature,withheld,0.00033333333333333826,0.01050000000000001,0.01966666666666667
final,15,2507754327603019571,8,12000,0.03,0.17,unacceptable,same_evidence,withheld,0.00033333333333333826,0.01050000000000001,0.01966666666666667
final,15,2507754327603019571,8,12000,0.03,0.17,unacceptable,framework,withheld,0.00033333333333333826,0.01050000000000001,0.01966666666666667
final,16,2310614110028395741,8,12000,0.03,0.17,unacceptable,pooled,supported,4.166666666666208e-05,0.009333333333333332,0.022
final,16,2310614110028395741,8,12000,0.03,0.17,unacceptable,per_feature,supported,4.166666666666208e-05,0.009333333333333332,0.022
final,16,2310614110028395741,8,12000,0.03,0.17,unacceptable,same_evidence,withheld,4.166666666666208e-05,0.009333333333333332,0.022
final,16,2310614110028395741,8,12000,0.03,0.17,unacceptable,framework,withheld,4.166666666666208e-05,0.009333333333333332,0.022
final,17,26229075598920811,8,12000,0.03,0.17,unacceptable,pooled,supported,0.001927083333333357,0.008583333333333346,0.026
final,17,26229075598920811,8,12000,0.03,0.17,unacceptable,per_feature,supported,0.001927083333333357,0.008583333333333346,0.026
final,17,26229075598920811,8,12000,0.03,0.17,unacceptable,same_evidence,withheld,0.001927083333333357,0.008583333333333346,0.026
final,17,26229075598920811,8,12000,0.03,0.17,unacceptable,framework,withheld,0.001927083333333357,0.008583333333333346,0.026
final,18,2882743627092270629,8,12000,0.03,0.17,unacceptable,pooled,supported,0.00027083333333333126,0.004500000000000004,0.018166666666666664
final,18,2882743627092270629,8,12000,0.03,0.17,unacceptable,per_feature,supported,0.00027083333333333126,0.004500000000000004,0.018166666666666664
final,18,2882743627092270629,8,12000,0.03,0.17,unacceptable,same_evidence,withheld,0.00027083333333333126,0.004500000000000004,0.018166666666666664
final,18,2882743627092270629,8,12000,0.03,0.17,unacceptable,framework,withheld,0.00027083333333333126,0.004500000000000004,0.018166666666666664
final,19,497889046665870921,8,12000,0.03,0.17,unacceptable,pooled,supported,0.00173958333333335,0.007750000000000007,0.0245
final,19,497889046665870921,8,12000,0.03,0.17,unacceptable,per_feature,supported,0.00173958333333335,0.007750000000000007,0.0245
final,19,497889046665870921,8,12000,0.03,0.17,unacceptable,same_evidence,withheld,0.00173958333333335,0.007750000000000007,0.0245
final,19,497889046665870921,8,12000,0.03,0.17,unacceptable,framework,withheld,0.00173958333333335,0.007750000000000007,0.0245
final,20,338458795743731038,8,12000,0.03,0.17,unacceptable,pooled,supported,0.001760416666666667,0.005666666666666667,0.0195
final,20,338458795743731038,8,12000,0.03,0.17,unacceptable,per_feature,supported,0.001760416666666667,0.005666666666666667,0.0195
final,20,338458795743731038,8,12000,0.03,0.17,unacceptable,same_evidence,withheld,0.001760416666666667,0.005666666666666667,0.0195
final,20,338458795743731038,8,12000,0.03,0.17,unacceptable,framework,withheld,0.001760416666666667,0.005666666666666667,0.0195
final,21,3855694130548629550,8,12000,0.03,0.17,unacceptable,pooled,supported,0.0019895833333333363,0.005166666666666667,0.021666666666666664
final,21,3855694130548629550,8,12000,0.03,0.17,unacceptable,per_feature,supported,0.0019895833333333363,0.005166666666666667,0.021666666666666664
final,21,3855694130548629550,8,12000,0.03,0.17,unacceptable,same_evidence,withheld,0.0019895833333333363,0.005166666666666667,0.021666666666666664
final,21,3855694130548629550,8,12000,0.03,0.17,unacceptable,framework,withheld,0.0019895833333333363,0.005166666666666667,0.021666666666666664
final,22,3970752286572175376,8,12000,0.03,0.17,unacceptable,pooled,supported,0.002312499999999995,0.0060833333333333295,0.020666666666666663
final,22,3970752286572175376,8,12000,0.03,0.17,unacceptable,per_feature,supported,0.002312499999999995,0.0060833333333333295,0.020666666666666663
final,22,3970752286572175376,8,12000,0.03,0.17,unacceptable,same_evidence,withheld,0.002312499999999995,0.0060833333333333295,0.020666666666666663
final,22,3970752286572175376,8,12000,0.03,0.17,unacceptable,framework,withheld,0.002312499999999995,0.0060833333333333295,0.020666666666666663
final,23,3839073036312957562,8,12000,0.03,0.17,unacceptable,pooled,supported,0.0011979166666666596,0.005583333333333329,0.016
final,23,3839073036312957562,8,12000,0.03,0.17,unacceptable,per_feature,supported,0.0011979166666666596,0.005583333333333329,0.016
final,23,3839073036312957562,8,12000,0.03,0.17,unacceptable,same_evidence,withheld,0.0011979166666666596,0.005583333333333329,0.016
final,23,3839073036312957562,8,12000,0.03,0.17,unacceptable,framework,withheld,0.0011979166666666596,0.005583333333333329,0.016
final,24,3682994228934440640,8,12000,0.03,0.17,unacceptable,pooled,supported,0.00015624999999999667,0.006416666666666668,0.02016666666666667
final,24,3682994228934440640,8,12000,0.03,0.17,unacceptable,per_feature,supported,0.00015624999999999667,0.006416666666666668,0.02016666666666667
final,24,3682994228934440640,8,12000,0.03,0.17,unacceptable,same_evidence,withheld,0.00015624999999999667,0.006416666666666668,0.02016666666666667
final,24,3682994228934440640,8,12000,0.03,0.17,unacceptable,framework,withheld,0.00015624999999999667,0.006416666666666668,0.02016666666666667
final,25,846437183087405372,8,12000,0.03,0.17,unacceptable,pooled,supported,0.0006458333333333316,0.0050000000000000044,0.020166666666666666
final,25,846437183087405372,8,12000,0.03,0.17,unacceptable,per_feature,supported,0.0006458333333333316,0.0050000000000000044,0.020166666666666666
final,25,846437183087405372,8,12000,0.03,0.17,unacceptable,same_evidence,withheld,0.0006458333333333316,0.0050000000000000044,0.020166666666666666
final,25,846437183087405372,8,12000,0.03,0.17,unacceptable,framework,withheld,0.0006458333333333316,0.0050000000000000044,0.020166666666666666
final,26,1033676690424939770,8,12000,0.03,0.17,unacceptable,pooled,supported,0.0008749999999999869,0.0061666666666666675,0.018916666666666665
final,26,1033676690424939770,8,12000,0.03,0.17,unacceptable,per_feature,supported,0.0008749999999999869,0.0061666666666666675,0.018916666666666665
final,26,1033676690424939770,8,12000,0.03,0.17,unacceptable,same_evidence,withheld,0.0008749999999999869,0.0061666666666666675,0.018916666666666665
final,26,1033676690424939770,8,12000,0.03,0.17,unacceptable,framework,withheld,0.0008749999999999869,0.0061666666666666675,0.018916666666666665
final,27,2409584924541897401,8,12000,0.03,0.17,unacceptable,pooled,supported,0.0028541666666666715,0.007666666666666669,0.026166666666666664
final,27,2409584924541897401,8,12000,0.03,0.17,unacceptable,per_feature,supported,0.0028541666666666715,0.007666666666666669,0.026166666666666664
final,27,2409584924541897401,8,12000,0.03,0.17,unacceptable,same_evidence,withheld,0.0028541666666666715,0.007666666666666669,0.026166666666666664
final,27,2409584924541897401,8,12000,0.03,0.17,unacceptable,framework,withheld,0.0028541666666666715,0.007666666666666669,0.026166666666666664
final,28,2452004846620070976,8,12000,0.03,0.17,unacceptable,pooled,supported,0.00045833333333335224,0.0061666666666666675,0.019999999999999997
final,28,2452004846620070976,8,12000,0.03,0.17,unacceptable,per_feature,supported,0.00045833333333335224,0.0061666666666666675,0.019999999999999997
final,28,2452004846620070976,8,12000,0.03,0.17,unacceptable,same_evidence,withheld,0.00045833333333335224,0.0061666666666666675,0.019999999999999997
final,28,2452004846620070976,8,12000,0.03,0.17,unacceptable,framework,withheld,0.00045833333333335224,0.0061666666666666675,0.019999999999999997
final,29,4576328745377393972,8,12000,0.03,0.17,unacceptable,pooled,supported,0.0005624999999999936,0.006249999999999992,0.02316666666666667
final,29,4576328745377393972,8,12000,0.03,0.17,unacceptable,per_feature,supported,0.0005624999999999936,0.006249999999999992,0.02316666666666667
final,29,4576328745377393972,8,12000,0.03,0.17,unacceptable,same_evidence,withheld,0.0005624999999999936,0.006249999999999992,0.02316666666666667
final,29,4576328745377393972,8,12000,0.03,0.17,unacceptable,framework,withheld,0.0005624999999999936,0.006249999999999992,0.02316666666666667
final,30,1626072204087176939,8,12000,0.03,0.17,unacceptable,pooled,supported,0.00014583333333331727,0.007333333333333331,0.021000000000000005
final,30,1626072204087176939,8,12000,0.03,0.17,unacceptable,per_feature,supported,0.00014583333333331727,0.007333333333333331,0.021000000000000005
final,30,1626072204087176939,8,12000,0.03,0.17,unacceptable,same_evidence,withheld,0.00014583333333331727,0.007333333333333331,0.021000000000000005
final,30,1626072204087176939,8,12000,0.03,0.17,unacceptable,framework,withheld,0.00014583333333331727,0.007333333333333331,0.021000000000000005
final,31,3148803689793733374,8,12000,0.03,0.17,unacceptable,pooled,supported,0.00018749999999997935,0.006666666666666654,0.020749999999999998
final,31,3148803689793733374,8,12000,0.03,0.17,unacceptable,per_feature,supported,0.00018749999999997935,0.006666666666666654,0.020749999999999998
final,31,3148803689793733374,8,12000,0.03,0.17,unacceptable,same_evidence,withheld,0.00018749999999997935,0.006666666666666654,0.020749999999999998
final,31,3148803689793733374,8,12000,0.03,0.17,unacceptable,framework,withheld,0.00018749999999997935,0.006666666666666654,0.020749999999999998
final,32,4334439385439070364,8,12000,0.03,0.17,unacceptable,pooled,supported,0.00013541666666666563,0.010833333333333334,0.020250000000000004
final,32,4334439385439070364,8,12000,0.03,0.17,unacceptable,per_feature,withheld,0.00013541666666666563,0.010833333333333334,0.020250000000000004
final,32,4334439385439070364,8,12000,0.03,0.17,unacceptable,same_evidence,withheld,0.00013541666666666563,0.010833333333333334,0.020250000000000004
final,32,4334439385439070364,8,12000,0.03,0.17,unacceptable,framework,withheld,0.00013541666666666563,0.010833333333333334,0.020250000000000004
final,33,3493205111016883083,8,12000,0.03,0.17,unacceptable,pooled,supported,0.00038541666666666585,0.00683333333333333,0.01925
final,33,3493205111016883083,8,12000,0.03,0.17,unacceptable,per_feature,supported,0.00038541666666666585,0.00683333333333333,0.01925
final,33,3493205111016883083,8,12000,0.03,0.17,unacceptable,same_evidence,withheld,0.00038541666666666585,0.00683333333333333,0.01925
final,33,3493205111016883083,8,12000,0.03,0.17,unacceptable,framework,withheld,0.00038541666666666585,0.00683333333333333,0.01925
final,34,2837079314512255336,8,12000,0.03,0.17,unacceptable,pooled,supported,0.0011250000000000149,0.005583333333333329,0.017083333333333336
final,34,2837079314512255336,8,12000,0.03,0.17,unacceptable,per_feature,supported,0.0011250000000000149,0.005583333333333329,0.017083333333333336
final,34,2837079314512255336,8,12000,0.03,0.17,unacceptable,same_evidence,withheld,0.0011250000000000149,0.005583333333333329,0.017083333333333336
final,34,2837079314512255336,8,12000,0.03,0.17,unacceptable,framework,withheld,0.0011250000000000149,0.005583333333333329,0.017083333333333336
final,35,1594012380704531758,8,12000,0.03,0.17,unacceptable,pooled,supported,0.0009791666666666698,0.004916666666666666,0.022250000000000002
final,35,1594012380704531758,8,12000,0.03,0.17,unacceptable,per_feature,supported,0.0009791666666666698,0.004916666666666666,0.022250000000000002
final,35,1594012380704531758,8,12000,0.03,0.17,unacceptable,same_evidence,withheld,0.0009791666666666698,0.004916666666666666,0.022250000000000002
final,35,1594012380704531758,8,12000,0.03,0.17,unacceptable,framework,withheld,0.0009791666666666698,0.004916666666666666,0.022250000000000002
final,36,4009954589831178428,8,12000,0.03,0.17,unacceptable,pooled,supported,0.00039583333333334525,0.004583333333333342,0.021249999999999998
final,36,4009954589831178428,8,12000,0.03,0.17,unacceptable,per_feature,supported,0.00039583333333334525,0.004583333333333342,0.021249999999999998
final,36,4009954589831178428,8,12000,0.03,0.17,unacceptable,same_evidence,withheld,0.00039583333333334525,0.004583333333333342,0.021249999999999998
final,36,4009954589831178428,8,12000,0.03,0.17,unacceptable,framework,withheld,0.00039583333333334525,0.004583333333333342,0.021249999999999998
final,37,2614475703114297713,8,12000,0.03,0.17,unacceptable,pooled,supported,4.1666666666675956e-05,0.008916666666666656,0.022166666666666668
final,37,2614475703114297713,8,12000,0.03,0.17,unacceptable,per_feature,supported,4.1666666666675956e-05,0.008916666666666656,0.022166666666666668
final,37,2614475703114297713,8,12000,0.03,0.17,unacceptable,same_evidence,withheld,4.1666666666675956e-05,0.008916666666666656,0.022166666666666668
final,37,2614475703114297713,8,12000,0.03,0.17,unacceptable,framework,withheld,4.1666666666675956e-05,0.008916666666666656,0.022166666666666668
final,38,2629934822718331832,8,12000,0.03,0.17,unacceptable,pooled,supported,0.00028125000000001066,0.007916666666666655,0.022166666666666668
final,38,2629934822718331832,8,12000,0.03,0.17,unacceptable,per_feature,supported,0.00028125000000001066,0.007916666666666655,0.022166666666666668
final,38,2629934822718331832,8,12000,0.03,0.17,unacceptable,same_evidence,withheld,0.00028125000000001066,0.007916666666666655,0.022166666666666668
final,38,2629934822718331832,8,12000,0.03,0.17,unacceptable,framework,withheld,0.00028125000000001066,0.007916666666666655,0.022166666666666668
final,39,965126326809169100,8,12000,0.03,0.17,unacceptable,pooled,supported,0.001354166666666684,0.00683333333333333,0.020333333333333335
final,39,965126326809169100,8,12000,0.03,0.17,unacceptable,per_feature,supported,0.001354166666666684,0.00683333333333333,0.020333333333333335
final,39,965126326809169100,8,12000,0.03,0.17,unacceptable,same_evidence,withheld,0.001354166666666684,0.00683333333333333,0.020333333333333335
final,39,965126326809169100,8,12000,0.03,0.17,unacceptable,framework,withheld,0.001354166666666684,0.00683333333333333,0.020333333333333335
final,40,460587611361616245,8,12000,0.03,0.17,unacceptable,pooled,supported,0.0015833333333333394,0.0050000000000000044,0.02225
final,40,460587611361616245,8,12000,0.03,0.17,unacceptable,per_feature,supported,0.0015833333333333394,0.0050000000000000044,0.02225
final,40,460587611361616245,8,12000,0.03,0.17,unacceptable,same_evidence,withheld,0.0015833333333333394,0.0050000000000000044,0.02225
final,40,460587611361616245,8,12000,0.03,0.17,unacceptable,framework,withheld,0.0015833333333333394,0.0050000000000000044,0.02225
final,41,2833156202215016501,8,12000,0.03,0.17,unacceptable,pooled,supported,0.0019687500000000052,0.006500000000000006,0.02225
final,41,2833156202215016501,8,12000,0.03,0.17,unacceptable,per_feature,supported,0.0019687500000000052,0.006500000000000006,0.02225
final,41,2833156202215016501,8,12000,0.03,0.17,unacceptable,same_evidence,withheld,0.0019687500000000052,0.006500000000000006,0.02225
final,41,2833156202215016501,8,12000,0.03,0.17,unacceptable,framework,withheld,0.0019687500000000052,0.006500000000000006,0.02225
final,42,3675372672930089039,8,12000,0.03,0.17,unacceptable,pooled,supported,0.0014062500000000117,0.010666666666666658,0.021500000000000002
final,42,3675372672930089039,8,12000,0.03,0.17,unacceptable,per_feature,withheld,0.0014062500000000117,0.010666666666666658,0.021500000000000002
final,42,3675372672930089039,8,12000,0.03,0.17,unacceptable,same_evidence,withheld,0.0014062500000000117,0.010666666666666658,0.021500000000000002
final,42,3675372672930089039,8,12000,0.03,0.17,unacceptable,framework,withheld,0.0014062500000000117,0.010666666666666658,0.021500000000000002
final,43,3885460865285284716,8,12000,0.03,0.17,unacceptable,pooled,supported,0.0005208333333333454,0.004416666666666666,0.02025
final,43,3885460865285284716,8,12000,0.03,0.17,unacceptable,per_feature,supported,0.0005208333333333454,0.004416666666666666,0.02025
final,43,3885460865285284716,8,12000,0.03,0.17,unacceptable,same_evidence,withheld,0.0005208333333333454,0.004416666666666666,0.02025
final,43,3885460865285284716,8,12000,0.03,0.17,unacceptable,framework,withheld,0.0005208333333333454,0.004416666666666666,0.02025
final,44,1112760202573272086,8,12000,0.03,0.17,unacceptable,pooled,supported,0.0024374999999999952,0.005916666666666667,0.020833333333333332
final,44,1112760202573272086,8,12000,0.03,0.17,unacceptable,per_feature,supported,0.0024374999999999952,0.005916666666666667,0.020833333333333332
final,44,1112760202573272086,8,12000,0.03,0.17,unacceptable,same_evidence,withheld,0.0024374999999999952,0.005916666666666667,0.020833333333333332
final,44,1112760202573272086,8,12000,0.03,0.17,unacceptable,framework,withheld,0.0024374999999999952,0.005916666666666667,0.020833333333333332
final,45,3916513908135558091,8,12000,0.03,0.17,unacceptable,pooled,supported,0.0002812499999999968,0.005833333333333329,0.01875
final,45,3916513908135558091,8,12000,0.03,0.17,unacceptable,per_feature,supported,0.0002812499999999968,0.005833333333333329,0.01875
final,45,3916513908135558091,8,12000,0.03,0.17,unacceptable,same_evidence,withheld,0.0002812499999999968,0.005833333333333329,0.01875
final,45,3916513908135558091,8,12000,0.03,0.17,unacceptable,framework,withheld,0.0002812499999999968,0.005833333333333329,0.01875
final,46,1927975230907939837,8,12000,0.03,0.17,unacceptable,pooled,supported,0.0010208333333333458,0.00891666666666667,0.018416666666666665
final,46,1927975230907939837,8,12000,0.03,0.17,unacceptable,per_feature,supported,0.0010208333333333458,0.00891666666666667,0.018416666666666665
final,46,1927975230907939837,8,12000,0.03,0.17,unacceptable,same_evidence,withheld,0.0010208333333333458,0.00891666666666667,0.018416666666666665
final,46,1927975230907939837,8,12000,0.03,0.17,unacceptable,framework,withheld,0.0010208333333333458,0.00891666666666667,0.018416666666666665
final,47,3359664991269733540,8,12000,0.03,0.17,unacceptable,pooled,supported,0.00011458333333333459,0.004750000000000004,0.020333333333333335
final,47,3359664991269733540,8,12000,0.03,0.17,unacceptable,per_feature,supported,0.00011458333333333459,0.004750000000000004,0.020333333333333335
final,47,3359664991269733540,8,12000,0.03,0.17,unacceptable,same_evidence,withheld,0.00011458333333333459,0.004750000000000004,0.020333333333333335
final,47,3359664991269733540,8,12000,0.03,0.17,unacceptable,framework,withheld,0.00011458333333333459,0.004750000000000004,0.020333333333333335
final,48,1314959451917805064,8,12000,0.03,0.17,unacceptable,pooled,supported,0.0016041666666666704,0.008583333333333332,0.018500000000000003
final,48,1314959451917805064,8,12000,0.03,0.17,unacceptable,per_feature,supported,0.0016041666666666704,0.008583333333333332,0.018500000000000003
final,48,1314959451917805064,8,12000,0.03,0.17,unacceptable,same_evidence,withheld,0.0016041666666666704,0.008583333333333332,0.018500000000000003
final,48,1314959451917805064,8,12000,0.03,0.17,unacceptable,framework,withheld,0.0016041666666666704,0.008583333333333332,0.018500000000000003
final,49,1329316942695718036,8,12000,0.03,0.17,unacceptable,pooled,supported,0.002437500000000009,0.006416666666666654,0.017916666666666668
final,49,1329316942695718036,8,12000,0.03,0.17,unacceptable,per_feature,supported,0.002437500000000009,0.006416666666666654,0.017916666666666668
final,49,1329316942695718036,8,12000,0.03,0.17,unacceptable,same_evidence,withheld,0.002437500000000009,0.006416666666666654,0.017916666666666668
final,49,1329316942695718036,8,12000,0.03,0.17,unacceptable,framework,withheld,0.002437500000000009,0.006416666666666654,0.017916666666666668
final,50,2684394962062615985,8,12000,0.03,0.17,unacceptable,pooled,supported,0.0018958333333333466,0.004666666666666666,0.019916666666666666
final,50,2684394962062615985,8,12000,0.03,0.17,unacceptable,per_feature,supported,0.0018958333333333466,0.004666666666666666,0.019916666666666666
final,50,2684394962062615985,8,12000,0.03,0.17,unacceptable,same_evidence,withheld,0.0018958333333333466,0.004666666666666666,0.019916666666666666
final,50,2684394962062615985,8,12000,0.03,0.17,unacceptable,framework,withheld,0.0018958333333333466,0.004666666666666666,0.019916666666666666
final,51,2424115560300525639,8,12000,0.03,0.17,unacceptable,pooled,supported,0.0008333333333333387,0.006000000000000005,0.017166666666666667
final,51,2424115560300525639,8,12000,0.03,0.17,unacceptable,per_feature,supported,0.0008333333333333387,0.006000000000000005,0.017166666666666667
final,51,2424115560300525639,8,12000,0.03,0.17,unacceptable,same_evidence,withheld,0.0008333333333333387,0.006000000000000005,0.017166666666666667
final,51,2424115560300525639,8,12000,0.03,0.17,unacceptable,framework,withheld,0.0008333333333333387,0.006000000000000005,0.017166666666666667
final,52,621262309175820828,8,12000,0.03,0.17,unacceptable,pooled,supported,0.0006874999999999937,0.010166666666666671,0.025083333333333332
final,52,621262309175820828,8,12000,0.03,0.17,unacceptable,per_feature,withheld,0.0006874999999999937,0.010166666666666671,0.025083333333333332
final,52,621262309175820828,8,12000,0.03,0.17,unacceptable,same_evidence,withheld,0.0006874999999999937,0.010166666666666671,0.025083333333333332
final,52,621262309175820828,8,12000,0.03,0.17,unacceptable,framework,withheld,0.0006874999999999937,0.010166666666666671,0.025083333333333332
final,53,842576805695577578,8,12000,0.03,0.17,unacceptable,pooled,supported,0.0011979166666666735,0.007416666666666669,0.017666666666666664
final,53,842576805695577578,8,12000,0.03,0.17,unacceptable,per_feature,supported,0.0011979166666666735,0.007416666666666669,0.017666666666666664
final,53,842576805695577578,8,12000,0.03,0.17,unacceptable,same_evidence,withheld,0.0011979166666666735,0.007416666666666669,0.017666666666666664
final,53,842576805695577578,8,12000,0.03,0.17,unacceptable,framework,withheld,0.0011979166666666735,0.007416666666666669,0.017666666666666664
final,54,4074402432190343905,8,12000,0.03,0.17,unacceptable,pooled,supported,0.0015625000000000083,0.007166666666666668,0.018583333333333334
final,54,4074402432190343905,8,12000,0.03,0.17,unacceptable,per_feature,supported,0.0015625000000000083,0.007166666666666668,0.018583333333333334
final,54,4074402432190343905,8,12000,0.03,0.17,unacceptable,same_evidence,withheld,0.0015625000000000083,0.007166666666666668,0.018583333333333334
final,54,4074402432190343905,8,12000,0.03,0.17,unacceptable,framework,withheld,0.0015625000000000083,0.007166666666666668,0.018583333333333334
final,55,2973078650109109353,8,12000,0.03,0.17,unacceptable,pooled,supported,0.0019895833333333224,0.005499999999999991,0.023999999999999997
final,55,2973078650109109353,8,12000,0.03,0.17,unacceptable,per_feature,supported,0.0019895833333333224,0.005499999999999991,0.023999999999999997
final,55,2973078650109109353,8,12000,0.03,0.17,unacceptable,same_evidence,withheld,0.0019895833333333224,0.005499999999999991,0.023999999999999997
final,55,2973078650109109353,8,12000,0.03,0.17,unacceptable,framework,withheld,0.0019895833333333224,0.005499999999999991,0.023999999999999997
final,56,800220047158768290,8,12000,0.03,0.17,unacceptable,pooled,supported,0.00122916666666667,0.008000000000000007,0.01933333333333333
final,56,800220047158768290,8,12000,0.03,0.17,unacceptable,per_feature,supported,0.00122916666666667,0.008000000000000007,0.01933333333333333
final,56,800220047158768290,8,12000,0.03,0.17,unacceptable,same_evidence,withheld,0.00122916666666667,0.008000000000000007,0.01933333333333333
final,56,800220047158768290,8,12000,0.03,0.17,unacceptable,framework,withheld,0.00122916666666667,0.008000000000000007,0.01933333333333333
final,57,4432268799381522273,8,12000,0.03,0.17,unacceptable,pooled,supported,0.0023645833333333366,0.00683333333333333,0.0225
final,57,4432268799381522273,8,12000,0.03,0.17,unacceptable,per_feature,supported,0.0023645833333333366,0.00683333333333333,0.0225
final,57,4432268799381522273,8,12000,0.03,0.17,unacceptable,same_evidence,withheld,0.0023645833333333366,0.00683333333333333,0.0225
final,57,4432268799381522273,8,12000,0.03,0.17,unacceptable,framework,withheld,0.0023645833333333366,0.00683333333333333,0.0225
final,58,2454535649323348792,8,12000,0.03,0.17,unacceptable,pooled,supported,0.00204166666666665,0.010333333333333333,0.0235
final,58,2454535649323348792,8,12000,0.03,0.17,unacceptable,per_feature,withheld,0.00204166666666665,0.010333333333333333,0.0235
final,58,2454535649323348792,8,12000,0.03,0.17,unacceptable,same_evidence,withheld,0.00204166666666665,0.010333333333333333,0.0235
final,58,2454535649323348792,8,12000,0.03,0.17,unacceptable,framework,withheld,0.00204166666666665,0.010333333333333333,0.0235
final,59,1870506246031771215,8,12000,0.03,0.17,unacceptable,pooled,supported,0.000489583333333321,0.007333333333333331,0.017583333333333333
final,59,1870506246031771215,8,12000,0.03,0.17,unacceptable,per_feature,supported,0.000489583333333321,0.007333333333333331,0.017583333333333333
final,59,1870506246031771215,8,12000,0.03,0.17,unacceptable,same_evidence,withheld,0.000489583333333321,0.007333333333333331,0.017583333333333333
final,59,1870506246031771215,8,12000,0.03,0.17,unacceptable,framework,withheld,0.000489583333333321,0.007333333333333331,0.017583333333333333
final,60,3982262086799273212,8,12000,0.03,0.17,unacceptable,pooled,supported,0.0012500000000000011,0.008500000000000008,0.02275
final,60,3982262086799273212,8,12000,0.03,0.17,unacceptable,per_feature,supported,0.0012500000000000011,0.008500000000000008,0.02275
final,60,3982262086799273212,8,12000,0.03,0.17,unacceptable,same_evidence,withheld,0.0012500000000000011,0.008500000000000008,0.02275
final,60,3982262086799273212,8,12000,0.03,0.17,unacceptable,framework,withheld,0.0012500000000000011,0.008500000000000008,0.02275
final,61,1832823563332196978,8,12000,0.03,0.17,unacceptable,pooled,supported,0.0011770833333333286,0.007916666666666655,0.017666666666666667
final,61,1832823563332196978,8,12000,0.03,0.17,unacceptable,per_feature,supported,0.0011770833333333286,0.007916666666666655,0.017666666666666667
final,61,1832823563332196978,8,12000,0.03,0.17,unacceptable,same_evidence,withheld,0.0011770833333333286,0.007916666666666655,0.017666666666666667
final,61,1832823563332196978,8,12000,0.03,0.17,unacceptable,framework,withheld,0.0011770833333333286,0.007916666666666655,0.017666666666666667
final,62,3290424491949371005,8,12000,0.03,0.17,unacceptable,pooled,supported,0.001843750000000005,0.010583333333333333,0.021416666666666667
final,62,3290424491949371005,8,12000,0.03,0.17,unacceptable,per_feature,withheld,0.001843750000000005,0.010583333333333333,0.021416666666666667
final,62,3290424491949371005,8,12000,0.03,0.17,unacceptable,same_evidence,withheld,0.001843750000000005,0.010583333333333333,0.021416666666666667
final,62,3290424491949371005,8,12000,0.03,0.17,unacceptable,framework,withheld,0.001843750000000005,0.010583333333333333,0.021416666666666667
final,63,1119570763668709709,8,12000,0.03,0.17,unacceptable,pooled,supported,0.0015104166666666807,0.00658333333333333,0.022333333333333334
final,63,1119570763668709709,8,12000,0.03,0.17,unacceptable,per_feature,supported,0.0015104166666666807,0.00658333333333333,0.022333333333333334
final,63,1119570763668709709,8,12000,0.03,0.17,unacceptable,same_evidence,withheld,0.0015104166666666807,0.00658333333333333,0.022333333333333334
final,63,1119570763668709709,8,12000,0.03,0.17,unacceptable,framework,withheld,0.0015104166666666807,0.00658333333333333,0.022333333333333334
final,64,2841458020381290714,8,12000,0.03,0.17,unacceptable,pooled,supported,0.0013229166666666597,0.007916666666666669,0.01833333333333333
final,64,2841458020381290714,8,12000,0.03,0.17,unacceptable,per_feature,supported,0.0013229166666666597,0.007916666666666669,0.01833333333333333
final,64,2841458020381290714,8,12000,0.03,0.17,unacceptable,same_evidence,withheld,0.0013229166666666597,0.007916666666666669,0.01833333333333333
final,64,2841458020381290714,8,12000,0.03,0.17,unacceptable,framework,withheld,0.0013229166666666597,0.007916666666666669,0.01833333333333333
final,65,1456694015741089410,8,12000,0.03,0.17,unacceptable,pooled,supported,0.000718750000000018,0.008833333333333346,0.014499999999999999
final,65,1456694015741089410,8,12000,0.03,0.17,unacceptable,per_feature,supported,0.000718750000000018,0.008833333333333346,0.014499999999999999
final,65,1456694015741089410,8,12000,0.03,0.17,unacceptable,same_evidence,withheld,0.000718750000000018,0.008833333333333346,0.014499999999999999
final,65,1456694015741089410,8,12000,0.03,0.17,unacceptable,framework,withheld,0.000718750000000018,0.008833333333333346,0.014499999999999999
final,66,433373244925392918,8,12000,0.03,0.17,unacceptable,pooled,supported,0.001083333333333339,0.00658333333333333,0.02175
final,66,433373244925392918,8,12000,0.03,0.17,unacceptable,per_feature,supported,0.001083333333333339,0.00658333333333333,0.02175
final,66,433373244925392918,8,12000,0.03,0.17,unacceptable,same_evidence,withheld,0.001083333333333339,0.00658333333333333,0.02175
final,66,433373244925392918,8,12000,0.03,0.17,unacceptable,framework,withheld,0.001083333333333339,0.00658333333333333,0.02175
final,67,83240332488391175,8,12000,0.03,0.17,unacceptable,pooled,supported,0.0005104166666666798,0.0025833333333333264,0.022
final,67,83240332488391175,8,12000,0.03,0.17,unacceptable,per_feature,supported,0.0005104166666666798,0.0025833333333333264,0.022
final,67,83240332488391175,8,12000,0.03,0.17,unacceptable,same_evidence,withheld,0.0005104166666666798,0.0025833333333333264,0.022
final,67,83240332488391175,8,12000,0.03,0.17,unacceptable,framework,withheld,0.0005104166666666798,0.0025833333333333264,0.022
final,68,719652411893441728,8,12000,0.03,0.17,unacceptable,pooled,supported,0.0004062499999999969,0.008499999999999994,0.01691666666666667
final,68,719652411893441728,8,12000,0.03,0.17,unacceptable,per_feature,supported,0.0004062499999999969,0.008499999999999994,0.01691666666666667
final,68,719652411893441728,8,12000,0.03,0.17,unacceptable,same_evidence,withheld,0.0004062499999999969,0.008499999999999994,0.01691666666666667
final,68,719652411893441728,8,12000,0.03,0.17,unacceptable,framework,withheld,0.0004062499999999969,0.008499999999999994,0.01691666666666667
final,69,1337465583050519915,8,12000,0.03,0.17,unacceptable,pooled,supported,0.0011979166666666735,0.005083333333333329,0.02066666666666667
final,69,1337465583050519915,8,12000,0.03,0.17,unacceptable,per_feature,supported,0.0011979166666666735,0.005083333333333329,0.02066666666666667
final,69,1337465583050519915,8,12000,0.03,0.17,unacceptable,same_evidence,withheld,0.0011979166666666735,0.005083333333333329,0.02066666666666667
final,69,1337465583050519915,8,12000,0.03,0.17,unacceptable,framework,withheld,0.0011979166666666735,0.005083333333333329,0.02066666666666667
final,70,1995921616406096281,8,12000,0.03,0.17,unacceptable,pooled,supported,0.0013645833333333635,0.006750000000000006,0.023333333333333334
final,70,1995921616406096281,8,12000,0.03,0.17,unacceptable,per_feature,supported,0.0013645833333333635,0.006750000000000006,0.023333333333333334
final,70,1995921616406096281,8,12000,0.03,0.17,unacceptable,same_evidence,withheld,0.0013645833333333635,0.006750000000000006,0.023333333333333334
final,70,1995921616406096281,8,12000,0.03,0.17,unacceptable,framework,withheld,0.0013645833333333635,0.006750000000000006,0.023333333333333334
final,71,4275775655859882811,8,12000,0.03,0.17,unacceptable,pooled,supported,0.0025833333333333264,0.005499999999999991,0.022916666666666665
final,71,4275775655859882811,8,12000,0.03,0.17,unacceptable,per_feature,supported,0.0025833333333333264,0.005499999999999991,0.022916666666666665
final,71,4275775655859882811,8,12000,0.03,0.17,unacceptable,same_evidence,withheld,0.0025833333333333264,0.005499999999999991,0.022916666666666665
final,71,4275775655859882811,8,12000,0.03,0.17,unacceptable,framework,withheld,0.0025833333333333264,0.005499999999999991,0.022916666666666665
final,72,2864680364948187908,8,12000,0.03,0.17,unacceptable,pooled,supported,4.1666666666675956e-05,0.0072499999999999926,0.022083333333333337
final,72,2864680364948187908,8,12000,0.03,0.17,unacceptable,per_feature,supported,4.1666666666675956e-05,0.0072499999999999926,0.022083333333333337
final,72,2864680364948187908,8,12000,0.03,0.17,unacceptable,same_evidence,withheld,4.1666666666675956e-05,0.0072499999999999926,0.022083333333333337
final,72,2864680364948187908,8,12000,0.03,0.17,unacceptable,framework,withheld,4.1666666666675956e-05,0.0072499999999999926,0.022083333333333337
final,73,3973367960458806569,8,12000,0.03,0.17,unacceptable,pooled,supported,0.0014166666666666494,0.005833333333333343,0.01841666666666667
final,73,3973367960458806569,8,12000,0.03,0.17,unacceptable,per_feature,supported,0.0014166666666666494,0.005833333333333343,0.01841666666666667
final,73,3973367960458806569,8,12000,0.03,0.17,unacceptable,same_evidence,withheld,0.0014166666666666494,0.005833333333333343,0.01841666666666667
final,73,3973367960458806569,8,12000,0.03,0.17,unacceptable,framework,withheld,0.0014166666666666494,0.005833333333333343,0.01841666666666667
final,74,1946661633561316441,8,12000,0.03,0.17,unacceptable,pooled,supported,0.0005937500000000179,0.006749999999999992,0.024
final,74,1946661633561316441,8,12000,0.03,0.17,unacceptable,per_feature,supported,0.0005937500000000179,0.006749999999999992,0.024
final,74,1946661633561316441,8,12000,0.03,0.17,unacceptable,same_evidence,withheld,0.0005937500000000179,0.006749999999999992,0.024
final,74,1946661633561316441,8,12000,0.03,0.17,unacceptable,framework,withheld,0.0005937500000000179,0.006749999999999992,0.024
final,75,3657958469940073532,8,12000,0.03,0.17,unacceptable,pooled,supported,0.0003020833333333278,0.0037500000000000033,0.018333333333333333
final,75,3657958469940073532,8,12000,0.03,0.17,unacceptable,per_feature,supported,0.0003020833333333278,0.0037500000000000033,0.018333333333333333
final,75,3657958469940073532,8,12000,0.03,0.17,unacceptable,same_evidence,withheld,0.0003020833333333278,0.0037500000000000033,0.018333333333333333
final,75,3657958469940073532,8,12000,0.03,0.17,unacceptable,framework,withheld,0.0003020833333333278,0.0037500000000000033,0.018333333333333333
final,76,2697815955666699358,8,12000,0.03,0.17,unacceptable,pooled,supported,0.0016250000000000014,0.010749999999999996,0.02308333333333333
final,76,2697815955666699358,8,12000,0.03,0.17,unacceptable,per_feature,withheld,0.0016250000000000014,0.010749999999999996,0.02308333333333333
final,76,2697815955666699358,8,12000,0.03,0.17,unacceptable,same_evidence,withheld,0.0016250000000000014,0.010749999999999996,0.02308333333333333
final,76,2697815955666699358,8,12000,0.03,0.17,unacceptable,framework,withheld,0.0016250000000000014,0.010749999999999996,0.02308333333333333
final,77,1460654397319424477,8,12000,0.03,0.17,unacceptable,pooled,supported,0.0036458333333333343,0.008833333333333332,0.015166666666666669
final,77,1460654397319424477,8,12000,0.03,0.17,unacceptable,per_feature,supported,0.0036458333333333343,0.008833333333333332,0.015166666666666669
final,77,1460654397319424477,8,12000,0.03,0.17,unacceptable,same_evidence,withheld,0.0036458333333333343,0.008833333333333332,0.015166666666666669
final,77,1460654397319424477,8,12000,0.03,0.17,unacceptable,framework,withheld,0.0036458333333333343,0.008833333333333332,0.015166666666666669
final,78,2659396513786426779,8,12000,0.03,0.17,unacceptable,pooled,supported,0.00032291666666665886,0.0062500000000000056,0.02391666666666667
final,78,2659396513786426779,8,12000,0.03,0.17,unacceptable,per_feature,supported,0.00032291666666665886,0.0062500000000000056,0.02391666666666667
final,78,2659396513786426779,8,12000,0.03,0.17,unacceptable,same_evidence,withheld,0.00032291666666665886,0.0062500000000000056,0.02391666666666667
final,78,2659396513786426779,8,12000,0.03,0.17,unacceptable,framework,withheld,0.00032291666666665886,0.0062500000000000056,0.02391666666666667
final,79,4193402856401854779,8,12000,0.03,0.17,unacceptable,pooled,supported,0.0017708333333333187,0.00966666666666667,0.018416666666666668
final,79,4193402856401854779,8,12000,0.03,0.17,unacceptable,per_feature,supported,0.0017708333333333187,0.00966666666666667,0.018416666666666668
final,79,4193402856401854779,8,12000,0.03,0.17,unacceptable,same_evidence,withheld,0.0017708333333333187,0.00966666666666667,0.018416666666666668
final,79,4193402856401854779,8,12000,0.03,0.17,unacceptable,framework,withheld,0.0017708333333333187,0.00966666666666667,0.018416666666666668
final,80,3106485467503237425,8,12000,0.03,0.17,unacceptable,pooled,supported,0.00018749999999999323,0.00683333333333333,0.022083333333333337
final,80,3106485467503237425,8,12000,0.03,0.17,unacceptable,per_feature,supported,0.00018749999999999323,0.00683333333333333,0.022083333333333337
final,80,3106485467503237425,8,12000,0.03,0.17,unacceptable,same_evidence,withheld,0.00018749999999999323,0.00683333333333333,0.022083333333333337
final,80,3106485467503237425,8,12000,0.03,0.17,unacceptable,framework,withheld,0.00018749999999999323,0.00683333333333333,0.022083333333333337
final,81,2240328131202879632,8,12000,0.03,0.17,unacceptable,pooled,supported,0.0025208333333333333,0.00866666666666667,0.01991666666666667
final,81,2240328131202879632,8,12000,0.03,0.17,unacceptable,per_feature,supported,0.0025208333333333333,0.00866666666666667,0.01991666666666667
final,81,2240328131202879632,8,12000,0.03,0.17,unacceptable,same_evidence,withheld,0.0025208333333333333,0.00866666666666667,0.01991666666666667
final,81,2240328131202879632,8,12000,0.03,0.17,unacceptable,framework,withheld,0.0025208333333333333,0.00866666666666667,0.01991666666666667
final,82,3681643570242863285,8,12000,0.03,0.17,unacceptable,pooled,supported,0.0008020833333333283,0.009166666666666656,0.019333333333333334
final,82,3681643570242863285,8,12000,0.03,0.17,unacceptable,per_feature,supported,0.0008020833333333283,0.009166666666666656,0.019333333333333334
final,82,3681643570242863285,8,12000,0.03,0.17,unacceptable,same_evidence,withheld,0.0008020833333333283,0.009166666666666656,0.019333333333333334
final,82,3681643570242863285,8,12000,0.03,0.17,unacceptable,framework,withheld,0.0008020833333333283,0.009166666666666656,0.019333333333333334
final,83,4355731343003928381,8,12000,0.03,0.17,unacceptable,pooled,supported,0.004052083333333331,0.008666666666666656,0.0245
final,83,4355731343003928381,8,12000,0.03,0.17,unacceptable,per_feature,supported,0.004052083333333331,0.008666666666666656,0.0245
final,83,4355731343003928381,8,12000,0.03,0.17,unacceptable,same_evidence,withheld,0.004052083333333331,0.008666666666666656,0.0245
final,83,4355731343003928381,8,12000,0.03,0.17,unacceptable,framework,withheld,0.004052083333333331,0.008666666666666656,0.0245
final,84,3572662722139852552,8,12000,0.03,0.17,unacceptable,pooled,supported,0.00014583333333333115,0.004250000000000004,0.019749999999999997
final,84,3572662722139852552,8,12000,0.03,0.17,unacceptable,per_feature,supported,0.00014583333333333115,0.004250000000000004,0.019749999999999997
final,84,3572662722139852552,8,12000,0.03,0.17,unacceptable,same_evidence,withheld,0.00014583333333333115,0.004250000000000004,0.019749999999999997
final,84,3572662722139852552,8,12000,0.03,0.17,unacceptable,framework,withheld,0.00014583333333333115,0.004250000000000004,0.019749999999999997
final,85,3857130401172935626,8,12000,0.03,0.17,unacceptable,pooled,supported,0.0019062499999999982,0.005083333333333329,0.01766666666666667
final,85,3857130401172935626,8,12000,0.03,0.17,unacceptable,per_feature,supported,0.0019062499999999982,0.005083333333333329,0.01766666666666667
final,85,3857130401172935626,8,12000,0.03,0.17,unacceptable,same_evidence,withheld,0.0019062499999999982,0.005083333333333329,0.01766666666666667
final,85,3857130401172935626,8,12000,0.03,0.17,unacceptable,framework,withheld,0.0019062499999999982,0.005083333333333329,0.01766666666666667
final,86,3263025622260457214,8,12000,0.03,0.17,unacceptable,pooled,supported,0.0014374999999999805,0.0072499999999999926,0.016083333333333335
final,86,3263025622260457214,8,12000,0.03,0.17,unacceptable,per_feature,supported,0.0014374999999999805,0.0072499999999999926,0.016083333333333335
final,86,3263025622260457214,8,12000,0.03,0.17,unacceptable,same_evidence,withheld,0.0014374999999999805,0.0072499999999999926,0.016083333333333335
final,86,3263025622260457214,8,12000,0.03,0.17,unacceptable,framework,withheld,0.0014374999999999805,0.0072499999999999926,0.016083333333333335
final,87,877115352636792353,8,12000,0.03,0.17,unacceptable,pooled,supported,0.0033229166666666754,0.010583333333333333,0.02358333333333333
final,87,877115352636792353,8,12000,0.03,0.17,unacceptable,per_feature,withheld,0.0033229166666666754,0.010583333333333333,0.02358333333333333
final,87,877115352636792353,8,12000,0.03,0.17,unacceptable,same_evidence,withheld,0.0033229166666666754,0.010583333333333333,0.02358333333333333
final,87,877115352636792353,8,12000,0.03,0.17,unacceptable,framework,withheld,0.0033229166666666754,0.010583333333333333,0.02358333333333333
final,88,2524394764352183411,8,12000,0.03,0.17,unacceptable,pooled,supported,0.0009583333333333249,0.006499999999999992,0.013416666666666667
final,88,2524394764352183411,8,12000,0.03,0.17,unacceptable,per_feature,supported,0.0009583333333333249,0.006499999999999992,0.013416666666666667
final,88,2524394764352183411,8,12000,0.03,0.17,unacceptable,same_evidence,withheld,0.0009583333333333249,0.006499999999999992,0.013416666666666667
final,88,2524394764352183411,8,12000,0.03,0.17,unacceptable,framework,withheld,0.0009583333333333249,0.006499999999999992,0.013416666666666667
final,89,1402894870655691303,8,12000,0.03,0.17,unacceptable,pooled,supported,0.00044791666666667285,0.00658333333333333,0.019833333333333335
final,89,1402894870655691303,8,12000,0.03,0.17,unacceptable,per_feature,supported,0.00044791666666667285,0.00658333333333333,0.019833333333333335
final,89,1402894870655691303,8,12000,0.03,0.17,unacceptable,same_evidence,withheld,0.00044791666666667285,0.00658333333333333,0.019833333333333335
final,89,1402894870655691303,8,12000,0.03,0.17,unacceptable,framework,withheld,0.00044791666666667285,0.00658333333333333,0.019833333333333335
final,90,2558465535973732726,8,12000,0.03,0.17,unacceptable,pooled,supported,0.001312500000000008,0.0061666666666666675,0.019833333333333335
final,90,2558465535973732726,8,12000,0.03,0.17,unacceptable,per_feature,supported,0.001312500000000008,0.0061666666666666675,0.019833333333333335
final,90,2558465535973732726,8,12000,0.03,0.17,unacceptable,same_evidence,withheld,0.001312500000000008,0.0061666666666666675,0.019833333333333335
final,90,2558465535973732726,8,12000,0.03,0.17,unacceptable,framework,withheld,0.001312500000000008,0.0061666666666666675,0.019833333333333335
final,91,1463766933540630395,8,12000,0.03,0.17,unacceptable,pooled,supported,0.002968750000000006,0.009249999999999994,0.014499999999999999
final,91,1463766933540630395,8,12000,0.03,0.17,unacceptable,per_feature,supported,0.002968750000000006,0.009249999999999994,0.014499999999999999
final,91,1463766933540630395,8,12000,0.03,0.17,unacceptable,same_evidence,withheld,0.002968750000000006,0.009249999999999994,0.014499999999999999
final,91,1463766933540630395,8,12000,0.03,0.17,unacceptable,framework,withheld,0.002968750000000006,0.009249999999999994,0.014499999999999999
final,92,245557587196990414,8,12000,0.03,0.17,unacceptable,pooled,supported,0.0015416666666666634,0.005166666666666667,0.0205
final,92,245557587196990414,8,12000,0.03,0.17,unacceptable,per_feature,supported,0.0015416666666666634,0.005166666666666667,0.0205
final,92,245557587196990414,8,12000,0.03,0.17,unacceptable,same_evidence,withheld,0.0015416666666666634,0.005166666666666667,0.0205
final,92,245557587196990414,8,12000,0.03,0.17,unacceptable,framework,withheld,0.0015416666666666634,0.005166666666666667,0.0205
final,93,3255143930233697849,8,12000,0.03,0.17,unacceptable,pooled,supported,0.0020000000000000018,0.005583333333333329,0.015833333333333335
final,93,3255143930233697849,8,12000,0.03,0.17,unacceptable,per_feature,supported,0.0020000000000000018,0.005583333333333329,0.015833333333333335
final,93,3255143930233697849,8,12000,0.03,0.17,unacceptable,same_evidence,withheld,0.0020000000000000018,0.005583333333333329,0.015833333333333335
final,93,3255143930233697849,8,12000,0.03,0.17,unacceptable,framework,withheld,0.0020000000000000018,0.005583333333333329,0.015833333333333335
final,94,3435665679321716051,8,12000,0.03,0.17,unacceptable,pooled,supported,0.001552083333333329,0.005833333333333329,0.022833333333333334
final,94,3435665679321716051,8,12000,0.03,0.17,unacceptable,per_feature,supported,0.001552083333333329,0.005833333333333329,0.022833333333333334
final,94,3435665679321716051,8,12000,0.03,0.17,unacceptable,same_evidence,withheld,0.001552083333333329,0.005833333333333329,0.022833333333333334
final,94,3435665679321716051,8,12000,0.03,0.17,unacceptable,framework,withheld,0.001552083333333329,0.005833333333333329,0.022833333333333334
final,95,2589841754027134219,8,12000,0.03,0.17,unacceptable,pooled,supported,0.00032291666666667274,0.006749999999999992,0.020583333333333335
final,95,2589841754027134219,8,12000,0.03,0.17,unacceptable,per_feature,supported,0.00032291666666667274,0.006749999999999992,0.020583333333333335
final,95,2589841754027134219,8,12000,0.03,0.17,unacceptable,same_evidence,withheld,0.00032291666666667274,0.006749999999999992,0.020583333333333335
final,95,2589841754027134219,8,12000,0.03,0.17,unacceptable,framework,withheld,0.00032291666666667274,0.006749999999999992,0.020583333333333335
final,96,1624544560472818548,8,12000,0.03,0.17,unacceptable,pooled,supported,0.001999999999999988,0.006500000000000006,0.014249999999999999
final,96,1624544560472818548,8,12000,0.03,0.17,unacceptable,per_feature,supported,0.001999999999999988,0.006500000000000006,0.014249999999999999
final,96,1624544560472818548,8,12000,0.03,0.17,unacceptable,same_evidence,withheld,0.001999999999999988,0.006500000000000006,0.014249999999999999
final,96,1624544560472818548,8,12000,0.03,0.17,unacceptable,framework,withheld,0.001999999999999988,0.006500000000000006,0.014249999999999999
final,97,642388217977001790,8,12000,0.03,0.17,unacceptable,pooled,supported,0.00033333333333333826,0.006833333333333344,0.02125
final,97,642388217977001790,8,12000,0.03,0.17,unacceptable,per_feature,supported,0.00033333333333333826,0.006833333333333344,0.02125
final,97,642388217977001790,8,12000,0.03,0.17,unacceptable,same_evidence,withheld,0.00033333333333333826,0.006833333333333344,0.02125
final,97,642388217977001790,8,12000,0.03,0.17,unacceptable,framework,withheld,0.00033333333333333826,0.006833333333333344,0.02125
final,98,1801933324403780605,8,12000,0.03,0.17,unacceptable,pooled,supported,0.0005000000000000004,0.004833333333333328,0.018750000000000003
final,98,1801933324403780605,8,12000,0.03,0.17,unacceptable,per_feature,supported,0.0005000000000000004,0.004833333333333328,0.018750000000000003
final,98,1801933324403780605,8,12000,0.03,0.17,unacceptable,same_evidence,withheld,0.0005000000000000004,0.004833333333333328,0.018750000000000003
final,98,1801933324403780605,8,12000,0.03,0.17,unacceptable,framework,withheld,0.0005000000000000004,0.004833333333333328,0.018750000000000003
final,99,3708399636482361998,8,12000,0.03,0.17,unacceptable,pooled,supported,0.0014791666666666703,0.008333333333333331,0.01858333333333333
final,99,3708399636482361998,8,12000,0.03,0.17,unacceptable,per_feature,supported,0.0014791666666666703,0.008333333333333331,0.01858333333333333
final,99,3708399636482361998,8,12000,0.03,0.17,unacceptable,same_evidence,withheld,0.0014791666666666703,0.008333333333333331,0.01858333333333333
final,99,3708399636482361998,8,12000,0.03,0.17,unacceptable,framework,withheld,0.0014791666666666703,0.008333333333333331,0.01858333333333333
final,0,13846013673405380,8,12000,0.0,0.2,unacceptable,pooled,supported,0.0015625000000000083,0.0060833333333333295,0.050916666666666666
final,0,13846013673405380,8,12000,0.0,0.2,unacceptable,per_feature,supported,0.0015625000000000083,0.0060833333333333295,0.050916666666666666
final,0,13846013673405380,8,12000,0.0,0.2,unacceptable,same_evidence,withheld,0.0015625000000000083,0.0060833333333333295,0.050916666666666666
final,0,13846013673405380,8,12000,0.0,0.2,unacceptable,framework,withheld,0.0015625000000000083,0.0060833333333333295,0.050916666666666666
final,1,666371981858035260,8,12000,0.0,0.2,unacceptable,pooled,supported,0.0003125000000000072,0.006750000000000006,0.05333333333333334
final,1,666371981858035260,8,12000,0.0,0.2,unacceptable,per_feature,supported,0.0003125000000000072,0.006750000000000006,0.05333333333333334
final,1,666371981858035260,8,12000,0.0,0.2,unacceptable,same_evidence,withheld,0.0003125000000000072,0.006750000000000006,0.05333333333333334
final,1,666371981858035260,8,12000,0.0,0.2,unacceptable,framework,withheld,0.0003125000000000072,0.006750000000000006,0.05333333333333334
final,2,2241140393126842333,8,12000,0.0,0.2,unacceptable,pooled,supported,0.00044791666666665897,0.008833333333333332,0.05508333333333333
final,2,2241140393126842333,8,12000,0.0,0.2,unacceptable,per_feature,supported,0.00044791666666665897,0.008833333333333332,0.05508333333333333
final,2,2241140393126842333,8,12000,0.0,0.2,unacceptable,same_evidence,withheld,0.00044791666666665897,0.008833333333333332,0.05508333333333333
final,2,2241140393126842333,8,12000,0.0,0.2,unacceptable,framework,withheld,0.00044791666666665897,0.008833333333333332,0.05508333333333333
final,3,2830295638373197420,8,12000,0.0,0.2,unacceptable,pooled,supported,0.00010416666666666907,0.004833333333333328,0.04958333333333333
final,3,2830295638373197420,8,12000,0.0,0.2,unacceptable,per_feature,supported,0.00010416666666666907,0.004833333333333328,0.04958333333333333
final,3,2830295638373197420,8,12000,0.0,0.2,unacceptable,same_evidence,withheld,0.00010416666666666907,0.004833333333333328,0.04958333333333333
final,3,2830295638373197420,8,12000,0.0,0.2,unacceptable,framework,withheld,0.00010416666666666907,0.004833333333333328,0.04958333333333333
final,4,1460801401922105128,8,12000,0.0,0.2,unacceptable,pooled,supported,0.0018749999999999878,0.0061666666666666675,0.0495
final,4,1460801401922105128,8,12000,0.0,0.2,unacceptable,per_feature,supported,0.0018749999999999878,0.0061666666666666675,0.0495
final,4,1460801401922105128,8,12000,0.0,0.2,unacceptable,same_evidence,withheld,0.0018749999999999878,0.0061666666666666675,0.0495
final,4,1460801401922105128,8,12000,0.0,0.2,unacceptable,framework,withheld,0.0018749999999999878,0.0061666666666666675,0.0495
final,5,762752303055302564,8,12000,0.0,0.2,unacceptable,pooled,supported,0.0001875000000000071,0.0029166666666666646,0.04808333333333333
final,5,762752303055302564,8,12000,0.0,0.2,unacceptable,per_feature,supported,0.0001875000000000071,0.0029166666666666646,0.04808333333333333
final,5,762752303055302564,8,12000,0.0,0.2,unacceptable,same_evidence,withheld,0.0001875000000000071,0.0029166666666666646,0.04808333333333333
final,5,762752303055302564,8,12000,0.0,0.2,unacceptable,framework,withheld,0.0001875000000000071,0.0029166666666666646,0.04808333333333333
final,6,4434951013671303469,8,12000,0.0,0.2,unacceptable,pooled,supported,0.0017187499999999911,0.0072499999999999926,0.049916666666666665
final,6,4434951013671303469,8,12000,0.0,0.2,unacceptable,per_feature,supported,0.0017187499999999911,0.0072499999999999926,0.049916666666666665
final,6,4434951013671303469,8,12000,0.0,0.2,unacceptable,same_evidence,withheld,0.0017187499999999911,0.0072499999999999926,0.049916666666666665
final,6,4434951013671303469,8,12000,0.0,0.2,unacceptable,framework,withheld,0.0017187499999999911,0.0072499999999999926,0.049916666666666665
final,7,4575801373479452208,8,12000,0.0,0.2,unacceptable,pooled,supported,0.000614583333333335,0.0061666666666666675,0.05
final,7,4575801373479452208,8,12000,0.0,0.2,unacceptable,per_feature,supported,0.000614583333333335,0.0061666666666666675,0.05
final,7,4575801373479452208,8,12000,0.0,0.2,unacceptable,same_evidence,withheld,0.000614583333333335,0.0061666666666666675,0.05
final,7,4575801373479452208,8,12000,0.0,0.2,unacceptable,framework,withheld,0.000614583333333335,0.0061666666666666675,0.05
final,8,2259224170639165520,8,12000,0.0,0.2,unacceptable,pooled,supported,0.00037499999999998646,0.0060833333333333295,0.0495
final,8,2259224170639165520,8,12000,0.0,0.2,unacceptable,per_feature,supported,0.00037499999999998646,0.0060833333333333295,0.0495
final,8,2259224170639165520,8,12000,0.0,0.2,unacceptable,same_evidence,withheld,0.00037499999999998646,0.0060833333333333295,0.0495
final,8,2259224170639165520,8,12000,0.0,0.2,unacceptable,framework,withheld,0.00037499999999998646,0.0060833333333333295,0.0495
final,9,1049605726492623584,8,12000,0.0,0.2,unacceptable,pooled,supported,0.001041666666666663,0.005166666666666667,0.04975
final,9,1049605726492623584,8,12000,0.0,0.2,unacceptable,per_feature,supported,0.001041666666666663,0.005166666666666667,0.04975
final,9,1049605726492623584,8,12000,0.0,0.2,unacceptable,same_evidence,withheld,0.001041666666666663,0.005166666666666667,0.04975
final,9,1049605726492623584,8,12000,0.0,0.2,unacceptable,framework,withheld,0.001041666666666663,0.005166666666666667,0.04975
final,10,2540214761446835095,8,12000,0.0,0.2,unacceptable,pooled,supported,0.000572916666666673,0.004666666666666666,0.0495
final,10,2540214761446835095,8,12000,0.0,0.2,unacceptable,per_feature,supported,0.000572916666666673,0.004666666666666666,0.0495
final,10,2540214761446835095,8,12000,0.0,0.2,unacceptable,same_evidence,withheld,0.000572916666666673,0.004666666666666666,0.0495
final,10,2540214761446835095,8,12000,0.0,0.2,unacceptable,framework,withheld,0.000572916666666673,0.004666666666666666,0.0495
final,11,2156004517818675570,8,12000,0.0,0.2,unacceptable,pooled,supported,0.0009583333333333249,0.006000000000000005,0.04733333333333333
final,11,2156004517818675570,8,12000,0.0,0.2,unacceptable,per_feature,supported,0.0009583333333333249,0.006000000000000005,0.04733333333333333
final,11,2156004517818675570,8,12000,0.0,0.2,unacceptable,same_evidence,withheld,0.0009583333333333249,0.006000000000000005,0.04733333333333333
final,11,2156004517818675570,8,12000,0.0,0.2,unacceptable,framework,withheld,0.0009583333333333249,0.006000000000000005,0.04733333333333333
final,12,1340983107058886938,8,12000,0.0,0.2,unacceptable,pooled,supported,0.0005520833333333419,0.007416666666666669,0.051583333333333335
final,12,1340983107058886938,8,12000,0.0,0.2,unacceptable,per_feature,supported,0.0005520833333333419,0.007416666666666669,0.051583333333333335
final,12,1340983107058886938,8,12000,0.0,0.2,unacceptable,same_evidence,withheld,0.0005520833333333419,0.007416666666666669,0.051583333333333335
final,12,1340983107058886938,8,12000,0.0,0.2,unacceptable,framework,withheld,0.0005520833333333419,0.007416666666666669,0.051583333333333335
final,13,4542445072714582641,8,12000,0.0,0.2,unacceptable,pooled,supported,0.0025624999999999953,0.009500000000000008,0.04933333333333333
final,13,4542445072714582641,8,12000,0.0,0.2,unacceptable,per_feature,supported,0.0025624999999999953,0.009500000000000008,0.04933333333333333
final,13,4542445072714582641,8,12000,0.0,0.2,unacceptable,same_evidence,withheld,0.0025624999999999953,0.009500000000000008,0.04933333333333333
final,13,4542445072714582641,8,12000,0.0,0.2,unacceptable,framework,withheld,0.0025624999999999953,0.009500000000000008,0.04933333333333333
final,14,2907963821769736810,8,12000,0.0,0.2,unacceptable,pooled,supported,0.0013541666666666563,0.005166666666666667,0.051833333333333335
final,14,2907963821769736810,8,12000,0.0,0.2,unacceptable,per_feature,supported,0.0013541666666666563,0.005166666666666667,0.051833333333333335
final,14,2907963821769736810,8,12000,0.0,0.2,unacceptable,same_evidence,withheld,0.0013541666666666563,0.005166666666666667,0.051833333333333335
final,14,2907963821769736810,8,12000,0.0,0.2,unacceptable,framework,withheld,0.0013541666666666563,0.005166666666666667,0.051833333333333335
final,15,3941985807583809954,8,12000,0.0,0.2,unacceptable,pooled,supported,0.0007604166666666662,0.0038333333333333275,0.049166666666666664
final,15,3941985807583809954,8,12000,0.0,0.2,unacceptable,per_feature,supported,0.0007604166666666662,0.0038333333333333275,0.049166666666666664
final,15,3941985807583809954,8,12000,0.0,0.2,unacceptable,same_evidence,withheld,0.0007604166666666662,0.0038333333333333275,0.049166666666666664
final,15,3941985807583809954,8,12000,0.0,0.2,unacceptable,framework,withheld,0.0007604166666666662,0.0038333333333333275,0.049166666666666664
final,16,2683904478866224783,8,12000,0.0,0.2,unacceptable,pooled,supported,0.000125000000000014,0.007416666666666669,0.04741666666666667
final,16,2683904478866224783,8,12000,0.0,0.2,unacceptable,per_feature,supported,0.000125000000000014,0.007416666666666669,0.04741666666666667
final,16,2683904478866224783,8,12000,0.0,0.2,unacceptable,same_evidence,withheld,0.000125000000000014,0.007416666666666669,0.04741666666666667
final,16,2683904478866224783,8,12000,0.0,0.2,unacceptable,framework,withheld,0.000125000000000014,0.007416666666666669,0.04741666666666667
final,17,45206472034641633,8,12000,0.0,0.2,unacceptable,pooled,supported,0.0004062499999999969,0.005166666666666667,0.05225
final,17,45206472034641633,8,12000,0.0,0.2,unacceptable,per_feature,supported,0.0004062499999999969,0.005166666666666667,0.05225
final,17,45206472034641633,8,12000,0.0,0.2,unacceptable,same_evidence,withheld,0.0004062499999999969,0.005166666666666667,0.05225
final,17,45206472034641633,8,12000,0.0,0.2,unacceptable,framework,withheld,0.0004062499999999969,0.005166666666666667,0.05225
final,18,3718016938802224641,8,12000,0.0,0.2,unacceptable,pooled,supported,0.004645833333333349,0.010833333333333334,0.04975
final,18,3718016938802224641,8,12000,0.0,0.2,unacceptable,per_feature,withheld,0.004645833333333349,0.010833333333333334,0.04975
final,18,3718016938802224641,8,12000,0.0,0.2,unacceptable,same_evidence,withheld,0.004645833333333349,0.010833333333333334,0.04975
final,18,3718016938802224641,8,12000,0.0,0.2,unacceptable,framework,withheld,0.004645833333333349,0.010833333333333334,0.04975
final,19,4309415476269735684,8,12000,0.0,0.2,unacceptable,pooled,supported,0.001635416666666667,0.005500000000000005,0.048
final,19,4309415476269735684,8,12000,0.0,0.2,unacceptable,per_feature,supported,0.001635416666666667,0.005500000000000005,0.048
final,19,4309415476269735684,8,12000,0.0,0.2,unacceptable,same_evidence,withheld,0.001635416666666667,0.005500000000000005,0.048
final,19,4309415476269735684,8,12000,0.0,0.2,unacceptable,framework,withheld,0.001635416666666667,0.005500000000000005,0.048
final,20,3841711458034004186,8,12000,0.0,0.2,unacceptable,pooled,supported,1.041666666666552e-05,0.009749999999999995,0.053
final,20,3841711458034004186,8,12000,0.0,0.2,unacceptable,per_feature,supported,1.041666666666552e-05,0.009749999999999995,0.053
final,20,3841711458034004186,8,12000,0.0,0.2,unacceptable,same_evidence,withheld,1.041666666666552e-05,0.009749999999999995,0.053
final,20,3841711458034004186,8,12000,0.0,0.2,unacceptable,framework,withheld,1.041666666666552e-05,0.009749999999999995,0.053
final,21,3008921145102761835,8,12000,0.0,0.2,unacceptable,pooled,supported,5.2083333333341475e-05,0.0037499999999999895,0.0505
final,21,3008921145102761835,8,12000,0.0,0.2,unacceptable,per_feature,supported,5.2083333333341475e-05,0.0037499999999999895,0.0505
final,21,3008921145102761835,8,12000,0.0,0.2,unacceptable,same_evidence,withheld,5.2083333333341475e-05,0.0037499999999999895,0.0505
final,21,3008921145102761835,8,12000,0.0,0.2,unacceptable,framework,withheld,5.2083333333341475e-05,0.0037499999999999895,0.0505
final,22,1508043945264440826,8,12000,0.0,0.2,unacceptable,pooled,supported,0.0037708333333333344,0.008916666666666656,0.04658333333333333
final,22,1508043945264440826,8,12000,0.0,0.2,unacceptable,per_feature,supported,0.0037708333333333344,0.008916666666666656,0.04658333333333333
final,22,1508043945264440826,8,12000,0.0,0.2,unacceptable,same_evidence,withheld,0.0037708333333333344,0.008916666666666656,0.04658333333333333
final,22,1508043945264440826,8,12000,0.0,0.2,unacceptable,framework,withheld,0.0037708333333333344,0.008916666666666656,0.04658333333333333
final,23,4144679757293803991,8,12000,0.0,0.2,unacceptable,pooled,supported,0.0015624999999999944,0.008333333333333331,0.04875
final,23,4144679757293803991,8,12000,0.0,0.2,unacceptable,per_feature,supported,0.0015624999999999944,0.008333333333333331,0.04875
final,23,4144679757293803991,8,12000,0.0,0.2,unacceptable,same_evidence,withheld,0.0015624999999999944,0.008333333333333331,0.04875
final,23,4144679757293803991,8,12000,0.0,0.2,unacceptable,framework,withheld,0.0015624999999999944,0.008333333333333331,0.04875
final,24,4468398241662947821,8,12000,0.0,0.2,unacceptable,pooled,supported,0.0005416666666666625,0.00708333333333333,0.051583333333333335
final,24,4468398241662947821,8,12000,0.0,0.2,unacceptable,per_feature,supported,0.0005416666666666625,0.00708333333333333,0.051583333333333335
final,24,4468398241662947821,8,12000,0.0,0.2,unacceptable,same_evidence,withheld,0.0005416666666666625,0.00708333333333333,0.051583333333333335
final,24,4468398241662947821,8,12000,0.0,0.2,unacceptable,framework,withheld,0.0005416666666666625,0.00708333333333333,0.051583333333333335
final,25,2238881420681628885,8,12000,0.0,0.2,unacceptable,pooled,supported,0.00028125000000001066,0.006666666666666654,0.05408333333333333
final,25,2238881420681628885,8,12000,0.0,0.2,unacceptable,per_feature,supported,0.00028125000000001066,0.006666666666666654,0.05408333333333333
final,25,2238881420681628885,8,12000,0.0,0.2,unacceptable,same_evidence,withheld,0.00028125000000001066,0.006666666666666654,0.05408333333333333
final,25,2238881420681628885,8,12000,0.0,0.2,unacceptable,framework,withheld,0.00028125000000001066,0.006666666666666654,0.05408333333333333
final,26,3653380812476215806,8,12000,0.0,0.2,unacceptable,pooled,supported,0.000802083333333356,0.004250000000000004,0.049666666666666665
final,26,3653380812476215806,8,12000,0.0,0.2,unacceptable,per_feature,supported,0.000802083333333356,0.004250000000000004,0.049666666666666665
final,26,3653380812476215806,8,12000,0.0,0.2,unacceptable,same_evidence,withheld,0.000802083333333356,0.004250000000000004,0.049666666666666665
final,26,3653380812476215806,8,12000,0.0,0.2,unacceptable,framework,withheld,0.000802083333333356,0.004250000000000004,0.049666666666666665
final,27,1225059089606507140,8,12000,0.0,0.2,unacceptable,pooled,supported,0.0009791666666666698,0.007166666666666668,0.04675
final,27,1225059089606507140,8,12000,0.0,0.2,unacceptable,per_feature,supported,0.0009791666666666698,0.007166666666666668,0.04675
final,27,1225059089606507140,8,12000,0.0,0.2,unacceptable,same_evidence,withheld,0.0009791666666666698,0.007166666666666668,0.04675
final,27,1225059089606507140,8,12000,0.0,0.2,unacceptable,framework,withheld,0.0009791666666666698,0.007166666666666668,0.04675
final,28,1239438816347020975,8,12000,0.0,0.2,unacceptable,pooled,supported,0.00122916666666667,0.005166666666666667,0.049
final,28,1239438816347020975,8,12000,0.0,0.2,unacceptable,per_feature,supported,0.00122916666666667,0.005166666666666667,0.049
final,28,1239438816347020975,8,12000,0.0,0.2,unacceptable,same_evidence,withheld,0.00122916666666667,0.005166666666666667,0.049
final,28,1239438816347020975,8,12000,0.0,0.2,unacceptable,framework,withheld,0.00122916666666667,0.005166666666666667,0.049
final,29,1015140612165107070,8,12000,0.0,0.2,unacceptable,pooled,supported,0.001635416666666653,0.010416666666666671,0.04958333333333333
final,29,1015140612165107070,8,12000,0.0,0.2,unacceptable,per_feature,withheld,0.001635416666666653,0.010416666666666671,0.04958333333333333
final,29,1015140612165107070,8,12000,0.0,0.2,unacceptable,same_evidence,withheld,0.001635416666666653,0.010416666666666671,0.04958333333333333
final,29,1015140612165107070,8,12000,0.0,0.2,unacceptable,framework,withheld,0.001635416666666653,0.010416666666666671,0.04958333333333333
final,30,488814832229949688,8,12000,0.0,0.2,unacceptable,pooled,supported,0.002145833333333333,0.007999999999999993,0.05075
final,30,488814832229949688,8,12000,0.0,0.2,unacceptable,per_feature,supported,0.002145833333333333,0.007999999999999993,0.05075
final,30,488814832229949688,8,12000,0.0,0.2,unacceptable,same_evidence,withheld,0.002145833333333333,0.007999999999999993,0.05075
final,30,488814832229949688,8,12000,0.0,0.2,unacceptable,framework,withheld,0.002145833333333333,0.007999999999999993,0.05075
final,31,1790692169165991895,8,12000,0.0,0.2,unacceptable,pooled,supported,0.0018333333333333396,0.00683333333333333,0.04875
final,31,1790692169165991895,8,12000,0.0,0.2,unacceptable,per_feature,supported,0.0018333333333333396,0.00683333333333333,0.04875
final,31,1790692169165991895,8,12000,0.0,0.2,unacceptable,same_evidence,withheld,0.0018333333333333396,0.00683333333333333,0.04875
final,31,1790692169165991895,8,12000,0.0,0.2,unacceptable,framework,withheld,0.0018333333333333396,0.00683333333333333,0.04875
final,32,3473770398622189847,8,12000,0.0,0.2,unacceptable,pooled,supported,0.0006666666666666626,0.00474999999999999,0.051666666666666666
final,32,3473770398622189847,8,12000,0.0,0.2,unacceptable,per_feature,supported,0.0006666666666666626,0.00474999999999999,0.051666666666666666
final,32,3473770398622189847,8,12000,0.0,0.2,unacceptable,same_evidence,withheld,0.0006666666666666626,0.00474999999999999,0.051666666666666666
final,32,3473770398622189847,8,12000,0.0,0.2,unacceptable,framework,withheld,0.0006666666666666626,0.00474999999999999,0.051666666666666666
final,33,1340214303493846464,8,12000,0.0,0.2,unacceptable,pooled,supported,0.0012812499999999977,0.006000000000000005,0.050833333333333335
final,33,1340214303493846464,8,12000,0.0,0.2,unacceptable,per_feature,supported,0.0012812499999999977,0.006000000000000005,0.050833333333333335
final,33,1340214303493846464,8,12000,0.0,0.2,unacceptable,same_evidence,withheld,0.0012812499999999977,0.006000000000000005,0.050833333333333335
final,33,1340214303493846464,8,12000,0.0,0.2,unacceptable,framework,withheld,0.0012812499999999977,0.006000000000000005,0.050833333333333335
final,34,69496874791055149,8,12000,0.0,0.2,unacceptable,pooled,supported,0.001208333333333339,0.006000000000000005,0.05075
final,34,69496874791055149,8,12000,0.0,0.2,unacceptable,per_feature,supported,0.001208333333333339,0.006000000000000005,0.05075
final,34,69496874791055149,8,12000,0.0,0.2,unacceptable,same_evidence,withheld,0.001208333333333339,0.006000000000000005,0.05075
final,34,69496874791055149,8,12000,0.0,0.2,unacceptable,framework,withheld,0.001208333333333339,0.006000000000000005,0.05075
final,35,2561028789889329699,8,12000,0.0,0.2,unacceptable,pooled,supported,0.000614583333333335,0.008833333333333332,0.04691666666666667
final,35,2561028789889329699,8,12000,0.0,0.2,unacceptable,per_feature,supported,0.000614583333333335,0.008833333333333332,0.04691666666666667
final,35,2561028789889329699,8,12000,0.0,0.2,unacceptable,same_evidence,withheld,0.000614583333333335,0.008833333333333332,0.04691666666666667
final,35,2561028789889329699,8,12000,0.0,0.2,unacceptable,framework,withheld,0.000614583333333335,0.008833333333333332,0.04691666666666667
final,36,2904908927202025634,8,12000,0.0,0.2,unacceptable,pooled,supported,0.002354166666666671,0.00633333333333333,0.04958333333333333
final,36,2904908927202025634,8,12000,0.0,0.2,unacceptable,per_feature,supported,0.002354166666666671,0.00633333333333333,0.04958333333333333
final,36,2904908927202025634,8,12000,0.0,0.2,unacceptable,same_evidence,withheld,0.002354166666666671,0.00633333333333333,0.04958333333333333
final,36,2904908927202025634,8,12000,0.0,0.2,unacceptable,framework,withheld,0.002354166666666671,0.00633333333333333,0.04958333333333333
final,37,3334793028127490112,8,12000,0.0,0.2,unacceptable,pooled,supported,0.0012395833333333356,0.00424999999999999,0.050083333333333334
final,37,3334793028127490112,8,12000,0.0,0.2,unacceptable,per_feature,supported,0.0012395833333333356,0.00424999999999999,0.050083333333333334
final,37,3334793028127490112,8,12000,0.0,0.2,unacceptable,same_evidence,withheld,0.0012395833333333356,0.00424999999999999,0.050083333333333334
final,37,3334793028127490112,8,12000,0.0,0.2,unacceptable,framework,withheld,0.0012395833333333356,0.00424999999999999,0.050083333333333334
final,38,2517957118215313010,8,12000,0.0,0.2,unacceptable,pooled,supported,0.0014166666666666772,0.00816666666666667,0.051333333333333335
final,38,2517957118215313010,8,12000,0.0,0.2,unacceptable,per_feature,supported,0.0014166666666666772,0.00816666666666667,0.051333333333333335
final,38,2517957118215313010,8,12000,0.0,0.2,unacceptable,same_evidence,withheld,0.0014166666666666772,0.00816666666666667,0.051333333333333335
final,38,2517957118215313010,8,12000,0.0,0.2,unacceptable,framework,withheld,0.0014166666666666772,0.00816666666666667,0.051333333333333335
final,39,2752456950559178328,8,12000,0.0,0.2,unacceptable,pooled,supported,0.0009375000000000078,0.011666666666666659,0.047
final,39,2752456950559178328,8,12000,0.0,0.2,unacceptable,per_feature,withheld,0.0009375000000000078,0.011666666666666659,0.047
final,39,2752456950559178328,8,12000,0.0,0.2,unacceptable,same_evidence,withheld,0.0009375000000000078,0.011666666666666659,0.047
final,39,2752456950559178328,8,12000,0.0,0.2,unacceptable,framework,withheld,0.0009375000000000078,0.011666666666666659,0.047
final,40,3520310563749758766,8,12000,0.0,0.2,unacceptable,pooled,supported,0.0030416666666666647,0.010083333333333333,0.050166666666666665
final,40,3520310563749758766,8,12000,0.0,0.2,unacceptable,per_feature,withheld,0.0030416666666666647,0.010083333333333333,0.050166666666666665
final,40,3520310563749758766,8,12000,0.0,0.2,unacceptable,same_evidence,withheld,0.0030416666666666647,0.010083333333333333,0.050166666666666665
final,40,3520310563749758766,8,12000,0.0,0.2,unacceptable,framework,withheld,0.0030416666666666647,0.010083333333333333,0.050166666666666665
final,41,283448760944888765,8,12000,0.0,0.2,unacceptable,pooled,supported,0.0010520833333333424,0.009250000000000008,0.04775
final,41,283448760944888765,8,12000,0.0,0.2,unacceptable,per_feature,supported,0.0010520833333333424,0.009250000000000008,0.04775
final,41,283448760944888765,8,12000,0.0,0.2,unacceptable,same_evidence,withheld,0.0010520833333333424,0.009250000000000008,0.04775
final,41,283448760944888765,8,12000,0.0,0.2,unacceptable,framework,withheld,0.0010520833333333424,0.009250000000000008,0.04775
final,42,1678585726049442268,8,12000,0.0,0.2,unacceptable,pooled,supported,0.0010312500000000113,0.008250000000000007,0.05175
final,42,1678585726049442268,8,12000,0.0,0.2,unacceptable,per_feature,supported,0.0010312500000000113,0.008250000000000007,0.05175
final,42,1678585726049442268,8,12000,0.0,0.2,unacceptable,same_evidence,withheld,0.0010312500000000113,0.008250000000000007,0.05175
final,42,1678585726049442268,8,12000,0.0,0.2,unacceptable,framework,withheld,0.0010312500000000113,0.008250000000000007,0.05175
final,43,4083717086717299889,8,12000,0.0,0.2,unacceptable,pooled,supported,0.0016562500000000119,0.007833333333333331,0.052833333333333336
final,43,4083717086717299889,8,12000,0.0,0.2,unacceptable,per_feature,supported,0.0016562500000000119,0.007833333333333331,0.052833333333333336
final,43,4083717086717299889,8,12000,0.0,0.2,unacceptable,same_evidence,withheld,0.0016562500000000119,0.007833333333333331,0.052833333333333336
final,43,4083717086717299889,8,12000,0.0,0.2,unacceptable,framework,withheld,0.0016562500000000119,0.007833333333333331,0.052833333333333336
final,44,331368251540740912,8,12000,0.0,0.2,unacceptable,pooled,supported,1.0416666666679397e-05,0.005416666666666667,0.0525
final,44,331368251540740912,8,12000,0.0,0.2,unacceptable,per_feature,supported,1.0416666666679397e-05,0.005416666666666667,0.0525
final,44,331368251540740912,8,12000,0.0,0.2,unacceptable,same_evidence,withheld,1.0416666666679397e-05,0.005416666666666667,0.0525
final,44,331368251540740912,8,12000,0.0,0.2,unacceptable,framework,withheld,1.0416666666679397e-05,0.005416666666666667,0.0525
final,45,3456534767848735710,8,12000,0.0,0.2,unacceptable,pooled,supported,0.0004687500000000039,0.007500000000000007,0.0495
final,45,3456534767848735710,8,12000,0.0,0.2,unacceptable,per_feature,supported,0.0004687500000000039,0.007500000000000007,0.0495
final,45,3456534767848735710,8,12000,0.0,0.2,unacceptable,same_evidence,withheld,0.0004687500000000039,0.007500000000000007,0.0495
final,45,3456534767848735710,8,12000,0.0,0.2,unacceptable,framework,withheld,0.0004687500000000039,0.007500000000000007,0.0495
final,46,2838019424751672231,8,12000,0.0,0.2,unacceptable,pooled,supported,0.000510416666666666,0.010166666666666671,0.049916666666666665
final,46,2838019424751672231,8,12000,0.0,0.2,unacceptable,per_feature,withheld,0.000510416666666666,0.010166666666666671,0.049916666666666665
final,46,2838019424751672231,8,12000,0.0,0.2,unacceptable,same_evidence,withheld,0.000510416666666666,0.010166666666666671,0.049916666666666665
final,46,2838019424751672231,8,12000,0.0,0.2,unacceptable,framework,withheld,0.000510416666666666,0.010166666666666671,0.049916666666666665
final,47,3204104996510297156,8,12000,0.0,0.2,unacceptable,pooled,supported,5.2083333333341475e-05,0.005166666666666667,0.04675
final,47,3204104996510297156,8,12000,0.0,0.2,unacceptable,per_feature,supported,5.2083333333341475e-05,0.005166666666666667,0.04675
final,47,3204104996510297156,8,12000,0.0,0.2,unacceptable,same_evidence,withheld,5.2083333333341475e-05,0.005166666666666667,0.04675
final,47,3204104996510297156,8,12000,0.0,0.2,unacceptable,framework,withheld,5.2083333333341475e-05,0.005166666666666667,0.04675
final,48,852672074395959969,8,12000,0.0,0.2,unacceptable,pooled,supported,0.001552083333333329,0.0050833333333333425,0.052833333333333336
final,48,852672074395959969,8,12000,0.0,0.2,unacceptable,per_feature,supported,0.001552083333333329,0.0050833333333333425,0.052833333333333336
final,48,852672074395959969,8,12000,0.0,0.2,unacceptable,same_evidence,withheld,0.001552083333333329,0.0050833333333333425,0.052833333333333336
final,48,852672074395959969,8,12000,0.0,0.2,unacceptable,framework,withheld,0.001552083333333329,0.0050833333333333425,0.052833333333333336
final,49,4311806302896664857,8,12000,0.0,0.2,unacceptable,pooled,supported,0.0005729166666666452,0.007333333333333331,0.04633333333333333
final,49,4311806302896664857,8,12000,0.0,0.2,unacceptable,per_feature,supported,0.0005729166666666452,0.007333333333333331,0.04633333333333333
final,49,4311806302896664857,8,12000,0.0,0.2,unacceptable,same_evidence,withheld,0.0005729166666666452,0.007333333333333331,0.04633333333333333
final,49,4311806302896664857,8,12000,0.0,0.2,unacceptable,framework,withheld,0.0005729166666666452,0.007333333333333331,0.04633333333333333
final,50,1208874278108251208,8,12000,0.0,0.2,unacceptable,pooled,supported,0.0004791666666666694,0.004083333333333342,0.049
final,50,1208874278108251208,8,12000,0.0,0.2,unacceptable,per_feature,supported,0.0004791666666666694,0.004083333333333342,0.049
final,50,1208874278108251208,8,12000,0.0,0.2,unacceptable,same_evidence,withheld,0.0004791666666666694,0.004083333333333342,0.049
final,50,1208874278108251208,8,12000,0.0,0.2,unacceptable,framework,withheld,0.0004791666666666694,0.004083333333333342,0.049
final,51,4371294949038535769,8,12000,0.0,0.2,unacceptable,pooled,supported,0.0018124999999999947,0.009416666666666657,0.05341666666666667
final,51,4371294949038535769,8,12000,0.0,0.2,unacceptable,per_feature,supported,0.0018124999999999947,0.009416666666666657,0.05341666666666667
final,51,4371294949038535769,8,12000,0.0,0.2,unacceptable,same_evidence,withheld,0.0018124999999999947,0.009416666666666657,0.05341666666666667
final,51,4371294949038535769,8,12000,0.0,0.2,unacceptable,framework,withheld,0.0018124999999999947,0.009416666666666657,0.05341666666666667
final,52,342660318850648237,8,12000,0.0,0.2,unacceptable,pooled,supported,0.0014791666666666703,0.004750000000000004,0.0495
final,52,342660318850648237,8,12000,0.0,0.2,unacceptable,per_feature,supported,0.0014791666666666703,0.004750000000000004,0.0495
final,52,342660318850648237,8,12000,0.0,0.2,unacceptable,same_evidence,withheld,0.0014791666666666703,0.004750000000000004,0.0495
final,52,342660318850648237,8,12000,0.0,0.2,unacceptable,framework,withheld,0.0014791666666666703,0.004750000000000004,0.0495
final,53,1888555483551085079,8,12000,0.0,0.2,unacceptable,pooled,supported,0.001062499999999994,0.008083333333333331,0.049
final,53,1888555483551085079,8,12000,0.0,0.2,unacceptable,per_feature,supported,0.001062499999999994,0.008083333333333331,0.049
final,53,1888555483551085079,8,12000,0.0,0.2,unacceptable,same_evidence,withheld,0.001062499999999994,0.008083333333333331,0.049
final,53,1888555483551085079,8,12000,0.0,0.2,unacceptable,framework,withheld,0.001062499999999994,0.008083333333333331,0.049
final,54,3852252083451919659,8,12000,0.0,0.2,unacceptable,pooled,supported,0.002906249999999999,0.00816666666666667,0.050333333333333334
final,54,3852252083451919659,8,12000,0.0,0.2,unacceptable,per_feature,supported,0.002906249999999999,0.00816666666666667,0.050333333333333334
final,54,3852252083451919659,8,12000,0.0,0.2,unacceptable,same_evidence,withheld,0.002906249999999999,0.00816666666666667,0.050333333333333334
final,54,3852252083451919659,8,12000,0.0,0.2,unacceptable,framework,withheld,0.002906249999999999,0.00816666666666667,0.050333333333333334
final,55,4426328245333420801,8,12000,0.0,0.2,unacceptable,pooled,supported,0.0008229166666666732,0.005250000000000005,0.04875
final,55,4426328245333420801,8,12000,0.0,0.2,unacceptable,per_feature,supported,0.0008229166666666732,0.005250000000000005,0.04875
final,55,4426328245333420801,8,12000,0.0,0.2,unacceptable,same_evidence,withheld,0.0008229166666666732,0.005250000000000005,0.04875
final,55,4426328245333420801,8,12000,0.0,0.2,unacceptable,framework,withheld,0.0008229166666666732,0.005250000000000005,0.04875
final,56,515898139650244886,8,12000,0.0,0.2,unacceptable,pooled,supported,0.0011874999999999941,0.005583333333333343,0.04766666666666667
final,56,515898139650244886,8,12000,0.0,0.2,unacceptable,per_feature,supported,0.0011874999999999941,0.005583333333333343,0.04766666666666667
final,56,515898139650244886,8,12000,0.0,0.2,unacceptable,same_evidence,withheld,0.0011874999999999941,0.005583333333333343,0.04766666666666667
final,56,515898139650244886,8,12000,0.0,0.2,unacceptable,framework,withheld,0.0011874999999999941,0.005583333333333343,0.04766666666666667
final,57,2636179910431671235,8,12000,0.0,0.2,unacceptable,pooled,supported,0.0012187500000000046,0.00474999999999999,0.04725
final,57,2636179910431671235,8,12000,0.0,0.2,unacceptable,per_feature,supported,0.0012187500000000046,0.00474999999999999,0.04725
final,57,2636179910431671235,8,12000,0.0,0.2,unacceptable,same_evidence,withheld,0.0012187500000000046,0.00474999999999999,0.04725
final,57,2636179910431671235,8,12000,0.0,0.2,unacceptable,framework,withheld,0.0012187500000000046,0.00474999999999999,0.04725
final,58,2561173639643585213,8,12000,0.0,0.2,unacceptable,pooled,supported,0.001083333333333339,0.005750000000000005,0.0505
final,58,2561173639643585213,8,12000,0.0,0.2,unacceptable,per_feature,supported,0.001083333333333339,0.005750000000000005,0.0505
final,58,2561173639643585213,8,12000,0.0,0.2,unacceptable,same_evidence,withheld,0.001083333333333339,0.005750000000000005,0.0505
final,58,2561173639643585213,8,12000,0.0,0.2,unacceptable,framework,withheld,0.001083333333333339,0.005750000000000005,0.0505
final,59,3020374428799591899,8,12000,0.0,0.2,unacceptable,pooled,supported,0.001145833333333332,0.00683333333333333,0.051
final,59,3020374428799591899,8,12000,0.0,0.2,unacceptable,per_feature,supported,0.001145833333333332,0.00683333333333333,0.051
final,59,3020374428799591899,8,12000,0.0,0.2,unacceptable,same_evidence,withheld,0.001145833333333332,0.00683333333333333,0.051
final,59,3020374428799591899,8,12000,0.0,0.2,unacceptable,framework,withheld,0.001145833333333332,0.00683333333333333,0.051
final,60,4008917511436095405,8,12000,0.0,0.2,unacceptable,pooled,supported,0.00039583333333333137,0.006416666666666668,0.04683333333333333
final,60,4008917511436095405,8,12000,0.0,0.2,unacceptable,per_feature,supported,0.00039583333333333137,0.006416666666666668,0.04683333333333333
final,60,4008917511436095405,8,12000,0.0,0.2,unacceptable,same_evidence,withheld,0.00039583333333333137,0.006416666666666668,0.04683333333333333
final,60,4008917511436095405,8,12000,0.0,0.2,unacceptable,framework,withheld,0.00039583333333333137,0.006416666666666668,0.04683333333333333
final,61,1792236293855812251,8,12000,0.0,0.2,unacceptable,pooled,supported,0.0002812499999999968,0.0050000000000000044,0.0485
final,61,1792236293855812251,8,12000,0.0,0.2,unacceptable,per_feature,supported,0.0002812499999999968,0.0050000000000000044,0.0485
final,61,1792236293855812251,8,12000,0.0,0.2,unacceptable,same_evidence,withheld,0.0002812499999999968,0.0050000000000000044,0.0485
final,61,1792236293855812251,8,12000,0.0,0.2,unacceptable,framework,withheld,0.0002812499999999968,0.0050000000000000044,0.0485
final,62,64136159833599082,8,12000,0.0,0.2,unacceptable,pooled,supported,0.0013541666666666702,0.008833333333333332,0.05225
final,62,64136159833599082,8,12000,0.0,0.2,unacceptable,per_feature,supported,0.0013541666666666702,0.008833333333333332,0.05225
final,62,64136159833599082,8,12000,0.0,0.2,unacceptable,same_evidence,withheld,0.0013541666666666702,0.008833333333333332,0.05225
final,62,64136159833599082,8,12000,0.0,0.2,unacceptable,framework,withheld,0.0013541666666666702,0.008833333333333332,0.05225
final,63,3897943221617552494,8,12000,0.0,0.2,unacceptable,pooled,supported,0.0012812499999999977,0.004833333333333328,0.0505
final,63,3897943221617552494,8,12000,0.0,0.2,unacceptable,per_feature,supported,0.0012812499999999977,0.004833333333333328,0.0505
final,63,3897943221617552494,8,12000,0.0,0.2,unacceptable,same_evidence,withheld,0.0012812499999999977,0.004833333333333328,0.0505
final,63,3897943221617552494,8,12000,0.0,0.2,unacceptable,framework,withheld,0.0012812499999999977,0.004833333333333328,0.0505
final,64,4210792284463147041,8,12000,0.0,0.2,unacceptable,pooled,supported,0.0003333333333333244,0.007750000000000007,0.0515
final,64,4210792284463147041,8,12000,0.0,0.2,unacceptable,per_feature,supported,0.0003333333333333244,0.007750000000000007,0.0515
final,64,4210792284463147041,8,12000,0.0,0.2,unacceptable,same_evidence,withheld,0.0003333333333333244,0.007750000000000007,0.0515
final,64,4210792284463147041,8,12000,0.0,0.2,unacceptable,framework,withheld,0.0003333333333333244,0.007750000000000007,0.0515
final,65,4145670998589113352,8,12000,0.0,0.2,unacceptable,pooled,supported,0.0013229166666666736,0.006583333333333344,0.048916666666666664
final,65,4145670998589113352,8,12000,0.0,0.2,unacceptable,per_feature,supported,0.0013229166666666736,0.006583333333333344,0.048916666666666664
final,65,4145670998589113352,8,12000,0.0,0.2,unacceptable,same_evidence,withheld,0.0013229166666666736,0.006583333333333344,0.048916666666666664
final,65,4145670998589113352,8,12000,0.0,0.2,unacceptable,framework,withheld,0.0013229166666666736,0.006583333333333344,0.048916666666666664
final,66,1548891382985854102,8,12000,0.0,0.2,unacceptable,pooled,supported,0.0017708333333333465,0.009499999999999995,0.0455
final,66,1548891382985854102,8,12000,0.0,0.2,unacceptable,per_feature,supported,0.0017708333333333465,0.009499999999999995,0.0455
final,66,1548891382985854102,8,12000,0.0,0.2,unacceptable,same_evidence,withheld,0.0017708333333333465,0.009499999999999995,0.0455
final,66,1548891382985854102,8,12000,0.0,0.2,unacceptable,framework,withheld,0.0017708333333333465,0.009499999999999995,0.0455
final,67,926601911822799244,8,12000,0.0,0.2,unacceptable,pooled,supported,0.0014791666666666564,0.007333333333333331,0.05316666666666667
final,67,926601911822799244,8,12000,0.0,0.2,unacceptable,per_feature,supported,0.0014791666666666564,0.007333333333333331,0.05316666666666667
final,67,926601911822799244,8,12000,0.0,0.2,unacceptable,same_evidence,withheld,0.0014791666666666564,0.007333333333333331,0.05316666666666667
final,67,926601911822799244,8,12000,0.0,0.2,unacceptable,framework,withheld,0.0014791666666666564,0.007333333333333331,0.05316666666666667
final,68,4510574520688881284,8,12000,0.0,0.2,unacceptable,pooled,supported,0.0022187499999999916,0.00633333333333333,0.04808333333333333
final,68,4510574520688881284,8,12000,0.0,0.2,unacceptable,per_feature,supported,0.0022187499999999916,0.00633333333333333,0.04808333333333333
final,68,4510574520688881284,8,12000,0.0,0.2,unacceptable,same_evidence,withheld,0.0022187499999999916,0.00633333333333333,0.04808333333333333
final,68,4510574520688881284,8,12000,0.0,0.2,unacceptable,framework,withheld,0.0022187499999999916,0.00633333333333333,0.04808333333333333
final,69,2231613816986799527,8,12000,0.0,0.2,unacceptable,pooled,supported,0.0018125000000000085,0.00449999999999999,0.050666666666666665
final,69,2231613816986799527,8,12000,0.0,0.2,unacceptable,per_feature,supported,0.0018125000000000085,0.00449999999999999,0.050666666666666665
final,69,2231613816986799527,8,12000,0.0,0.2,unacceptable,same_evidence,withheld,0.0018125000000000085,0.00449999999999999,0.050666666666666665
final,69,2231613816986799527,8,12000,0.0,0.2,unacceptable,framework,withheld,0.0018125000000000085,0.00449999999999999,0.050666666666666665
final,70,4538958296368235934,8,12000,0.0,0.2,unacceptable,pooled,supported,0.0022812499999999847,0.006666666666666668,0.0495
final,70,4538958296368235934,8,12000,0.0,0.2,unacceptable,per_feature,supported,0.0022812499999999847,0.006666666666666668,0.0495
final,70,4538958296368235934,8,12000,0.0,0.2,unacceptable,same_evidence,withheld,0.0022812499999999847,0.006666666666666668,0.0495
final,70,4538958296368235934,8,12000,0.0,0.2,unacceptable,framework,withheld,0.0022812499999999847,0.006666666666666668,0.0495
final,71,2783535196395044988,8,12000,0.0,0.2,unacceptable,pooled,supported,0.00013541666666666563,0.0038333333333333414,0.04733333333333333
final,71,2783535196395044988,8,12000,0.0,0.2,unacceptable,per_feature,supported,0.00013541666666666563,0.0038333333333333414,0.04733333333333333
final,71,2783535196395044988,8,12000,0.0,0.2,unacceptable,same_evidence,withheld,0.00013541666666666563,0.0038333333333333414,0.04733333333333333
final,71,2783535196395044988,8,12000,0.0,0.2,unacceptable,framework,withheld,0.00013541666666666563,0.0038333333333333414,0.04733333333333333
final,72,3882447106591060067,8,12000,0.0,0.2,unacceptable,pooled,supported,0.0002812499999999968,0.005583333333333329,0.04975
final,72,3882447106591060067,8,12000,0.0,0.2,unacceptable,per_feature,supported,0.0002812499999999968,0.005583333333333329,0.04975
final,72,3882447106591060067,8,12000,0.0,0.2,unacceptable,same_evidence,withheld,0.0002812499999999968,0.005583333333333329,0.04975
final,72,3882447106591060067,8,12000,0.0,0.2,unacceptable,framework,withheld,0.0002812499999999968,0.005583333333333329,0.04975
final,73,144216088141017543,8,12000,0.0,0.2,unacceptable,pooled,supported,0.0015520833333333428,0.010083333333333333,0.049166666666666664
final,73,144216088141017543,8,12000,0.0,0.2,unacceptable,per_feature,withheld,0.0015520833333333428,0.010083333333333333,0.049166666666666664
final,73,144216088141017543,8,12000,0.0,0.2,unacceptable,same_evidence,withheld,0.0015520833333333428,0.010083333333333333,0.049166666666666664
final,73,144216088141017543,8,12000,0.0,0.2,unacceptable,framework,withheld,0.0015520833333333428,0.010083333333333333,0.049166666666666664
final,74,2615455205540162090,8,12000,0.0,0.2,unacceptable,pooled,supported,6.249999999999312e-05,0.004416666666666666,0.0505
final,74,2615455205540162090,8,12000,0.0,0.2,unacceptable,per_feature,supported,6.249999999999312e-05,0.004416666666666666,0.0505
final,74,2615455205540162090,8,12000,0.0,0.2,unacceptable,same_evidence,withheld,6.249999999999312e-05,0.004416666666666666,0.0505
final,74,2615455205540162090,8,12000,0.0,0.2,unacceptable,framework,withheld,6.249999999999312e-05,0.004416666666666666,0.0505
final,75,1850949647909169437,8,12000,0.0,0.2,unacceptable,pooled,supported,0.0027083333333333265,0.005083333333333329,0.04791666666666667
final,75,1850949647909169437,8,12000,0.0,0.2,unacceptable,per_feature,supported,0.0027083333333333265,0.005083333333333329,0.04791666666666667
final,75,1850949647909169437,8,12000,0.0,0.2,unacceptable,same_evidence,withheld,0.0027083333333333265,0.005083333333333329,0.04791666666666667
final,75,1850949647909169437,8,12000,0.0,0.2,unacceptable,framework,withheld,0.0027083333333333265,0.005083333333333329,0.04791666666666667
final,76,1940083907542755240,8,12000,0.0,0.2,unacceptable,pooled,supported,0.00027083333333334514,0.00658333333333333,0.0475
final,76,1940083907542755240,8,12000,0.0,0.2,unacceptable,per_feature,supported,0.00027083333333334514,0.00658333333333333,0.0475
final,76,1940083907542755240,8,12000,0.0,0.2,unacceptable,same_evidence,withheld,0.00027083333333334514,0.00658333333333333,0.0475
final,76,1940083907542755240,8,12000,0.0,0.2,unacceptable,framework,withheld,0.00027083333333334514,0.00658333333333333,0.0475
final,77,732693755025206296,8,12000,0.0,0.2,unacceptable,pooled,supported,0.0012708333333333183,0.003416666666666665,0.050333333333333334
final,77,732693755025206296,8,12000,0.0,0.2,unacceptable,per_feature,supported,0.0012708333333333183,0.003416666666666665,0.050333333333333334
final,77,732693755025206296,8,12000,0.0,0.2,unacceptable,same_evidence,withheld,0.0012708333333333183,0.003416666666666665,0.050333333333333334
final,77,732693755025206296,8,12000,0.0,0.2,unacceptable,framework,withheld,0.0012708333333333183,0.003416666666666665,0.050333333333333334
final,78,3605675298295966128,8,12000,0.0,0.2,unacceptable,pooled,supported,0.002354166666666671,0.005666666666666667,0.046
final,78,3605675298295966128,8,12000,0.0,0.2,unacceptable,per_feature,supported,0.002354166666666671,0.005666666666666667,0.046
final,78,3605675298295966128,8,12000,0.0,0.2,unacceptable,same_evidence,withheld,0.002354166666666671,0.005666666666666667,0.046
final,78,3605675298295966128,8,12000,0.0,0.2,unacceptable,framework,withheld,0.002354166666666671,0.005666666666666667,0.046
final,79,1900528696456636282,8,12000,0.0,0.2,unacceptable,pooled,supported,0.0004270833333333418,0.0039166666666666655,0.051333333333333335
final,79,1900528696456636282,8,12000,0.0,0.2,unacceptable,per_feature,supported,0.0004270833333333418,0.0039166666666666655,0.051333333333333335
final,79,1900528696456636282,8,12000,0.0,0.2,unacceptable,same_evidence,withheld,0.0004270833333333418,0.0039166666666666655,0.051333333333333335
final,79,1900528696456636282,8,12000,0.0,0.2,unacceptable,framework,withheld,0.0004270833333333418,0.0039166666666666655,0.051333333333333335
final,80,1976138714943796689,8,12000,0.0,0.2,unacceptable,pooled,supported,0.0007916666666666627,0.00816666666666667,0.04833333333333333
final,80,1976138714943796689,8,12000,0.0,0.2,unacceptable,per_feature,supported,0.0007916666666666627,0.00816666666666667,0.04833333333333333
final,80,1976138714943796689,8,12000,0.0,0.2,unacceptable,same_evidence,withheld,0.0007916666666666627,0.00816666666666667,0.04833333333333333
final,80,1976138714943796689,8,12000,0.0,0.2,unacceptable,framework,withheld,0.0007916666666666627,0.00816666666666667,0.04833333333333333
final,81,3305967809738972766,8,12000,0.0,0.2,unacceptable,pooled,supported,0.00044791666666665897,0.008999999999999994,0.04875
final,81,3305967809738972766,8,12000,0.0,0.2,unacceptable,per_feature,supported,0.00044791666666665897,0.008999999999999994,0.04875
final,81,3305967809738972766,8,12000,0.0,0.2,unacceptable,same_evidence,withheld,0.00044791666666665897,0.008999999999999994,0.04875
final,81,3305967809738972766,8,12000,0.0,0.2,unacceptable,framework,withheld,0.00044791666666665897,0.008999999999999994,0.04875
final,82,4238924654032246129,8,12000,0.0,0.2,unacceptable,pooled,supported,0.0002916666666666623,0.005416666666666667,0.04816666666666667
final,82,4238924654032246129,8,12000,0.0,0.2,unacceptable,per_feature,supported,0.0002916666666666623,0.005416666666666667,0.04816666666666667
final,82,4238924654032246129,8,12000,0.0,0.2,unacceptable,same_evidence,withheld,0.0002916666666666623,0.005416666666666667,0.04816666666666667
final,82,4238924654032246129,8,12000,0.0,0.2,unacceptable,framework,withheld,0.0002916666666666623,0.005416666666666667,0.04816666666666667
final,83,1442623599185102659,8,12000,0.0,0.2,unacceptable,pooled,supported,0.0002916666666666623,0.004833333333333328,0.0495
final,83,1442623599185102659,8,12000,0.0,0.2,unacceptable,per_feature,supported,0.0002916666666666623,0.004833333333333328,0.0495
final,83,1442623599185102659,8,12000,0.0,0.2,unacceptable,same_evidence,withheld,0.0002916666666666623,0.004833333333333328,0.0495
final,83,1442623599185102659,8,12000,0.0,0.2,unacceptable,framework,withheld,0.0002916666666666623,0.004833333333333328,0.0495
final,84,2704961242719794283,8,12000,0.0,0.2,unacceptable,pooled,supported,8.333333333333803e-05,0.0049999999999999906,0.04883333333333333
final,84,2704961242719794283,8,12000,0.0,0.2,unacceptable,per_feature,supported,8.333333333333803e-05,0.0049999999999999906,0.04883333333333333
final,84,2704961242719794283,8,12000,0.0,0.2,unacceptable,same_evidence,withheld,8.333333333333803e-05,0.0049999999999999906,0.04883333333333333
final,84,2704961242719794283,8,12000,0.0,0.2,unacceptable,framework,withheld,8.333333333333803e-05,0.0049999999999999906,0.04883333333333333
final,85,4169349207328090384,8,12000,0.0,0.2,unacceptable,pooled,supported,0.0031666666666666787,0.008250000000000007,0.04683333333333333
final,85,4169349207328090384,8,12000,0.0,0.2,unacceptable,per_feature,supported,0.0031666666666666787,0.008250000000000007,0.04683333333333333
final,85,4169349207328090384,8,12000,0.0,0.2,unacceptable,same_evidence,withheld,0.0031666666666666787,0.008250000000000007,0.04683333333333333
final,85,4169349207328090384,8,12000,0.0,0.2,unacceptable,framework,withheld,0.0031666666666666787,0.008250000000000007,0.04683333333333333
final,86,4061305985965273905,8,12000,0.0,0.2,unacceptable,pooled,supported,0.0027708333333333335,0.008499999999999994,0.04683333333333333
final,86,4061305985965273905,8,12000,0.0,0.2,unacceptable,per_feature,supported,0.0027708333333333335,0.008499999999999994,0.04683333333333333
final,86,4061305985965273905,8,12000,0.0,0.2,unacceptable,same_evidence,withheld,0.0027708333333333335,0.008499999999999994,0.04683333333333333
final,86,4061305985965273905,8,12000,0.0,0.2,unacceptable,framework,withheld,0.0027708333333333335,0.008499999999999994,0.04683333333333333
final,87,2158475884788361723,8,12000,0.0,0.2,unacceptable,pooled,supported,0.00018749999999999323,0.005333333333333329,0.0485
final,87,2158475884788361723,8,12000,0.0,0.2,unacceptable,per_feature,supported,0.00018749999999999323,0.005333333333333329,0.0485
final,87,2158475884788361723,8,12000,0.0,0.2,unacceptable,same_evidence,withheld,0.00018749999999999323,0.005333333333333329,0.0485
final,87,2158475884788361723,8,12000,0.0,0.2,unacceptable,framework,withheld,0.00018749999999999323,0.005333333333333329,0.0485
final,88,2860715329497346899,8,12000,0.0,0.2,unacceptable,pooled,supported,0.002166666666666678,0.008000000000000007,0.050083333333333334
final,88,2860715329497346899,8,12000,0.0,0.2,unacceptable,per_feature,supported,0.002166666666666678,0.008000000000000007,0.050083333333333334
final,88,2860715329497346899,8,12000,0.0,0.2,unacceptable,same_evidence,withheld,0.002166666666666678,0.008000000000000007,0.050083333333333334
final,88,2860715329497346899,8,12000,0.0,0.2,unacceptable,framework,withheld,0.002166666666666678,0.008000000000000007,0.050083333333333334
final,89,3025998587313783579,8,12000,0.0,0.2,unacceptable,pooled,supported,0.000510416666666666,0.010583333333333333,0.05291666666666667
final,89,3025998587313783579,8,12000,0.0,0.2,unacceptable,per_feature,withheld,0.000510416666666666,0.010583333333333333,0.05291666666666667
final,89,3025998587313783579,8,12000,0.0,0.2,unacceptable,same_evidence,withheld,0.000510416666666666,0.010583333333333333,0.05291666666666667
final,89,3025998587313783579,8,12000,0.0,0.2,unacceptable,framework,withheld,0.000510416666666666,0.010583333333333333,0.05291666666666667
final,90,3699132157773971690,8,12000,0.0,0.2,unacceptable,pooled,supported,0.0008645833333333353,0.009583333333333333,0.051
final,90,3699132157773971690,8,12000,0.0,0.2,unacceptable,per_feature,supported,0.0008645833333333353,0.009583333333333333,0.051
final,90,3699132157773971690,8,12000,0.0,0.2,unacceptable,same_evidence,withheld,0.0008645833333333353,0.009583333333333333,0.051
final,90,3699132157773971690,8,12000,0.0,0.2,unacceptable,framework,withheld,0.0008645833333333353,0.009583333333333333,0.051
final,91,2053816625307779813,8,12000,0.0,0.2,unacceptable,pooled,supported,0.00045833333333333837,0.005916666666666667,0.050416666666666665
final,91,2053816625307779813,8,12000,0.0,0.2,unacceptable,per_feature,supported,0.00045833333333333837,0.005916666666666667,0.050416666666666665
final,91,2053816625307779813,8,12000,0.0,0.2,unacceptable,same_evidence,withheld,0.00045833333333333837,0.005916666666666667,0.050416666666666665
final,91,2053816625307779813,8,12000,0.0,0.2,unacceptable,framework,withheld,0.00045833333333333837,0.005916666666666667,0.050416666666666665
final,92,3070134423546428755,8,12000,0.0,0.2,unacceptable,pooled,supported,0.00040625000000001077,0.00891666666666667,0.0505
final,92,3070134423546428755,8,12000,0.0,0.2,unacceptable,per_feature,supported,0.00040625000000001077,0.00891666666666667,0.0505
final,92,3070134423546428755,8,12000,0.0,0.2,unacceptable,same_evidence,withheld,0.00040625000000001077,0.00891666666666667,0.0505
final,92,3070134423546428755,8,12000,0.0,0.2,unacceptable,framework,withheld,0.00040625000000001077,0.00891666666666667,0.0505
final,93,4611440255585972170,8,12000,0.0,0.2,unacceptable,pooled,supported,0.0006250000000000006,0.005166666666666667,0.04908333333333333
final,93,4611440255585972170,8,12000,0.0,0.2,unacceptable,per_feature,supported,0.0006250000000000006,0.005166666666666667,0.04908333333333333
final,93,4611440255585972170,8,12000,0.0,0.2,unacceptable,same_evidence,withheld,0.0006250000000000006,0.005166666666666667,0.04908333333333333
final,93,4611440255585972170,8,12000,0.0,0.2,unacceptable,framework,withheld,0.0006250000000000006,0.005166666666666667,0.04908333333333333
final,94,2066359060397657872,8,12000,0.0,0.2,unacceptable,pooled,supported,3.124999999999656e-05,0.004583333333333328,0.051916666666666667
final,94,2066359060397657872,8,12000,0.0,0.2,unacceptable,per_feature,supported,3.124999999999656e-05,0.004583333333333328,0.051916666666666667
final,94,2066359060397657872,8,12000,0.0,0.2,unacceptable,same_evidence,withheld,3.124999999999656e-05,0.004583333333333328,0.051916666666666667
final,94,2066359060397657872,8,12000,0.0,0.2,unacceptable,framework,withheld,3.124999999999656e-05,0.004583333333333328,0.051916666666666667
final,95,1326243353791167324,8,12000,0.0,0.2,unacceptable,pooled,supported,0.00233333333333334,0.010916666666666672,0.04708333333333333
final,95,1326243353791167324,8,12000,0.0,0.2,unacceptable,per_feature,withheld,0.00233333333333334,0.010916666666666672,0.04708333333333333
final,95,1326243353791167324,8,12000,0.0,0.2,unacceptable,same_evidence,withheld,0.00233333333333334,0.010916666666666672,0.04708333333333333
final,95,1326243353791167324,8,12000,0.0,0.2,unacceptable,framework,withheld,0.00233333333333334,0.010916666666666672,0.04708333333333333
final,96,1797410956321634728,8,12000,0.0,0.2,unacceptable,pooled,supported,0.0006979166666666592,0.008000000000000007,0.051916666666666667
final,96,1797410956321634728,8,12000,0.0,0.2,unacceptable,per_feature,supported,0.0006979166666666592,0.008000000000000007,0.051916666666666667
final,96,1797410956321634728,8,12000,0.0,0.2,unacceptable,same_evidence,withheld,0.0006979166666666592,0.008000000000000007,0.051916666666666667
final,96,1797410956321634728,8,12000,0.0,0.2,unacceptable,framework,withheld,0.0006979166666666592,0.008000000000000007,0.051916666666666667
final,97,4006757559448430794,8,12000,0.0,0.2,unacceptable,pooled,supported,0.001166666666666663,0.004583333333333328,0.049666666666666665
final,97,4006757559448430794,8,12000,0.0,0.2,unacceptable,per_feature,supported,0.001166666666666663,0.004583333333333328,0.049666666666666665
final,97,4006757559448430794,8,12000,0.0,0.2,unacceptable,same_evidence,withheld,0.001166666666666663,0.004583333333333328,0.049666666666666665
final,97,4006757559448430794,8,12000,0.0,0.2,unacceptable,framework,withheld,0.001166666666666663,0.004583333333333328,0.049666666666666665
final,98,2990449948485095068,8,12000,0.0,0.2,unacceptable,pooled,supported,0.0003645833333333348,0.007000000000000006,0.049833333333333334
final,98,2990449948485095068,8,12000,0.0,0.2,unacceptable,per_feature,supported,0.0003645833333333348,0.007000000000000006,0.049833333333333334
final,98,2990449948485095068,8,12000,0.0,0.2,unacceptable,same_evidence,withheld,0.0003645833333333348,0.007000000000000006,0.049833333333333334
final,98,2990449948485095068,8,12000,0.0,0.2,unacceptable,framework,withheld,0.0003645833333333348,0.007000000000000006,0.049833333333333334
final,99,671297761115580717,8,12000,0.0,0.2,unacceptable,pooled,supported,0.0010937499999999906,0.007000000000000006,0.04833333333333333
final,99,671297761115580717,8,12000,0.0,0.2,unacceptable,per_feature,supported,0.0010937499999999906,0.007000000000000006,0.04833333333333333
final,99,671297761115580717,8,12000,0.0,0.2,unacceptable,same_evidence,withheld,0.0010937499999999906,0.007000000000000006,0.04833333333333333
final,99,671297761115580717,8,12000,0.0,0.2,unacceptable,framework,withheld,0.0010937499999999906,0.007000000000000006,0.04833333333333333
final,0,85519844611271195,32,12000,0.05,0.15000000000000002,acceptable,pooled,supported,0.0005833333333333246,0.007750000000000007,0.005666666666666667
final,0,85519844611271195,32,12000,0.05,0.15000000000000002,acceptable,per_feature,supported,0.0005833333333333246,0.007750000000000007,0.005666666666666667
final,0,85519844611271195,32,12000,0.05,0.15000000000000002,acceptable,same_evidence,supported,0.0005833333333333246,0.007750000000000007,0.005666666666666667
final,0,85519844611271195,32,12000,0.05,0.15000000000000002,acceptable,framework,supported,0.0005833333333333246,0.007750000000000007,0.005666666666666667
final,1,169574812707245744,32,12000,0.05,0.15000000000000002,acceptable,pooled,supported,0.00024218749999999067,0.009500000000000008,0.003416666666666665
final,1,169574812707245744,32,12000,0.05,0.15000000000000002,acceptable,per_feature,supported,0.00024218749999999067,0.009500000000000008,0.003416666666666665
final,1,169574812707245744,32,12000,0.05,0.15000000000000002,acceptable,same_evidence,supported,0.00024218749999999067,0.009500000000000008,0.003416666666666665
final,1,169574812707245744,32,12000,0.05,0.15000000000000002,acceptable,framework,supported,0.00024218749999999067,0.009500000000000008,0.003416666666666665
final,2,4276710461228919746,32,12000,0.05,0.15000000000000002,acceptable,pooled,supported,7.291666666667251e-05,0.006499999999999992,0.003416666666666665
final,2,4276710461228919746,32,12000,0.05,0.15000000000000002,acceptable,per_feature,supported,7.291666666667251e-05,0.006499999999999992,0.003416666666666665
final,2,4276710461228919746,32,12000,0.05,0.15000000000000002,acceptable,same_evidence,supported,7.291666666667251e-05,0.006499999999999992,0.003416666666666665
final,2,4276710461228919746,32,12000,0.05,0.15000000000000002,acceptable,framework,supported,7.291666666667251e-05,0.006499999999999992,0.003416666666666665
final,3,581687646964508197,32,12000,0.05,0.15000000000000002,acceptable,pooled,supported,0.0009453125000000034,0.0072500000000000064,0.0007500000000000007
final,3,581687646964508197,32,12000,0.05,0.15000000000000002,acceptable,per_feature,supported,0.0009453125000000034,0.0072500000000000064,0.0007500000000000007
final,3,581687646964508197,32,12000,0.05,0.15000000000000002,acceptable,same_evidence,supported,0.0009453125000000034,0.0072500000000000064,0.0007500000000000007
final,3,581687646964508197,32,12000,0.05,0.15000000000000002,acceptable,framework,supported,0.0009453125000000034,0.0072500000000000064,0.0007500000000000007
final,4,2138932822793352051,32,12000,0.05,0.15000000000000002,acceptable,pooled,supported,0.0008854166666666663,0.009250000000000008,0.005333333333333336
final,4,2138932822793352051,32,12000,0.05,0.15000000000000002,acceptable,per_feature,supported,0.0008854166666666663,0.009250000000000008,0.005333333333333336
final,4,2138932822793352051,32,12000,0.05,0.15000000000000002,acceptable,same_evidence,supported,0.0008854166666666663,0.009250000000000008,0.005333333333333336
final,4,2138932822793352051,32,12000,0.05,0.15000000000000002,acceptable,framework,supported,0.0008854166666666663,0.009250000000000008,0.005333333333333336
final,5,660305973881625447,32,12000,0.05,0.15000000000000002,acceptable,pooled,supported,0.000718750000000018,0.006583333333333344,0.0005833333333333315
final,5,660305973881625447,32,12000,0.05,0.15000000000000002,acceptable,per_feature,supported,0.000718750000000018,0.006583333333333344,0.0005833333333333315
final,5,660305973881625447,32,12000,0.05,0.15000000000000002,acceptable,same_evidence,supported,0.000718750000000018,0.006583333333333344,0.0005833333333333315
final,5,660305973881625447,32,12000,0.05,0.15000000000000002,acceptable,framework,supported,0.000718750000000018,0.006583333333333344,0.0005833333333333315
final,6,4470546283612784571,32,12000,0.05,0.15000000000000002,acceptable,pooled,supported,6.770833333331894e-05,0.007666666666666655,0.0012499999999999942
final,6,4470546283612784571,32,12000,0.05,0.15000000000000002,acceptable,per_feature,supported,6.770833333331894e-05,0.007666666666666655,0.0012499999999999942
final,6,4470546283612784571,32,12000,0.05,0.15000000000000002,acceptable,same_evidence,supported,6.770833333331894e-05,0.007666666666666655,0.0012499999999999942
final,6,4470546283612784571,32,12000,0.05,0.15000000000000002,acceptable,framework,supported,6.770833333331894e-05,0.007666666666666655,0.0012499999999999942
final,7,1171226429807847245,32,12000,0.05,0.15000000000000002,acceptable,pooled,supported,0.000510416666666666,0.010499999999999995,0.0036666666666666722
final,7,1171226429807847245,32,12000,0.05,0.15000000000000002,acceptable,per_feature,withheld,0.000510416666666666,0.010499999999999995,0.0036666666666666722
final,7,1171226429807847245,32,12000,0.05,0.15000000000000002,acceptable,same_evidence,withheld,0.000510416666666666,0.010499999999999995,0.0036666666666666722
final,7,1171226429807847245,32,12000,0.05,0.15000000000000002,acceptable,framework,withheld,0.000510416666666666,0.010499999999999995,0.0036666666666666722
final,8,4579118851864193183,32,12000,0.05,0.15000000000000002,acceptable,pooled,supported,0.0005624999999999936,0.010083333333333333,0.0015833333333333394
final,8,4579118851864193183,32,12000,0.05,0.15000000000000002,acceptable,per_feature,withheld,0.0005624999999999936,0.010083333333333333,0.0015833333333333394
final,8,4579118851864193183,32,12000,0.05,0.15000000000000002,acceptable,same_evidence,withheld,0.0005624999999999936,0.010083333333333333,0.0015833333333333394
final,8,4579118851864193183,32,12000,0.05,0.15000000000000002,acceptable,framework,withheld,0.0005624999999999936,0.010083333333333333,0.0015833333333333394
final,9,1867666146462447983,32,12000,0.05,0.15000000000000002,acceptable,pooled,supported,0.0023619791666666806,0.011249999999999996,0.0015000000000000013
final,9,1867666146462447983,32,12000,0.05,0.15000000000000002,acceptable,per_feature,withheld,0.0023619791666666806,0.011249999999999996,0.0015000000000000013
final,9,1867666146462447983,32,12000,0.05,0.15000000000000002,acceptable,same_evidence,withheld,0.0023619791666666806,0.011249999999999996,0.0015000000000000013
final,9,1867666146462447983,32,12000,0.05,0.15000000000000002,acceptable,framework,withheld,0.0023619791666666806,0.011249999999999996,0.0015000000000000013
final,10,1742209496118046457,32,12000,0.05,0.15000000000000002,acceptable,pooled,supported,0.001187500000000008,0.008499999999999994,0.005500000000000005
final,10,1742209496118046457,32,12000,0.05,0.15000000000000002,acceptable,per_feature,supported,0.001187500000000008,0.008499999999999994,0.005500000000000005
final,10,1742209496118046457,32,12000,0.05,0.15000000000000002,acceptable,same_evidence,supported,0.001187500000000008,0.008499999999999994,0.005500000000000005
final,10,1742209496118046457,32,12000,0.05,0.15000000000000002,acceptable,framework,supported,0.001187500000000008,0.008499999999999994,0.005500000000000005
final,11,2706673733912479232,32,12000,0.05,0.15000000000000002,acceptable,pooled,supported,0.00047135416666665986,0.008833333333333332,0.0015833333333333324
final,11,2706673733912479232,32,12000,0.05,0.15000000000000002,acceptable,per_feature,supported,0.00047135416666665986,0.008833333333333332,0.0015833333333333324
final,11,2706673733912479232,32,12000,0.05,0.15000000000000002,acceptable,same_evidence,supported,0.00047135416666665986,0.008833333333333332,0.0015833333333333324
final,11,2706673733912479232,32,12000,0.05,0.15000000000000002,acceptable,framework,supported,0.00047135416666665986,0.008833333333333332,0.0015833333333333324
final,12,4138265616883461656,32,12000,0.05,0.15000000000000002,acceptable,pooled,supported,0.00013281250000000966,0.00991666666666667,0.0006666666666666696
final,12,4138265616883461656,32,12000,0.05,0.15000000000000002,acceptable,per_feature,supported,0.00013281250000000966,0.00991666666666667,0.0006666666666666696
final,12,4138265616883461656,32,12000,0.05,0.15000000000000002,acceptable,same_evidence,supported,0.00013281250000000966,0.00991666666666667,0.0006666666666666696
final,12,4138265616883461656,32,12000,0.05,0.15000000000000002,acceptable,framework,supported,0.00013281250000000966,0.00991666666666667,0.0006666666666666696
final,13,868671486535027644,32,12000,0.05,0.15000000000000002,acceptable,pooled,supported,1.3020833333335369e-05,0.00683333333333333,0.0014999999999999944
final,13,868671486535027644,32,12000,0.05,0.15000000000000002,acceptable,per_feature,supported,1.3020833333335369e-05,0.00683333333333333,0.0014999999999999944
final,13,868671486535027644,32,12000,0.05,0.15000000000000002,acceptable,same_evidence,supported,1.3020833333335369e-05,0.00683333333333333,0.0014999999999999944
final,13,868671486535027644,32,12000,0.05,0.15000000000000002,acceptable,framework,supported,1.3020833333335369e-05,0.00683333333333333,0.0014999999999999944
final,14,3340465701953067721,32,12000,0.05,0.15000000000000002,acceptable,pooled,supported,0.0013697916666666615,0.013583333333333336,0.0003333333333333313
final,14,3340465701953067721,32,12000,0.05,0.15000000000000002,acceptable,per_feature,withheld,0.0013697916666666615,0.013583333333333336,0.0003333333333333313
final,14,3340465701953067721,32,12000,0.05,0.15000000000000002,acceptable,same_evidence,withheld,0.0013697916666666615,0.013583333333333336,0.0003333333333333313
final,14,3340465701953067721,32,12000,0.05,0.15000000000000002,acceptable,framework,withheld,0.0013697916666666615,0.013583333333333336,0.0003333333333333313
final,15,2313094220902303423,32,12000,0.05,0.15000000000000002,acceptable,pooled,supported,0.00033072916666665453,0.008583333333333332,0.0036666666666666653
final,15,2313094220902303423,32,12000,0.05,0.15000000000000002,acceptable,per_feature,supported,0.00033072916666665453,0.008583333333333332,0.0036666666666666653
final,15,2313094220902303423,32,12000,0.05,0.15000000000000002,acceptable,same_evidence,supported,0.00033072916666665453,0.008583333333333332,0.0036666666666666653
final,15,2313094220902303423,32,12000,0.05,0.15000000000000002,acceptable,framework,supported,0.00033072916666665453,0.008583333333333332,0.0036666666666666653
final,16,1233843817467911853,32,12000,0.05,0.15000000000000002,acceptable,pooled,supported,0.0005416666666666625,0.00916666666666667,0.004083333333333335
final,16,1233843817467911853,32,12000,0.05,0.15000000000000002,acceptable,per_feature,supported,0.0005416666666666625,0.00916666666666667,0.004083333333333335
final,16,1233843817467911853,32,12000,0.05,0.15000000000000002,acceptable,same_evidence,supported,0.0005416666666666625,0.00916666666666667,0.004083333333333335
final,16,1233843817467911853,32,12000,0.05,0.15000000000000002,acceptable,framework,supported,0.0005416666666666625,0.00916666666666667,0.004083333333333335
final,17,3368707993977444894,32,12000,0.05,0.15000000000000002,acceptable,pooled,supported,0.00037500000000000033,0.007916666666666655,0.0038333333333333344
final,17,3368707993977444894,32,12000,0.05,0.15000000000000002,acceptable,per_feature,supported,0.00037500000000000033,0.007916666666666655,0.0038333333333333344
final,17,3368707993977444894,32,12000,0.05,0.15000000000000002,acceptable,same_evidence,supported,0.00037500000000000033,0.007916666666666655,0.0038333333333333344
final,17,3368707993977444894,32,12000,0.05,0.15000000000000002,acceptable,framework,supported,0.00037500000000000033,0.007916666666666655,0.0038333333333333344
final,18,1644110692930014741,32,12000,0.05,0.15000000000000002,acceptable,pooled,supported,0.00013281249999999578,0.013083333333333336,0.006583333333333337
final,18,1644110692930014741,32,12000,0.05,0.15000000000000002,acceptable,per_feature,withheld,0.00013281249999999578,0.013083333333333336,0.006583333333333337
final,18,1644110692930014741,32,12000,0.05,0.15000000000000002,acceptable,same_evidence,withheld,0.00013281249999999578,0.013083333333333336,0.006583333333333337
final,18,1644110692930014741,32,12000,0.05,0.15000000000000002,acceptable,framework,withheld,0.00013281249999999578,0.013083333333333336,0.006583333333333337
final,19,1242390546731183895,32,12000,0.05,0.15000000000000002,acceptable,pooled,supported,8.5937499999994e-05,0.010916666666666658,0.0026666666666666644
final,19,1242390546731183895,32,12000,0.05,0.15000000000000002,acceptable,per_feature,withheld,8.5937499999994e-05,0.010916666666666658,0.0026666666666666644
final,19,1242390546731183895,32,12000,0.05,0.15000000000000002,acceptable,same_evidence,withheld,8.5937499999994e-05,0.010916666666666658,0.0026666666666666644
final,19,1242390546731183895,32,12000,0.05,0.15000000000000002,acceptable,framework,withheld,8.5937499999994e-05,0.010916666666666658,0.0026666666666666644
final,20,4063184081589528542,32,12000,0.05,0.15000000000000002,acceptable,pooled,supported,0.000528645833333341,0.009999999999999995,0.0002500000000000002
final,20,4063184081589528542,32,12000,0.05,0.15000000000000002,acceptable,per_feature,supported,0.000528645833333341,0.009999999999999995,0.0002500000000000002
final,20,4063184081589528542,32,12000,0.05,0.15000000000000002,acceptable,same_evidence,supported,0.000528645833333341,0.009999999999999995,0.0002500000000000002
final,20,4063184081589528542,32,12000,0.05,0.15000000000000002,acceptable,framework,supported,0.000528645833333341,0.009999999999999995,0.0002500000000000002
final,21,935339298707757949,32,12000,0.05,0.15000000000000002,acceptable,pooled,supported,0.0003619791666666511,0.009583333333333333,0.0
final,21,935339298707757949,32,12000,0.05,0.15000000000000002,acceptable,per_feature,supported,0.0003619791666666511,0.009583333333333333,0.0
final,21,935339298707757949,32,12000,0.05,0.15000000000000002,acceptable,same_evidence,supported,0.0003619791666666511,0.009583333333333333,0.0
final,21,935339298707757949,32,12000,0.05,0.15000000000000002,acceptable,framework,supported,0.0003619791666666511,0.009583333333333333,0.0
final,22,2050586823328801344,32,12000,0.05,0.15000000000000002,acceptable,pooled,supported,0.00024739583333334425,0.007666666666666669,0.003166666666666672
final,22,2050586823328801344,32,12000,0.05,0.15000000000000002,acceptable,per_feature,supported,0.00024739583333334425,0.007666666666666669,0.003166666666666672
final,22,2050586823328801344,32,12000,0.05,0.15000000000000002,acceptable,same_evidence,supported,0.00024739583333334425,0.007666666666666669,0.003166666666666672
final,22,2050586823328801344,32,12000,0.05,0.15000000000000002,acceptable,framework,supported,0.00024739583333334425,0.007666666666666669,0.003166666666666672
final,23,1535784956483302490,32,12000,0.05,0.15000000000000002,acceptable,pooled,supported,0.00020312499999999845,0.009916666666666657,0.0002500000000000002
final,23,1535784956483302490,32,12000,0.05,0.15000000000000002,acceptable,per_feature,supported,0.00020312499999999845,0.009916666666666657,0.0002500000000000002
final,23,1535784956483302490,32,12000,0.05,0.15000000000000002,acceptable,same_evidence,supported,0.00020312499999999845,0.009916666666666657,0.0002500000000000002
final,23,1535784956483302490,32,12000,0.05,0.15000000000000002,acceptable,framework,supported,0.00020312499999999845,0.009916666666666657,0.0002500000000000002
final,24,4326450772949531313,32,12000,0.05,0.15000000000000002,acceptable,pooled,supported,0.00014322916666664742,0.008499999999999994,0.002166666666666671
final,24,4326450772949531313,32,12000,0.05,0.15000000000000002,acceptable,per_feature,supported,0.00014322916666664742,0.008499999999999994,0.002166666666666671
final,24,4326450772949531313,32,12000,0.05,0.15000000000000002,acceptable,same_evidence,supported,0.00014322916666664742,0.008499999999999994,0.002166666666666671
final,24,4326450772949531313,32,12000,0.05,0.15000000000000002,acceptable,framework,supported,0.00014322916666664742,0.008499999999999994,0.002166666666666671
final,25,3951100310443444497,32,12000,0.05,0.15000000000000002,acceptable,pooled,supported,0.0004348958333333375,0.009249999999999994,0.001083333333333332
final,25,3951100310443444497,32,12000,0.05,0.15000000000000002,acceptable,per_feature,supported,0.0004348958333333375,0.009249999999999994,0.001083333333333332
final,25,3951100310443444497,32,12000,0.05,0.15000000000000002,acceptable,same_evidence,supported,0.0004348958333333375,0.009249999999999994,0.001083333333333332
final,25,3951100310443444497,32,12000,0.05,0.15000000000000002,acceptable,framework,supported,0.0004348958333333375,0.009249999999999994,0.001083333333333332
final,26,2989623575277046701,32,12000,0.05,0.15000000000000002,acceptable,pooled,supported,0.0004973958333333167,0.00658333333333333,0.00041666666666666935
final,26,2989623575277046701,32,12000,0.05,0.15000000000000002,acceptable,per_feature,supported,0.0004973958333333167,0.00658333333333333,0.00041666666666666935
final,26,2989623575277046701,32,12000,0.05,0.15000000000000002,acceptable,same_evidence,supported,0.0004973958333333167,0.00658333333333333,0.00041666666666666935
final,26,2989623575277046701,32,12000,0.05,0.15000000000000002,acceptable,framework,supported,0.0004973958333333167,0.00658333333333333,0.00041666666666666935
final,27,2737292284025776638,32,12000,0.05,0.15000000000000002,acceptable,pooled,supported,0.00047135416666665986,0.011166666666666658,0.0
final,27,2737292284025776638,32,12000,0.05,0.15000000000000002,acceptable,per_feature,withheld,0.00047135416666665986,0.011166666666666658,0.0
final,27,2737292284025776638,32,12000,0.05,0.15000000000000002,acceptable,same_evidence,withheld,0.00047135416666665986,0.011166666666666658,0.0
final,27,2737292284025776638,32,12000,0.05,0.15000000000000002,acceptable,framework,withheld,0.00047135416666665986,0.011166666666666658,0.0
final,28,3006361168443016419,32,12000,0.05,0.15000000000000002,acceptable,pooled,supported,0.0009401041666666776,0.009499999999999995,0.0013333333333333322
final,28,3006361168443016419,32,12000,0.05,0.15000000000000002,acceptable,per_feature,supported,0.0009401041666666776,0.009499999999999995,0.0013333333333333322
final,28,3006361168443016419,32,12000,0.05,0.15000000000000002,acceptable,same_evidence,supported,0.0009401041666666776,0.009499999999999995,0.0013333333333333322
final,28,3006361168443016419,32,12000,0.05,0.15000000000000002,acceptable,framework,supported,0.0009401041666666776,0.009499999999999995,0.0013333333333333322
final,29,733455379168266923,32,12000,0.05,0.15000000000000002,acceptable,pooled,supported,0.0006302083333333264,0.0072499999999999926,0.000999999999999994
final,29,733455379168266923,32,12000,0.05,0.15000000000000002,acceptable,per_feature,supported,0.0006302083333333264,0.0072499999999999926,0.000999999999999994
final,29,733455379168266923,32,12000,0.05,0.15000000000000002,acceptable,same_evidence,supported,0.0006302083333333264,0.0072499999999999926,0.000999999999999994
final,29,733455379168266923,32,12000,0.05,0.15000000000000002,acceptable,framework,supported,0.0006302083333333264,0.0072499999999999926,0.000999999999999994
final,30,3805427538620573684,32,12000,0.05,0.15000000000000002,acceptable,pooled,supported,0.00021875000000000366,0.008749999999999994,0.0008333333333333318
final,30,3805427538620573684,32,12000,0.05,0.15000000000000002,acceptable,per_feature,supported,0.00021875000000000366,0.008749999999999994,0.0008333333333333318
final,30,3805427538620573684,32,12000,0.05,0.15000000000000002,acceptable,same_evidence,supported,0.00021875000000000366,0.008749999999999994,0.0008333333333333318
final,30,3805427538620573684,32,12000,0.05,0.15000000000000002,acceptable,framework,supported,0.00021875000000000366,0.008749999999999994,0.0008333333333333318
final,31,2147175212891718498,32,12000,0.05,0.15000000000000002,acceptable,pooled,supported,0.00023177083333332515,0.0071666666666666545,0.0016666666666666635
final,31,2147175212891718498,32,12000,0.05,0.15000000000000002,acceptable,per_feature,supported,0.00023177083333332515,0.0071666666666666545,0.0016666666666666635
final,31,2147175212891718498,32,12000,0.05,0.15000000000000002,acceptable,same_evidence,supported,0.00023177083333332515,0.0071666666666666545,0.0016666666666666635
final,31,2147175212891718498,32,12000,0.05,0.15000000000000002,acceptable,framework,supported,0.00023177083333332515,0.0071666666666666545,0.0016666666666666635
final,32,4219777241368731754,32,12000,0.05,0.15000000000000002,acceptable,pooled,supported,9.895833333332937e-05,0.007666666666666669,0.002083333333333333
final,32,4219777241368731754,32,12000,0.05,0.15000000000000002,acceptable,per_feature,supported,9.895833333332937e-05,0.007666666666666669,0.002083333333333333
final,32,4219777241368731754,32,12000,0.05,0.15000000000000002,acceptable,same_evidence,supported,9.895833333332937e-05,0.007666666666666669,0.002083333333333333
final,32,4219777241368731754,32,12000,0.05,0.15000000000000002,acceptable,framework,supported,9.895833333332937e-05,0.007666666666666669,0.002083333333333333
final,33,1028965568323069762,32,12000,0.05,0.15000000000000002,acceptable,pooled,supported,0.0008229166666666732,0.00683333333333333,0.0015000000000000013
final,33,1028965568323069762,32,12000,0.05,0.15000000000000002,acceptable,per_feature,supported,0.0008229166666666732,0.00683333333333333,0.0015000000000000013
final,33,1028965568323069762,32,12000,0.05,0.15000000000000002,acceptable,same_evidence,supported,0.0008229166666666732,0.00683333333333333,0.0015000000000000013
final,33,1028965568323069762,32,12000,0.05,0.15000000000000002,acceptable,framework,supported,0.0008229166666666732,0.00683333333333333,0.0015000000000000013
final,34,3594391159978466192,32,12000,0.05,0.15000000000000002,acceptable,pooled,supported,0.0004192708333333184,0.0062500000000000056,0.002333333333333333
final,34,3594391159978466192,32,12000,0.05,0.15000000000000002,acceptable,per_feature,supported,0.0004192708333333184,0.0062500000000000056,0.002333333333333333
final,34,3594391159978466192,32,12000,0.05,0.15000000000000002,acceptable,same_evidence,supported,0.0004192708333333184,0.0062500000000000056,0.002333333333333333
final,34,3594391159978466192,32,12000,0.05,0.15000000000000002,acceptable,framework,supported,0.0004192708333333184,0.0062500000000000056,0.002333333333333333
final,35,430159038201047437,32,12000,0.05,0.15000000000000002,acceptable,pooled,supported,0.00011718750000000444,0.011083333333333334,0.0027499999999999955
final,35,430159038201047437,32,12000,0.05,0.15000000000000002,acceptable,per_feature,withheld,0.00011718750000000444,0.011083333333333334,0.0027499999999999955
final,35,430159038201047437,32,12000,0.05,0.15000000000000002,acceptable,same_evidence,withheld,0.00011718750000000444,0.011083333333333334,0.0027499999999999955
final,35,430159038201047437,32,12000,0.05,0.15000000000000002,acceptable,framework,withheld,0.00011718750000000444,0.011083333333333334,0.0027499999999999955
final,36,774757658353091398,32,12000,0.05,0.15000000000000002,acceptable,pooled,supported,0.0014661458333333488,0.006666666666666668,0.0014166666666666633
final,36,774757658353091398,32,12000,0.05,0.15000000000000002,acceptable,per_feature,supported,0.0014661458333333488,0.006666666666666668,0.0014166666666666633
final,36,774757658353091398,32,12000,0.05,0.15000000000000002,acceptable,same_evidence,supported,0.0014661458333333488,0.006666666666666668,0.0014166666666666633
final,36,774757658353091398,32,12000,0.05,0.15000000000000002,acceptable,framework,supported,0.0014661458333333488,0.006666666666666668,0.0014166666666666633
final,37,1584908094299061109,32,12000,0.05,0.15000000000000002,acceptable,pooled,supported,0.0010260416666666716,0.009499999999999995,0.0037499999999999964
final,37,1584908094299061109,32,12000,0.05,0.15000000000000002,acceptable,per_feature,supported,0.0010260416666666716,0.009499999999999995,0.0037499999999999964
final,37,1584908094299061109,32,12000,0.05,0.15000000000000002,acceptable,same_evidence,supported,0.0010260416666666716,0.009499999999999995,0.0037499999999999964
final,37,1584908094299061109,32,12000,0.05,0.15000000000000002,acceptable,framework,supported,0.0010260416666666716,0.009499999999999995,0.0037499999999999964
final,38,179211989457856504,32,12000,0.05,0.15000000000000002,acceptable,pooled,supported,0.00017968749999999756,0.009583333333333346,0.0030833333333333338
final,38,179211989457856504,32,12000,0.05,0.15000000000000002,acceptable,per_feature,supported,0.00017968749999999756,0.009583333333333346,0.0030833333333333338
final,38,179211989457856504,32,12000,0.05,0.15000000000000002,acceptable,same_evidence,supported,0.00017968749999999756,0.009583333333333346,0.0030833333333333338
final,38,179211989457856504,32,12000,0.05,0.15000000000000002,acceptable,framework,supported,0.00017968749999999756,0.009583333333333346,0.0030833333333333338
final,39,699081438076085308,32,12000,0.05,0.15000000000000002,acceptable,pooled,supported,0.0006718750000000023,0.009750000000000009,0.0028333333333333335
final,39,699081438076085308,32,12000,0.05,0.15000000000000002,acceptable,per_feature,supported,0.0006718750000000023,0.009750000000000009,0.0028333333333333335
final,39,699081438076085308,32,12000,0.05,0.15000000000000002,acceptable,same_evidence,supported,0.0006718750000000023,0.009750000000000009,0.0028333333333333335
final,39,699081438076085308,32,12000,0.05,0.15000000000000002,acceptable,framework,supported,0.0006718750000000023,0.009750000000000009,0.0028333333333333335
final,40,2547095022775796023,32,12000,0.05,0.15000000000000002,acceptable,pooled,supported,9.895833333332937e-05,0.00708333333333333,0.002083333333333333
final,40,2547095022775796023,32,12000,0.05,0.15000000000000002,acceptable,per_feature,supported,9.895833333332937e-05,0.00708333333333333,0.002083333333333333
final,40,2547095022775796023,32,12000,0.05,0.15000000000000002,acceptable,same_evidence,supported,9.895833333332937e-05,0.00708333333333333,0.002083333333333333
final,40,2547095022775796023,32,12000,0.05,0.15000000000000002,acceptable,framework,supported,9.895833333332937e-05,0.00708333333333333,0.002083333333333333
final,41,3742198447293339170,32,12000,0.05,0.15000000000000002,acceptable,pooled,supported,0.00047135416666667374,0.011166666666666672,0.0010000000000000009
final,41,3742198447293339170,32,12000,0.05,0.15000000000000002,acceptable,per_feature,withheld,0.00047135416666667374,0.011166666666666672,0.0010000000000000009
final,41,3742198447293339170,32,12000,0.05,0.15000000000000002,acceptable,same_evidence,withheld,0.00047135416666667374,0.011166666666666672,0.0010000000000000009
final,41,3742198447293339170,32,12000,0.05,0.15000000000000002,acceptable,framework,withheld,0.00047135416666667374,0.011166666666666672,0.0010000000000000009
final,42,391557172850522851,32,12000,0.05,0.15000000000000002,acceptable,pooled,supported,0.0004505208333333288,0.012749999999999997,0.005916666666666667
final,42,391557172850522851,32,12000,0.05,0.15000000000000002,acceptable,per_feature,withheld,0.0004505208333333288,0.012749999999999997,0.005916666666666667
final,42,391557172850522851,32,12000,0.05,0.15000000000000002,acceptable,same_evidence,withheld,0.0004505208333333288,0.012749999999999997,0.005916666666666667
final,42,391557172850522851,32,12000,0.05,0.15000000000000002,acceptable,framework,withheld,0.0004505208333333288,0.012749999999999997,0.005916666666666667
final,43,575259421546427687,32,12000,0.05,0.15000000000000002,acceptable,pooled,supported,0.0004557291666666685,0.00916666666666667,0.0027500000000000024
final,43,575259421546427687,32,12000,0.05,0.15000000000000002,acceptable,per_feature,supported,0.0004557291666666685,0.00916666666666667,0.0027500000000000024
final,43,575259421546427687,32,12000,0.05,0.15000000000000002,acceptable,same_evidence,supported,0.0004557291666666685,0.00916666666666667,0.0027500000000000024
final,43,575259421546427687,32,12000,0.05,0.15000000000000002,acceptable,framework,supported,0.0004557291666666685,0.00916666666666667,0.0027500000000000024
final,44,15613309783320977,32,12000,0.05,0.15000000000000002,acceptable,pooled,supported,0.0006536458333333411,0.007333333333333331,0.0005000000000000004
final,44,15613309783320977,32,12000,0.05,0.15000000000000002,acceptable,per_feature,supported,0.0006536458333333411,0.007333333333333331,0.0005000000000000004
final,44,15613309783320977,32,12000,0.05,0.15000000000000002,acceptable,same_evidence,supported,0.0006536458333333411,0.007333333333333331,0.0005000000000000004
final,44,15613309783320977,32,12000,0.05,0.15000000000000002,acceptable,framework,supported,0.0006536458333333411,0.007333333333333331,0.0005000000000000004
final,45,3488841662156389908,32,12000,0.05,0.15000000000000002,acceptable,pooled,supported,0.0003776041666666702,0.009416666666666657,0.001166666666666663
final,45,3488841662156389908,32,12000,0.05,0.15000000000000002,acceptable,per_feature,supported,0.0003776041666666702,0.009416666666666657,0.001166666666666663
final,45,3488841662156389908,32,12000,0.05,0.15000000000000002,acceptable,same_evidence,supported,0.0003776041666666702,0.009416666666666657,0.001166666666666663
final,45,3488841662156389908,32,12000,0.05,0.15000000000000002,acceptable,framework,supported,0.0003776041666666702,0.009416666666666657,0.001166666666666663
final,46,919078456088469511,32,12000,0.05,0.15000000000000002,acceptable,pooled,supported,0.00023958333333334858,0.006833333333333344,0.0040000000000000036
final,46,919078456088469511,32,12000,0.05,0.15000000000000002,acceptable,per_feature,supported,0.00023958333333334858,0.006833333333333344,0.0040000000000000036
final,46,919078456088469511,32,12000,0.05,0.15000000000000002,acceptable,same_evidence,supported,0.00023958333333334858,0.006833333333333344,0.0040000000000000036
final,46,919078456088469511,32,12000,0.05,0.15000000000000002,acceptable,framework,supported,0.00023958333333334858,0.006833333333333344,0.0040000000000000036
final,47,1521079526914382588,32,12000,0.05,0.15000000000000002,acceptable,pooled,supported,0.0006067708333333255,0.014166666666666675,0.0016666666666666635
final,47,1521079526914382588,32,12000,0.05,0.15000000000000002,acceptable,per_feature,withheld,0.0006067708333333255,0.014166666666666675,0.0016666666666666635
final,47,1521079526914382588,32,12000,0.05,0.15000000000000002,acceptable,same_evidence,withheld,0.0006067708333333255,0.014166666666666675,0.0016666666666666635
final,47,1521079526914382588,32,12000,0.05,0.15000000000000002,acceptable,framework,withheld,0.0006067708333333255,0.014166666666666675,0.0016666666666666635
final,48,2639997180035497837,32,12000,0.05,0.15000000000000002,acceptable,pooled,supported,0.0003828125000000099,0.009833333333333333,0.0017500000000000016
final,48,2639997180035497837,32,12000,0.05,0.15000000000000002,acceptable,per_feature,supported,0.0003828125000000099,0.009833333333333333,0.0017500000000000016
final,48,2639997180035497837,32,12000,0.05,0.15000000000000002,acceptable,same_evidence,supported,0.0003828125000000099,0.009833333333333333,0.0017500000000000016
final,48,2639997180035497837,32,12000,0.05,0.15000000000000002,acceptable,framework,supported,0.0003828125000000099,0.009833333333333333,0.0017500000000000016
final,49,2321461967966123096,32,12000,0.05,0.15000000000000002,acceptable,pooled,supported,0.00018489583333332338,0.00991666666666667,0.004083333333333335
final,49,2321461967966123096,32,12000,0.05,0.15000000000000002,acceptable,per_feature,supported,0.00018489583333332338,0.00991666666666667,0.004083333333333335
final,49,2321461967966123096,32,12000,0.05,0.15000000000000002,acceptable,same_evidence,supported,0.00018489583333332338,0.00991666666666667,0.004083333333333335
final,49,2321461967966123096,32,12000,0.05,0.15000000000000002,acceptable,framework,supported,0.00018489583333332338,0.00991666666666667,0.004083333333333335
final,50,1527449417391943063,32,12000,0.05,0.15000000000000002,acceptable,pooled,supported,0.0005703125000000031,0.008333333333333331,0.0012500000000000011
final,50,1527449417391943063,32,12000,0.05,0.15000000000000002,acceptable,per_feature,supported,0.0005703125000000031,0.008333333333333331,0.0012500000000000011
final,50,1527449417391943063,32,12000,0.05,0.15000000000000002,acceptable,same_evidence,supported,0.0005703125000000031,0.008333333333333331,0.0012500000000000011
final,50,1527449417391943063,32,12000,0.05,0.15000000000000002,acceptable,framework,supported,0.0005703125000000031,0.008333333333333331,0.0012500000000000011
final,51,4570770732742298394,32,12000,0.05,0.15000000000000002,acceptable,pooled,supported,0.0010937499999999906,0.008666666666666656,0.0018333333333333396
final,51,4570770732742298394,32,12000,0.05,0.15000000000000002,acceptable,per_feature,supported,0.0010937499999999906,0.008666666666666656,0.0018333333333333396
final,51,4570770732742298394,32,12000,0.05,0.15000000000000002,acceptable,same_evidence,supported,0.0010937499999999906,0.008666666666666656,0.0018333333333333396
final,51,4570770732742298394,32,12000,0.05,0.15000000000000002,acceptable,framework,supported,0.0010937499999999906,0.008666666666666656,0.0018333333333333396
final,52,790450490401787463,32,12000,0.05,0.15000000000000002,acceptable,pooled,supported,0.0005468750000000022,0.010666666666666672,0.005416666666666667
final,52,790450490401787463,32,12000,0.05,0.15000000000000002,acceptable,per_feature,withheld,0.0005468750000000022,0.010666666666666672,0.005416666666666667
final,52,790450490401787463,32,12000,0.05,0.15000000000000002,acceptable,same_evidence,withheld,0.0005468750000000022,0.010666666666666672,0.005416666666666667
final,52,790450490401787463,32,12000,0.05,0.15000000000000002,acceptable,framework,withheld,0.0005468750000000022,0.010666666666666672,0.005416666666666667
final,53,287979632006793038,32,12000,0.05,0.15000000000000002,acceptable,pooled,supported,0.0002630208333333356,0.015083333333333324,0.0037500000000000033
final,53,287979632006793038,32,12000,0.05,0.15000000000000002,acceptable,per_feature,withheld,0.0002630208333333356,0.015083333333333324,0.0037500000000000033
final,53,287979632006793038,32,12000,0.05,0.15000000000000002,acceptable,same_evidence,withheld,0.0002630208333333356,0.015083333333333324,0.0037500000000000033
final,53,287979632006793038,32,12000,0.05,0.15000000000000002,acceptable,framework,withheld,0.0002630208333333356,0.015083333333333324,0.0037500000000000033
final,54,4173095090310810402,32,12000,0.05,0.15000000000000002,acceptable,pooled,supported,0.0001536458333333407,0.009833333333333333,0.0005000000000000004
final,54,4173095090310810402,32,12000,0.05,0.15000000000000002,acceptable,per_feature,supported,0.0001536458333333407,0.009833333333333333,0.0005000000000000004
final,54,4173095090310810402,32,12000,0.05,0.15000000000000002,acceptable,same_evidence,supported,0.0001536458333333407,0.009833333333333333,0.0005000000000000004
final,54,4173095090310810402,32,12000,0.05,0.15000000000000002,acceptable,framework,supported,0.0001536458333333407,0.009833333333333333,0.0005000000000000004
final,55,2900505979958573167,32,12000,0.05,0.15000000000000002,acceptable,pooled,supported,0.0012968750000000029,0.008416666666666656,0.0002500000000000002
final,55,2900505979958573167,32,12000,0.05,0.15000000000000002,acceptable,per_feature,supported,0.0012968750000000029,0.008416666666666656,0.0002500000000000002
final,55,2900505979958573167,32,12000,0.05,0.15000000000000002,acceptable,same_evidence,supported,0.0012968750000000029,0.008416666666666656,0.0002500000000000002
final,55,2900505979958573167,32,12000,0.05,0.15000000000000002,acceptable,framework,supported,0.0012968750000000029,0.008416666666666656,0.0002500000000000002
final,56,1117490954952470211,32,12000,0.05,0.15000000000000002,acceptable,pooled,supported,0.00023958333333332082,0.006750000000000006,0.006916666666666668
final,56,1117490954952470211,32,12000,0.05,0.15000000000000002,acceptable,per_feature,supported,0.00023958333333332082,0.006750000000000006,0.006916666666666668
final,56,1117490954952470211,32,12000,0.05,0.15000000000000002,acceptable,same_evidence,supported,0.00023958333333332082,0.006750000000000006,0.006916666666666668
final,56,1117490954952470211,32,12000,0.05,0.15000000000000002,acceptable,framework,supported,0.00023958333333332082,0.006750000000000006,0.006916666666666668
final,57,2849854732835431330,32,12000,0.05,0.15000000000000002,acceptable,pooled,supported,0.00017708333333334159,0.008000000000000007,0.0014999999999999944
final,57,2849854732835431330,32,12000,0.05,0.15000000000000002,acceptable,per_feature,supported,0.00017708333333334159,0.008000000000000007,0.0014999999999999944
final,57,2849854732835431330,32,12000,0.05,0.15000000000000002,acceptable,same_evidence,supported,0.00017708333333334159,0.008000000000000007,0.0014999999999999944
final,57,2849854732835431330,32,12000,0.05,0.15000000000000002,acceptable,framework,supported,0.00017708333333334159,0.008000000000000007,0.0014999999999999944
final,58,2555732273001873632,32,12000,0.05,0.15000000000000002,acceptable,pooled,supported,8.072916666668206e-05,0.008833333333333332,0.00041666666666666935
final,58,2555732273001873632,32,12000,0.05,0.15000000000000002,acceptable,per_feature,supported,8.072916666668206e-05,0.008833333333333332,0.00041666666666666935
final,58,2555732273001873632,32,12000,0.05,0.15000000000000002,acceptable,same_evidence,supported,8.072916666668206e-05,0.008833333333333332,0.00041666666666666935
final,58,2555732273001873632,32,12000,0.05,0.15000000000000002,acceptable,framework,supported,8.072916666668206e-05,0.008833333333333332,0.00041666666666666935
final,59,2252968228376242619,32,12000,0.05,0.15000000000000002,acceptable,pooled,supported,0.0004895833333333349,0.010333333333333333,0.0026666666666666644
final,59,2252968228376242619,32,12000,0.05,0.15000000000000002,acceptable,per_feature,withheld,0.0004895833333333349,0.010333333333333333,0.0026666666666666644
final,59,2252968228376242619,32,12000,0.05,0.15000000000000002,acceptable,same_evidence,withheld,0.0004895833333333349,0.010333333333333333,0.0026666666666666644
final,59,2252968228376242619,32,12000,0.05,0.15000000000000002,acceptable,framework,withheld,0.0004895833333333349,0.010333333333333333,0.0026666666666666644
final,60,3183984970808396374,32,12000,0.05,0.15000000000000002,acceptable,pooled,supported,0.000382812499999996,0.007500000000000007,0.0014166666666666633
final,60,3183984970808396374,32,12000,0.05,0.15000000000000002,acceptable,per_feature,supported,0.000382812499999996,0.007500000000000007,0.0014166666666666633
final,60,3183984970808396374,32,12000,0.05,0.15000000000000002,acceptable,same_evidence,supported,0.000382812499999996,0.007500000000000007,0.0014166666666666633
final,60,3183984970808396374,32,12000,0.05,0.15000000000000002,acceptable,framework,supported,0.000382812499999996,0.007500000000000007,0.0014166666666666633
final,61,512980658680243955,32,12000,0.05,0.15000000000000002,acceptable,pooled,supported,0.0002630208333333356,0.00891666666666667,0.0004166666666666624
final,61,512980658680243955,32,12000,0.05,0.15000000000000002,acceptable,per_feature,supported,0.0002630208333333356,0.00891666666666667,0.0004166666666666624
final,61,512980658680243955,32,12000,0.05,0.15000000000000002,acceptable,same_evidence,supported,0.0002630208333333356,0.00891666666666667,0.0004166666666666624
final,61,512980658680243955,32,12000,0.05,0.15000000000000002,acceptable,framework,supported,0.0002630208333333356,0.00891666666666667,0.0004166666666666624
final,62,249821852636325852,32,12000,0.05,0.15000000000000002,acceptable,pooled,supported,0.0007421875000000189,0.009249999999999994,0.0016666666666666635
final,62,249821852636325852,32,12000,0.05,0.15000000000000002,acceptable,per_feature,supported,0.0007421875000000189,0.009249999999999994,0.0016666666666666635
final,62,249821852636325852,32,12000,0.05,0.15000000000000002,acceptable,same_evidence,supported,0.0007421875000000189,0.009249999999999994,0.0016666666666666635
final,62,249821852636325852,32,12000,0.05,0.15000000000000002,acceptable,framework,supported,0.0007421875000000189,0.009249999999999994,0.0016666666666666635
final,63,4018240638015579605,32,12000,0.05,0.15000000000000002,acceptable,pooled,supported,0.0007291666666666557,0.008833333333333332,0.0029999999999999957
final,63,4018240638015579605,32,12000,0.05,0.15000000000000002,acceptable,per_feature,supported,0.0007291666666666557,0.008833333333333332,0.0029999999999999957
final,63,4018240638015579605,32,12000,0.05,0.15000000000000002,acceptable,same_evidence,supported,0.0007291666666666557,0.008833333333333332,0.0029999999999999957
final,63,4018240638015579605,32,12000,0.05,0.15000000000000002,acceptable,framework,supported,0.0007291666666666557,0.008833333333333332,0.0029999999999999957
final,64,2091211842917580471,32,12000,0.05,0.15000000000000002,acceptable,pooled,supported,0.000619791666666647,0.008499999999999994,0.00016666666666666913
final,64,2091211842917580471,32,12000,0.05,0.15000000000000002,acceptable,per_feature,supported,0.000619791666666647,0.008499999999999994,0.00016666666666666913
final,64,2091211842917580471,32,12000,0.05,0.15000000000000002,acceptable,same_evidence,supported,0.000619791666666647,0.008499999999999994,0.00016666666666666913
final,64,2091211842917580471,32,12000,0.05,0.15000000000000002,acceptable,framework,supported,0.000619791666666647,0.008499999999999994,0.00016666666666666913
final,65,3823267835847245258,32,12000,0.05,0.15000000000000002,acceptable,pooled,supported,0.0010000000000000009,0.011583333333333334,0.0024999999999999953
final,65,3823267835847245258,32,12000,0.05,0.15000000000000002,acceptable,per_feature,withheld,0.0010000000000000009,0.011583333333333334,0.0024999999999999953
final,65,3823267835847245258,32,12000,0.05,0.15000000000000002,acceptable,same_evidence,withheld,0.0010000000000000009,0.011583333333333334,0.0024999999999999953
final,65,3823267835847245258,32,12000,0.05,0.15000000000000002,acceptable,framework,withheld,0.0010000000000000009,0.011583333333333334,0.0024999999999999953
final,66,1646119321282237413,32,12000,0.05,0.15000000000000002,acceptable,pooled,supported,3.645833333333626e-05,0.006916666666666668,0.004499999999999997
final,66,1646119321282237413,32,12000,0.05,0.15000000000000002,acceptable,per_feature,supported,3.645833333333626e-05,0.006916666666666668,0.004499999999999997
final,66,1646119321282237413,32,12000,0.05,0.15000000000000002,acceptable,same_evidence,supported,3.645833333333626e-05,0.006916666666666668,0.004499999999999997
final,66,1646119321282237413,32,12000,0.05,0.15000000000000002,acceptable,framework,supported,3.645833333333626e-05,0.006916666666666668,0.004499999999999997
final,67,1131740234618098886,32,12000,0.05,0.15000000000000002,acceptable,pooled,supported,0.0012135416666666649,0.007916666666666669,0.0013333333333333322
final,67,1131740234618098886,32,12000,0.05,0.15000000000000002,acceptable,per_feature,supported,0.0012135416666666649,0.007916666666666669,0.0013333333333333322
final,67,1131740234618098886,32,12000,0.05,0.15000000000000002,acceptable,same_evidence,supported,0.0012135416666666649,0.007916666666666669,0.0013333333333333322
final,67,1131740234618098886,32,12000,0.05,0.15000000000000002,acceptable,framework,supported,0.0012135416666666649,0.007916666666666669,0.0013333333333333322
final,68,2417836105610258637,32,12000,0.05,0.15000000000000002,acceptable,pooled,supported,0.00010937499999999489,0.006333333333333344,0.002416666666666664
final,68,2417836105610258637,32,12000,0.05,0.15000000000000002,acceptable,per_feature,supported,0.00010937499999999489,0.006333333333333344,0.002416666666666664
final,68,2417836105610258637,32,12000,0.05,0.15000000000000002,acceptable,same_evidence,supported,0.00010937499999999489,0.006333333333333344,0.002416666666666664
final,68,2417836105610258637,32,12000,0.05,0.15000000000000002,acceptable,framework,supported,0.00010937499999999489,0.006333333333333344,0.002416666666666664
final,69,1950522900601728244,32,12000,0.05,0.15000000000000002,acceptable,pooled,supported,0.0002135416666666501,0.007833333333333331,8.33333333333311e-05
final,69,1950522900601728244,32,12000,0.05,0.15000000000000002,acceptable,per_feature,supported,0.0002135416666666501,0.007833333333333331,8.33333333333311e-05
final,69,1950522900601728244,32,12000,0.05,0.15000000000000002,acceptable,same_evidence,supported,0.0002135416666666501,0.007833333333333331,8.33333333333311e-05
final,69,1950522900601728244,32,12000,0.05,0.15000000000000002,acceptable,framework,supported,0.0002135416666666501,0.007833333333333331,8.33333333333311e-05
final,70,1425392408232784410,32,12000,0.05,0.15000000000000002,acceptable,pooled,supported,0.0003697916666666745,0.012083333333333321,8.33333333333311e-05
final,70,1425392408232784410,32,12000,0.05,0.15000000000000002,acceptable,per_feature,withheld,0.0003697916666666745,0.012083333333333321,8.33333333333311e-05
final,70,1425392408232784410,32,12000,0.05,0.15000000000000002,acceptable,same_evidence,withheld,0.0003697916666666745,0.012083333333333321,8.33333333333311e-05
final,70,1425392408232784410,32,12000,0.05,0.15000000000000002,acceptable,framework,withheld,0.0003697916666666745,0.012083333333333321,8.33333333333311e-05
final,71,832265936764610031,32,12000,0.05,0.15000000000000002,acceptable,pooled,supported,0.0009687499999999905,0.006500000000000006,0.0020000000000000018
final,71,832265936764610031,32,12000,0.05,0.15000000000000002,acceptable,per_feature,supported,0.0009687499999999905,0.006500000000000006,0.0020000000000000018
final,71,832265936764610031,32,12000,0.05,0.15000000000000002,acceptable,same_evidence,supported,0.0009687499999999905,0.006500000000000006,0.0020000000000000018
final,71,832265936764610031,32,12000,0.05,0.15000000000000002,acceptable,framework,supported,0.0009687499999999905,0.006500000000000006,0.0020000000000000018
final,72,939118472279045497,32,12000,0.05,0.15000000000000002,acceptable,pooled,supported,0.00023697916666666485,0.008250000000000007,0.0009166666666666698
final,72,939118472279045497,32,12000,0.05,0.15000000000000002,acceptable,per_feature,supported,0.00023697916666666485,0.008250000000000007,0.0009166666666666698
final,72,939118472279045497,32,12000,0.05,0.15000000000000002,acceptable,same_evidence,supported,0.00023697916666666485,0.008250000000000007,0.0009166666666666698
final,72,939118472279045497,32,12000,0.05,0.15000000000000002,acceptable,framework,supported,0.00023697916666666485,0.008250000000000007,0.0009166666666666698
final,73,4588032285735587910,32,12000,0.05,0.15000000000000002,acceptable,pooled,supported,0.000830729166666655,0.007166666666666668,0.0005833333333333385
final,73,4588032285735587910,32,12000,0.05,0.15000000000000002,acceptable,per_feature,supported,0.000830729166666655,0.007166666666666668,0.0005833333333333385
final,73,4588032285735587910,32,12000,0.05,0.15000000000000002,acceptable,same_evidence,supported,0.000830729166666655,0.007166666666666668,0.0005833333333333385
final,73,4588032285735587910,32,12000,0.05,0.15000000000000002,acceptable,framework,supported,0.000830729166666655,0.007166666666666668,0.0005833333333333385
final,74,504442797268609545,32,12000,0.05,0.15000000000000002,acceptable,pooled,supported,0.001486979166666652,0.009666666666666657,0.001083333333333332
final,74,504442797268609545,32,12000,0.05,0.15000000000000002,acceptable,per_feature,supported,0.001486979166666652,0.009666666666666657,0.001083333333333332
final,74,504442797268609545,32,12000,0.05,0.15000000000000002,acceptable,same_evidence,supported,0.001486979166666652,0.009666666666666657,0.001083333333333332
final,74,504442797268609545,32,12000,0.05,0.15000000000000002,acceptable,framework,supported,0.001486979166666652,0.009666666666666657,0.001083333333333332
final,75,806093570559591888,32,12000,0.05,0.15000000000000002,acceptable,pooled,supported,0.0006536458333333411,0.006916666666666668,0.0001666666666666622
final,75,806093570559591888,32,12000,0.05,0.15000000000000002,acceptable,per_feature,supported,0.0006536458333333411,0.006916666666666668,0.0001666666666666622
final,75,806093570559591888,32,12000,0.05,0.15000000000000002,acceptable,same_evidence,supported,0.0006536458333333411,0.006916666666666668,0.0001666666666666622
final,75,806093570559591888,32,12000,0.05,0.15000000000000002,acceptable,framework,supported,0.0006536458333333411,0.006916666666666668,0.0001666666666666622
final,76,1353277163938530729,32,12000,0.05,0.15000000000000002,acceptable,pooled,supported,0.0002005208333333286,0.008083333333333331,0.0014166666666666633
final,76,1353277163938530729,32,12000,0.05,0.15000000000000002,acceptable,per_feature,supported,0.0002005208333333286,0.008083333333333331,0.0014166666666666633
final,76,1353277163938530729,32,12000,0.05,0.15000000000000002,acceptable,same_evidence,supported,0.0002005208333333286,0.008083333333333331,0.0014166666666666633
final,76,1353277163938530729,32,12000,0.05,0.15000000000000002,acceptable,framework,supported,0.0002005208333333286,0.008083333333333331,0.0014166666666666633
final,77,58191949223905218,32,12000,0.05,0.15000000000000002,acceptable,pooled,supported,0.00023177083333333903,0.010166666666666671,0.0015000000000000013
final,77,58191949223905218,32,12000,0.05,0.15000000000000002,acceptable,per_feature,withheld,0.00023177083333333903,0.010166666666666671,0.0015000000000000013
final,77,58191949223905218,32,12000,0.05,0.15000000000000002,acceptable,same_evidence,withheld,0.00023177083333333903,0.010166666666666671,0.0015000000000000013
final,77,58191949223905218,32,12000,0.05,0.15000000000000002,acceptable,framework,withheld,0.00023177083333333903,0.010166666666666671,0.0015000000000000013
final,78,188092487590549818,32,12000,0.05,0.15000000000000002,acceptable,pooled,supported,0.000533854166666653,0.007166666666666668,0.0002500000000000002
final,78,188092487590549818,32,12000,0.05,0.15000000000000002,acceptable,per_feature,supported,0.000533854166666653,0.007166666666666668,0.0002500000000000002
final,78,188092487590549818,32,12000,0.05,0.15000000000000002,acceptable,same_evidence,supported,0.000533854166666653,0.007166666666666668,0.0002500000000000002
final,78,188092487590549818,32,12000,0.05,0.15000000000000002,acceptable,framework,supported,0.000533854166666653,0.007166666666666668,0.0002500000000000002
final,79,4162957248807820011,32,12000,0.05,0.15000000000000002,acceptable,pooled,supported,0.0010885416666666647,0.009083333333333332,0.001083333333333339
final,79,4162957248807820011,32,12000,0.05,0.15000000000000002,acceptable,per_feature,supported,0.0010885416666666647,0.009083333333333332,0.001083333333333339
final,79,4162957248807820011,32,12000,0.05,0.15000000000000002,acceptable,same_evidence,supported,0.0010885416666666647,0.009083333333333332,0.001083333333333339
final,79,4162957248807820011,32,12000,0.05,0.15000000000000002,acceptable,framework,supported,0.0010885416666666647,0.009083333333333332,0.001083333333333339
final,80,1258366928185201020,32,12000,0.05,0.15000000000000002,acceptable,pooled,supported,0.0002786458333333408,0.008250000000000007,0.0049999999999999975
final,80,1258366928185201020,32,12000,0.05,0.15000000000000002,acceptable,per_feature,supported,0.0002786458333333408,0.008250000000000007,0.0049999999999999975
final,80,1258366928185201020,32,12000,0.05,0.15000000000000002,acceptable,same_evidence,supported,0.0002786458333333408,0.008250000000000007,0.0049999999999999975
final,80,1258366928185201020,32,12000,0.05,0.15000000000000002,acceptable,framework,supported,0.0002786458333333408,0.008250000000000007,0.0049999999999999975
final,81,2452666451178898579,32,12000,0.05,0.15000000000000002,acceptable,pooled,supported,0.0005000000000000004,0.007666666666666669,0.0002500000000000002
final,81,2452666451178898579,32,12000,0.05,0.15000000000000002,acceptable,per_feature,supported,0.0005000000000000004,0.007666666666666669,0.0002500000000000002
final,81,2452666451178898579,32,12000,0.05,0.15000000000000002,acceptable,same_evidence,supported,0.0005000000000000004,0.007666666666666669,0.0002500000000000002
final,81,2452666451178898579,32,12000,0.05,0.15000000000000002,acceptable,framework,supported,0.0005000000000000004,0.007666666666666669,0.0002500000000000002
final,82,3252836242498018407,32,12000,0.05,0.15000000000000002,acceptable,pooled,supported,0.0005156250000000057,0.007166666666666668,0.00041666666666666935
final,82,3252836242498018407,32,12000,0.05,0.15000000000000002,acceptable,per_feature,supported,0.0005156250000000057,0.007166666666666668,0.00041666666666666935
final,82,3252836242498018407,32,12000,0.05,0.15000000000000002,acceptable,same_evidence,supported,0.0005156250000000057,0.007166666666666668,0.00041666666666666935
final,82,3252836242498018407,32,12000,0.05,0.15000000000000002,acceptable,framework,supported,0.0005156250000000057,0.007166666666666668,0.00041666666666666935
final,83,4263317625377975209,32,12000,0.05,0.15000000000000002,acceptable,pooled,supported,3.124999999999656e-05,0.00683333333333333,0.0009166666666666698
final,83,4263317625377975209,32,12000,0.05,0.15000000000000002,acceptable,per_feature,supported,3.124999999999656e-05,0.00683333333333333,0.0009166666666666698
final,83,4263317625377975209,32,12000,0.05,0.15000000000000002,acceptable,same_evidence,supported,3.124999999999656e-05,0.00683333333333333,0.0009166666666666698
final,83,4263317625377975209,32,12000,0.05,0.15000000000000002,acceptable,framework,supported,3.124999999999656e-05,0.00683333333333333,0.0009166666666666698
final,84,2239188547685587902,32,12000,0.05,0.15000000000000002,acceptable,pooled,supported,0.0006979166666666731,0.009916666666666657,0.00633333333333333
final,84,2239188547685587902,32,12000,0.05,0.15000000000000002,acceptable,per_feature,supported,0.0006979166666666731,0.009916666666666657,0.00633333333333333
final,84,2239188547685587902,32,12000,0.05,0.15000000000000002,acceptable,same_evidence,supported,0.0006979166666666731,0.009916666666666657,0.00633333333333333
final,84,2239188547685587902,32,12000,0.05,0.15000000000000002,acceptable,framework,supported,0.0006979166666666731,0.009916666666666657,0.00633333333333333
final,85,3003834747330499496,32,12000,0.05,0.15000000000000002,acceptable,pooled,supported,0.00018489583333333726,0.007583333333333345,0.00016666666666666913
final,85,3003834747330499496,32,12000,0.05,0.15000000000000002,acceptable,per_feature,supported,0.00018489583333333726,0.007583333333333345,0.00016666666666666913
final,85,3003834747330499496,32,12000,0.05,0.15000000000000002,acceptable,same_evidence,supported,0.00018489583333333726,0.007583333333333345,0.00016666666666666913
final,85,3003834747330499496,32,12000,0.05,0.15000000000000002,acceptable,framework,supported,0.00018489583333333726,0.007583333333333345,0.00016666666666666913
final,86,4033816036789979163,32,12000,0.05,0.15000000000000002,acceptable,pooled,supported,0.0015755208333333298,0.00866666666666667,0.0018333333333333396
final,86,4033816036789979163,32,12000,0.05,0.15000000000000002,acceptable,per_feature,supported,0.0015755208333333298,0.00866666666666667,0.0018333333333333396
final,86,4033816036789979163,32,12000,0.05,0.15000000000000002,acceptable,same_evidence,supported,0.0015755208333333298,0.00866666666666667,0.0018333333333333396
final,86,4033816036789979163,32,12000,0.05,0.15000000000000002,acceptable,framework,supported,0.0015755208333333298,0.00866666666666667,0.0018333333333333396
final,87,2668183168085742481,32,12000,0.05,0.15000000000000002,acceptable,pooled,supported,0.0005260416666666712,0.008250000000000007,0.0028333333333333335
final,87,2668183168085742481,32,12000,0.05,0.15000000000000002,acceptable,per_feature,supported,0.0005260416666666712,0.008250000000000007,0.0028333333333333335
final,87,2668183168085742481,32,12000,0.05,0.15000000000000002,acceptable,same_evidence,supported,0.0005260416666666712,0.008250000000000007,0.0028333333333333335
final,87,2668183168085742481,32,12000,0.05,0.15000000000000002,acceptable,framework,supported,0.0005260416666666712,0.008250000000000007,0.0028333333333333335
final,88,1633158891660309557,32,12000,0.05,0.15000000000000002,acceptable,pooled,supported,0.0012239583333333304,0.01341666666666666,0.0008333333333333387
final,88,1633158891660309557,32,12000,0.05,0.15000000000000002,acceptable,per_feature,withheld,0.0012239583333333304,0.01341666666666666,0.0008333333333333387
final,88,1633158891660309557,32,12000,0.05,0.15000000000000002,acceptable,same_evidence,withheld,0.0012239583333333304,0.01341666666666666,0.0008333333333333387
final,88,1633158891660309557,32,12000,0.05,0.15000000000000002,acceptable,framework,withheld,0.0012239583333333304,0.01341666666666666,0.0008333333333333387
final,89,3638030658321120690,32,12000,0.05,0.15000000000000002,acceptable,pooled,supported,0.00033333333333333826,0.007416666666666669,0.0012500000000000011
final,89,3638030658321120690,32,12000,0.05,0.15000000000000002,acceptable,per_feature,supported,0.00033333333333333826,0.007416666666666669,0.0012500000000000011
final,89,3638030658321120690,32,12000,0.05,0.15000000000000002,acceptable,same_evidence,supported,0.00033333333333333826,0.007416666666666669,0.0012500000000000011
final,89,3638030658321120690,32,12000,0.05,0.15000000000000002,acceptable,framework,supported,0.00033333333333333826,0.007416666666666669,0.0012500000000000011
final,90,3519069720737883010,32,12000,0.05,0.15000000000000002,acceptable,pooled,supported,2.6041666666670737e-05,0.009500000000000008,0.005999999999999998
final,90,3519069720737883010,32,12000,0.05,0.15000000000000002,acceptable,per_feature,supported,2.6041666666670737e-05,0.009500000000000008,0.005999999999999998
final,90,3519069720737883010,32,12000,0.05,0.15000000000000002,acceptable,same_evidence,supported,2.6041666666670737e-05,0.009500000000000008,0.005999999999999998
final,90,3519069720737883010,32,12000,0.05,0.15000000000000002,acceptable,framework,supported,2.6041666666670737e-05,0.009500000000000008,0.005999999999999998
final,91,3024174454013543853,32,12000,0.05,0.15000000000000002,acceptable,pooled,supported,0.0002526041666666562,0.010416666666666671,0.0014166666666666633
final,91,3024174454013543853,32,12000,0.05,0.15000000000000002,acceptable,per_feature,withheld,0.0002526041666666562,0.010416666666666671,0.0014166666666666633
final,91,3024174454013543853,32,12000,0.05,0.15000000000000002,acceptable,same_evidence,withheld,0.0002526041666666562,0.010416666666666671,0.0014166666666666633
final,91,3024174454013543853,32,12000,0.05,0.15000000000000002,acceptable,framework,withheld,0.0002526041666666562,0.010416666666666671,0.0014166666666666633
final,92,4445486901330037180,32,12000,0.05,0.15000000000000002,acceptable,pooled,supported,0.00020312499999999845,0.007583333333333331,0.00041666666666666935
final,92,4445486901330037180,32,12000,0.05,0.15000000000000002,acceptable,per_feature,supported,0.00020312499999999845,0.007583333333333331,0.00041666666666666935
final,92,4445486901330037180,32,12000,0.05,0.15000000000000002,acceptable,same_evidence,supported,0.00020312499999999845,0.007583333333333331,0.00041666666666666935
final,92,4445486901330037180,32,12000,0.05,0.15000000000000002,acceptable,framework,supported,0.00020312499999999845,0.007583333333333331,0.00041666666666666935
final,93,1723492225497998656,32,12000,0.05,0.15000000000000002,acceptable,pooled,supported,0.0006067708333333255,0.00991666666666667,0.00116666666666667
final,93,1723492225497998656,32,12000,0.05,0.15000000000000002,acceptable,per_feature,supported,0.0006067708333333255,0.00991666666666667,0.00116666666666667
final,93,1723492225497998656,32,12000,0.05,0.15000000000000002,acceptable,same_evidence,supported,0.0006067708333333255,0.00991666666666667,0.00116666666666667
final,93,1723492225497998656,32,12000,0.05,0.15000000000000002,acceptable,framework,supported,0.0006067708333333255,0.00991666666666667,0.00116666666666667
final,94,870365457830239833,32,12000,0.05,0.15000000000000002,acceptable,pooled,supported,0.0013229166666666597,0.008499999999999994,0.0013333333333333391
final,94,870365457830239833,32,12000,0.05,0.15000000000000002,acceptable,per_feature,supported,0.0013229166666666597,0.008499999999999994,0.0013333333333333391
final,94,870365457830239833,32,12000,0.05,0.15000000000000002,acceptable,same_evidence,supported,0.0013229166666666597,0.008499999999999994,0.0013333333333333391
final,94,870365457830239833,32,12000,0.05,0.15000000000000002,acceptable,framework,supported,0.0013229166666666597,0.008499999999999994,0.0013333333333333391
final,95,2465751311179795475,32,12000,0.05,0.15000000000000002,acceptable,pooled,supported,0.0008515624999999999,0.00708333333333333,0.003499999999999996
final,95,2465751311179795475,32,12000,0.05,0.15000000000000002,acceptable,per_feature,supported,0.0008515624999999999,0.00708333333333333,0.003499999999999996
final,95,2465751311179795475,32,12000,0.05,0.15000000000000002,acceptable,same_evidence,supported,0.0008515624999999999,0.00708333333333333,0.003499999999999996
final,95,2465751311179795475,32,12000,0.05,0.15000000000000002,acceptable,framework,supported,0.0008515624999999999,0.00708333333333333,0.003499999999999996
final,96,2132388986618419888,32,12000,0.05,0.15000000000000002,acceptable,pooled,supported,0.001802083333333343,0.009666666666666657,0.0035833333333333273
final,96,2132388986618419888,32,12000,0.05,0.15000000000000002,acceptable,per_feature,supported,0.001802083333333343,0.009666666666666657,0.0035833333333333273
final,96,2132388986618419888,32,12000,0.05,0.15000000000000002,acceptable,same_evidence,supported,0.001802083333333343,0.009666666666666657,0.0035833333333333273
final,96,2132388986618419888,32,12000,0.05,0.15000000000000002,acceptable,framework,supported,0.001802083333333343,0.009666666666666657,0.0035833333333333273
final,97,1524208802001127462,32,12000,0.05,0.15000000000000002,acceptable,pooled,supported,0.00031770833333333304,0.009249999999999994,0.00041666666666666935
final,97,1524208802001127462,32,12000,0.05,0.15000000000000002,acceptable,per_feature,supported,0.00031770833333333304,0.009249999999999994,0.00041666666666666935
final,97,1524208802001127462,32,12000,0.05,0.15000000000000002,acceptable,same_evidence,supported,0.00031770833333333304,0.009249999999999994,0.00041666666666666935
final,97,1524208802001127462,32,12000,0.05,0.15000000000000002,acceptable,framework,supported,0.00031770833333333304,0.009249999999999994,0.00041666666666666935
final,98,1846949904539242501,32,12000,0.05,0.15000000000000002,acceptable,pooled,supported,0.0010677083333333476,0.010333333333333333,0.002416666666666664
final,98,1846949904539242501,32,12000,0.05,0.15000000000000002,acceptable,per_feature,withheld,0.0010677083333333476,0.010333333333333333,0.002416666666666664
final,98,1846949904539242501,32,12000,0.05,0.15000000000000002,acceptable,same_evidence,withheld,0.0010677083333333476,0.010333333333333333,0.002416666666666664
final,98,1846949904539242501,32,12000,0.05,0.15000000000000002,acceptable,framework,withheld,0.0010677083333333476,0.010333333333333333,0.002416666666666664
final,99,4292034026081524338,32,12000,0.05,0.15000000000000002,acceptable,pooled,supported,0.00028906250000000633,0.007000000000000006,0.0014166666666666633
final,99,4292034026081524338,32,12000,0.05,0.15000000000000002,acceptable,per_feature,supported,0.00028906250000000633,0.007000000000000006,0.0014166666666666633
final,99,4292034026081524338,32,12000,0.05,0.15000000000000002,acceptable,same_evidence,supported,0.00028906250000000633,0.007000000000000006,0.0014166666666666633
final,99,4292034026081524338,32,12000,0.05,0.15000000000000002,acceptable,framework,supported,0.00028906250000000633,0.007000000000000006,0.0014166666666666633
final,0,1122638947028944813,32,12000,0.045,0.15500000000000003,acceptable,pooled,supported,0.0007083333333333386,0.011083333333333334,0.006249999999999999
final,0,1122638947028944813,32,12000,0.045,0.15500000000000003,acceptable,per_feature,withheld,0.0007083333333333386,0.011083333333333334,0.006249999999999999
final,0,1122638947028944813,32,12000,0.045,0.15500000000000003,acceptable,same_evidence,withheld,0.0007083333333333386,0.011083333333333334,0.006249999999999999
final,0,1122638947028944813,32,12000,0.045,0.15500000000000003,acceptable,framework,withheld,0.0007083333333333386,0.011083333333333334,0.006249999999999999
final,1,3100174324369161815,32,12000,0.045,0.15500000000000003,acceptable,pooled,supported,0.0007057291666666687,0.013999999999999999,0.007166666666666668
final,1,3100174324369161815,32,12000,0.045,0.15500000000000003,acceptable,per_feature,withheld,0.0007057291666666687,0.013999999999999999,0.007166666666666668
final,1,3100174324369161815,32,12000,0.045,0.15500000000000003,acceptable,same_evidence,withheld,0.0007057291666666687,0.013999999999999999,0.007166666666666668
final,1,3100174324369161815,32,12000,0.045,0.15500000000000003,acceptable,framework,withheld,0.0007057291666666687,0.013999999999999999,0.007166666666666668
final,2,3108419516637321131,32,12000,0.045,0.15500000000000003,acceptable,pooled,supported,0.00020312499999998457,0.012166666666666659,0.004583333333333335
final,2,3108419516637321131,32,12000,0.045,0.15500000000000003,acceptable,per_feature,withheld,0.00020312499999998457,0.012166666666666659,0.004583333333333335
final,2,3108419516637321131,32,12000,0.045,0.15500000000000003,acceptable,same_evidence,withheld,0.00020312499999998457,0.012166666666666659,0.004583333333333335
final,2,3108419516637321131,32,12000,0.045,0.15500000000000003,acceptable,framework,withheld,0.00020312499999998457,0.012166666666666659,0.004583333333333335
final,3,3528602601660029717,32,12000,0.045,0.15500000000000003,acceptable,pooled,supported,4.68749999999879e-05,0.010166666666666671,0.008166666666666662
final,3,3528602601660029717,32,12000,0.045,0.15500000000000003,acceptable,per_feature,withheld,4.68749999999879e-05,0.010166666666666671,0.008166666666666662
final,3,3528602601660029717,32,12000,0.045,0.15500000000000003,acceptable,same_evidence,withheld,4.68749999999879e-05,0.010166666666666671,0.008166666666666662
final,3,3528602601660029717,32,12000,0.045,0.15500000000000003,acceptable,framework,withheld,4.68749999999879e-05,0.010166666666666671,0.008166666666666662
final,4,1319540933126624776,32,12000,0.045,0.15500000000000003,acceptable,pooled,supported,7.812499999981792e-06,0.008250000000000007,0.004749999999999997
final,4,1319540933126624776,32,12000,0.045,0.15500000000000003,acceptable,per_feature,supported,7.812499999981792e-06,0.008250000000000007,0.004749999999999997
final,4,1319540933126624776,32,12000,0.045,0.15500000000000003,acceptable,same_evidence,supported,7.812499999981792e-06,0.008250000000000007,0.004749999999999997
final,4,1319540933126624776,32,12000,0.045,0.15500000000000003,acceptable,framework,supported,7.812499999981792e-06,0.008250000000000007,0.004749999999999997
final,5,1577562596614087284,32,12000,0.045,0.15500000000000003,acceptable,pooled,supported,0.00021874999999998979,0.009500000000000008,0.0030833333333333338
final,5,1577562596614087284,32,12000,0.045,0.15500000000000003,acceptable,per_feature,supported,0.00021874999999998979,0.009500000000000008,0.0030833333333333338
final,5,1577562596614087284,32,12000,0.045,0.15500000000000003,acceptable,same_evidence,supported,0.00021874999999998979,0.009500000000000008,0.0030833333333333338
final,5,1577562596614087284,32,12000,0.045,0.15500000000000003,acceptable,framework,supported,0.00021874999999998979,0.009500000000000008,0.0030833333333333338
final,6,4588303057903563352,32,12000,0.045,0.15500000000000003,acceptable,pooled,supported,0.0013281249999999994,0.011083333333333334,0.003416666666666672
final,6,4588303057903563352,32,12000,0.045,0.15500000000000003,acceptable,per_feature,withheld,0.0013281249999999994,0.011083333333333334,0.003416666666666672
final,6,4588303057903563352,32,12000,0.045,0.15500000000000003,acceptable,same_evidence,withheld,0.0013281249999999994,0.011083333333333334,0.003416666666666672
final,6,4588303057903563352,32,12000,0.045,0.15500000000000003,acceptable,framework,withheld,0.0013281249999999994,0.011083333333333334,0.003416666666666672
final,7,1941571203389075147,32,12000,0.045,0.15500000000000003,acceptable,pooled,supported,0.00047135416666667374,0.00816666666666667,0.004916666666666666
final,7,1941571203389075147,32,12000,0.045,0.15500000000000003,acceptable,per_feature,supported,0.00047135416666667374,0.00816666666666667,0.004916666666666666
final,7,1941571203389075147,32,12000,0.045,0.15500000000000003,acceptable,same_evidence,supported,0.00047135416666667374,0.00816666666666667,0.004916666666666666
final,7,1941571203389075147,32,12000,0.045,0.15500000000000003,acceptable,framework,supported,0.00047135416666667374,0.00816666666666667,0.004916666666666666
final,8,3237357624924450545,32,12000,0.045,0.15500000000000003,acceptable,pooled,supported,0.00011458333333330684,0.008749999999999994,0.002416666666666671
final,8,3237357624924450545,32,12000,0.045,0.15500000000000003,acceptable,per_feature,supported,0.00011458333333330684,0.008749999999999994,0.002416666666666671
final,8,3237357624924450545,32,12000,0.045,0.15500000000000003,acceptable,same_evidence,supported,0.00011458333333330684,0.008749999999999994,0.002416666666666671
final,8,3237357624924450545,32,12000,0.045,0.15500000000000003,acceptable,framework,supported,0.00011458333333330684,0.008749999999999994,0.002416666666666671
final,9,1936890387007531411,32,12000,0.045,0.15500000000000003,acceptable,pooled,supported,0.0010885416666666786,0.007916666666666669,0.007916666666666662
final,9,1936890387007531411,32,12000,0.045,0.15500000000000003,acceptable,per_feature,supported,0.0010885416666666786,0.007916666666666669,0.007916666666666662
final,9,1936890387007531411,32,12000,0.045,0.15500000000000003,acceptable,same_evidence,supported,0.0010885416666666786,0.007916666666666669,0.007916666666666662
final,9,1936890387007531411,32,12000,0.045,0.15500000000000003,acceptable,framework,supported,0.0010885416666666786,0.007916666666666669,0.007916666666666662
final,10,3429316624800301271,32,12000,0.045,0.15500000000000003,acceptable,pooled,supported,0.00024739583333333037,0.008833333333333332,0.005583333333333336
final,10,3429316624800301271,32,12000,0.045,0.15500000000000003,acceptable,per_feature,supported,0.00024739583333333037,0.008833333333333332,0.005583333333333336
final,10,3429316624800301271,32,12000,0.045,0.15500000000000003,acceptable,same_evidence,supported,0.00024739583333333037,0.008833333333333332,0.005583333333333336
final,10,3429316624800301271,32,12000,0.045,0.15500000000000003,acceptable,framework,supported,0.00024739583333333037,0.008833333333333332,0.005583333333333336
final,11,2039906785070169613,32,12000,0.045,0.15500000000000003,acceptable,pooled,supported,0.0004557291666666685,0.00966666666666667,0.006666666666666668
final,11,2039906785070169613,32,12000,0.045,0.15500000000000003,acceptable,per_feature,supported,0.0004557291666666685,0.00966666666666667,0.006666666666666668
final,11,2039906785070169613,32,12000,0.045,0.15500000000000003,acceptable,same_evidence,supported,0.0004557291666666685,0.00966666666666667,0.006666666666666668
final,11,2039906785070169613,32,12000,0.045,0.15500000000000003,acceptable,framework,supported,0.0004557291666666685,0.00966666666666667,0.006666666666666668
final,12,248802285592911770,32,12000,0.045,0.15500000000000003,acceptable,pooled,supported,0.0006510416666666852,0.0072499999999999926,0.010749999999999996
final,12,248802285592911770,32,12000,0.045,0.15500000000000003,acceptable,per_feature,supported,0.0006510416666666852,0.0072499999999999926,0.010749999999999996
final,12,248802285592911770,32,12000,0.045,0.15500000000000003,acceptable,same_evidence,withheld,0.0006510416666666852,0.0072499999999999926,0.010749999999999996
final,12,248802285592911770,32,12000,0.045,0.15500000000000003,acceptable,framework,withheld,0.0006510416666666852,0.0072499999999999926,0.010749999999999996
final,13,1483777720920022331,32,12000,0.045,0.15500000000000003,acceptable,pooled,supported,0.0009218750000000026,0.011583333333333334,0.006749999999999999
final,13,1483777720920022331,32,12000,0.045,0.15500000000000003,acceptable,per_feature,withheld,0.0009218750000000026,0.011583333333333334,0.006749999999999999
final,13,1483777720920022331,32,12000,0.045,0.15500000000000003,acceptable,same_evidence,withheld,0.0009218750000000026,0.011583333333333334,0.006749999999999999
final,13,1483777720920022331,32,12000,0.045,0.15500000000000003,acceptable,framework,withheld,0.0009218750000000026,0.011583333333333334,0.006749999999999999
final,14,909200737697118618,32,12000,0.045,0.15500000000000003,acceptable,pooled,supported,5.989583333332327e-05,0.006416666666666668,0.0061666666666666675
final,14,909200737697118618,32,12000,0.045,0.15500000000000003,acceptable,per_feature,supported,5.989583333332327e-05,0.006416666666666668,0.0061666666666666675
final,14,909200737697118618,32,12000,0.045,0.15500000000000003,acceptable,same_evidence,supported,5.989583333332327e-05,0.006416666666666668,0.0061666666666666675
final,14,909200737697118618,32,12000,0.045,0.15500000000000003,acceptable,framework,supported,5.989583333332327e-05,0.006416666666666668,0.0061666666666666675
final,15,2678865895756725501,32,12000,0.045,0.15500000000000003,acceptable,pooled,supported,2.604166666665686e-05,0.010583333333333333,0.009833333333333333
final,15,2678865895756725501,32,12000,0.045,0.15500000000000003,acceptable,per_feature,withheld,2.604166666665686e-05,0.010583333333333333,0.009833333333333333
final,15,2678865895756725501,32,12000,0.045,0.15500000000000003,acceptable,same_evidence,withheld,2.604166666665686e-05,0.010583333333333333,0.009833333333333333
final,15,2678865895756725501,32,12000,0.045,0.15500000000000003,acceptable,framework,withheld,2.604166666665686e-05,0.010583333333333333,0.009833333333333333
final,16,3047589803611891418,32,12000,0.045,0.15500000000000003,acceptable,pooled,supported,0.00018749999999999323,0.010666666666666672,0.0028333333333333335
final,16,3047589803611891418,32,12000,0.045,0.15500000000000003,acceptable,per_feature,withheld,0.00018749999999999323,0.010666666666666672,0.0028333333333333335
final,16,3047589803611891418,32,12000,0.045,0.15500000000000003,acceptable,same_evidence,withheld,0.00018749999999999323,0.010666666666666672,0.0028333333333333335
final,16,3047589803611891418,32,12000,0.045,0.15500000000000003,acceptable,framework,withheld,0.00018749999999999323,0.010666666666666672,0.0028333333333333335
final,17,2594736278993229304,32,12000,0.045,0.15500000000000003,acceptable,pooled,supported,1.041666666666552e-05,0.007749999999999993,0.004333333333333328
final,17,2594736278993229304,32,12000,0.045,0.15500000000000003,acceptable,per_feature,supported,1.041666666666552e-05,0.007749999999999993,0.004333333333333328
final,17,2594736278993229304,32,12000,0.045,0.15500000000000003,acceptable,same_evidence,supported,1.041666666666552e-05,0.007749999999999993,0.004333333333333328
final,17,2594736278993229304,32,12000,0.045,0.15500000000000003,acceptable,framework,supported,1.041666666666552e-05,0.007749999999999993,0.004333333333333328
final,18,3590946166726043351,32,12000,0.045,0.15500000000000003,acceptable,pooled,supported,0.0004973958333333445,0.008083333333333331,0.0014166666666666633
final,18,3590946166726043351,32,12000,0.045,0.15500000000000003,acceptable,per_feature,supported,0.0004973958333333445,0.008083333333333331,0.0014166666666666633
final,18,3590946166726043351,32,12000,0.045,0.15500000000000003,acceptable,same_evidence,supported,0.0004973958333333445,0.008083333333333331,0.0014166666666666633
final,18,3590946166726043351,32,12000,0.045,0.15500000000000003,acceptable,framework,supported,0.0004973958333333445,0.008083333333333331,0.0014166666666666633
final,19,4046884019372211301,32,12000,0.045,0.15500000000000003,acceptable,pooled,supported,0.00010937500000000877,0.007999999999999993,0.007666666666666669
final,19,4046884019372211301,32,12000,0.045,0.15500000000000003,acceptable,per_feature,supported,0.00010937500000000877,0.007999999999999993,0.007666666666666669
final,19,4046884019372211301,32,12000,0.045,0.15500000000000003,acceptable,same_evidence,supported,0.00010937500000000877,0.007999999999999993,0.007666666666666669
final,19,4046884019372211301,32,12000,0.045,0.15500000000000003,acceptable,framework,supported,0.00010937500000000877,0.007999999999999993,0.007666666666666669
final,20,4366643423029530456,32,12000,0.045,0.15500000000000003,acceptable,pooled,supported,0.0006015625000000135,0.006416666666666668,0.002166666666666664
final,20,4366643423029530456,32,12000,0.045,0.15500000000000003,acceptable,per_feature,supported,0.0006015625000000135,0.006416666666666668,0.002166666666666664
final,20,4366643423029530456,32,12000,0.045,0.15500000000000003,acceptable,same_evidence,supported,0.0006015625000000135,0.006416666666666668,0.002166666666666664
final,20,4366643423029530456,32,12000,0.045,0.15500000000000003,acceptable,framework,supported,0.0006015625000000135,0.006416666666666668,0.002166666666666664
final,21,1037004819610323651,32,12000,0.045,0.15500000000000003,acceptable,pooled,supported,0.0006822916666666679,0.007083333333333344,0.007916666666666662
final,21,1037004819610323651,32,12000,0.045,0.15500000000000003,acceptable,per_feature,supported,0.0006822916666666679,0.007083333333333344,0.007916666666666662
final,21,1037004819610323651,32,12000,0.045,0.15500000000000003,acceptable,same_evidence,supported,0.0006822916666666679,0.007083333333333344,0.007916666666666662
final,21,1037004819610323651,32,12000,0.045,0.15500000000000003,acceptable,framework,supported,0.0006822916666666679,0.007083333333333344,0.007916666666666662
final,22,3793159129369489126,32,12000,0.045,0.15500000000000003,acceptable,pooled,supported,0.0014973958333333454,0.012249999999999997,0.006749999999999999
final,22,3793159129369489126,32,12000,0.045,0.15500000000000003,acceptable,per_feature,withheld,0.0014973958333333454,0.012249999999999997,0.006749999999999999
final,22,3793159129369489126,32,12000,0.045,0.15500000000000003,acceptable,same_evidence,withheld,0.0014973958333333454,0.012249999999999997,0.006749999999999999
final,22,3793159129369489126,32,12000,0.045,0.15500000000000003,acceptable,framework,withheld,0.0014973958333333454,0.012249999999999997,0.006749999999999999
final,23,3181123367989700148,32,12000,0.045,0.15500000000000003,acceptable,pooled,supported,0.0005182291666666755,0.007833333333333345,0.006749999999999999
final,23,3181123367989700148,32,12000,0.045,0.15500000000000003,acceptable,per_feature,supported,0.0005182291666666755,0.007833333333333345,0.006749999999999999
final,23,3181123367989700148,32,12000,0.045,0.15500000000000003,acceptable,same_evidence,supported,0.0005182291666666755,0.007833333333333345,0.006749999999999999
final,23,3181123367989700148,32,12000,0.045,0.15500000000000003,acceptable,framework,supported,0.0005182291666666755,0.007833333333333345,0.006749999999999999
final,24,946157164798565367,32,12000,0.045,0.15500000000000003,acceptable,pooled,supported,0.00044270833333333315,0.008499999999999994,0.006916666666666668
final,24,946157164798565367,32,12000,0.045,0.15500000000000003,acceptable,per_feature,supported,0.00044270833333333315,0.008499999999999994,0.006916666666666668
final,24,946157164798565367,32,12000,0.045,0.15500000000000003,acceptable,same_evidence,supported,0.00044270833333333315,0.008499999999999994,0.006916666666666668
final,24,946157164798565367,32,12000,0.045,0.15500000000000003,acceptable,framework,supported,0.00044270833333333315,0.008499999999999994,0.006916666666666668
final,25,192559957246681516,32,12000,0.045,0.15500000000000003,acceptable,pooled,supported,0.000572916666666673,0.00966666666666667,0.0030833333333333338
final,25,192559957246681516,32,12000,0.045,0.15500000000000003,acceptable,per_feature,supported,0.000572916666666673,0.00966666666666667,0.0030833333333333338
final,25,192559957246681516,32,12000,0.045,0.15500000000000003,acceptable,same_evidence,supported,0.000572916666666673,0.00966666666666667,0.0030833333333333338
final,25,192559957246681516,32,12000,0.045,0.15500000000000003,acceptable,framework,supported,0.000572916666666673,0.00966666666666667,0.0030833333333333338
final,26,2656702694309268966,32,12000,0.045,0.15500000000000003,acceptable,pooled,supported,0.0007630208333333222,0.008083333333333331,0.007166666666666668
final,26,2656702694309268966,32,12000,0.045,0.15500000000000003,acceptable,per_feature,supported,0.0007630208333333222,0.008083333333333331,0.007166666666666668
final,26,2656702694309268966,32,12000,0.045,0.15500000000000003,acceptable,same_evidence,supported,0.0007630208333333222,0.008083333333333331,0.007166666666666668
final,26,2656702694309268966,32,12000,0.045,0.15500000000000003,acceptable,framework,supported,0.0007630208333333222,0.008083333333333331,0.007166666666666668
final,27,3352554727466669998,32,12000,0.045,0.15500000000000003,acceptable,pooled,supported,0.00011718749999999056,0.010000000000000009,0.0008333333333333387
final,27,3352554727466669998,32,12000,0.045,0.15500000000000003,acceptable,per_feature,withheld,0.00011718749999999056,0.010000000000000009,0.0008333333333333387
final,27,3352554727466669998,32,12000,0.045,0.15500000000000003,acceptable,same_evidence,withheld,0.00011718749999999056,0.010000000000000009,0.0008333333333333387
final,27,3352554727466669998,32,12000,0.045,0.15500000000000003,acceptable,framework,withheld,0.00011718749999999056,0.010000000000000009,0.0008333333333333387
final,28,2328185490379360444,32,12000,0.045,0.15500000000000003,acceptable,pooled,supported,0.0008255208333333292,0.00891666666666667,0.0008333333333333318
final,28,2328185490379360444,32,12000,0.045,0.15500000000000003,acceptable,per_feature,supported,0.0008255208333333292,0.00891666666666667,0.0008333333333333318
final,28,2328185490379360444,32,12000,0.045,0.15500000000000003,acceptable,same_evidence,supported,0.0008255208333333292,0.00891666666666667,0.0008333333333333318
final,28,2328185490379360444,32,12000,0.045,0.15500000000000003,acceptable,framework,supported,0.0008255208333333292,0.00891666666666667,0.0008333333333333318
final,29,765498185391286303,32,12000,0.045,0.15500000000000003,acceptable,pooled,supported,0.00040364583333332704,0.008916666666666656,0.005916666666666667
final,29,765498185391286303,32,12000,0.045,0.15500000000000003,acceptable,per_feature,supported,0.00040364583333332704,0.008916666666666656,0.005916666666666667
final,29,765498185391286303,32,12000,0.045,0.15500000000000003,acceptable,same_evidence,supported,0.00040364583333332704,0.008916666666666656,0.005916666666666667
final,29,765498185391286303,32,12000,0.045,0.15500000000000003,acceptable,framework,supported,0.00040364583333332704,0.008916666666666656,0.005916666666666667
final,30,2578375194675332988,32,12000,0.045,0.15500000000000003,acceptable,pooled,supported,0.0009479166666666733,0.00991666666666667,0.006749999999999999
final,30,2578375194675332988,32,12000,0.045,0.15500000000000003,acceptable,per_feature,supported,0.0009479166666666733,0.00991666666666667,0.006749999999999999
final,30,2578375194675332988,32,12000,0.045,0.15500000000000003,acceptable,same_evidence,supported,0.0009479166666666733,0.00991666666666667,0.006749999999999999
final,30,2578375194675332988,32,12000,0.045,0.15500000000000003,acceptable,framework,supported,0.0009479166666666733,0.00991666666666667,0.006749999999999999
final,31,3247978544137312269,32,12000,0.045,0.15500000000000003,acceptable,pooled,supported,0.0012057291666666692,0.007333333333333331,0.005750000000000005
final,31,3247978544137312269,32,12000,0.045,0.15500000000000003,acceptable,per_feature,supported,0.0012057291666666692,0.007333333333333331,0.005750000000000005
final,31,3247978544137312269,32,12000,0.045,0.15500000000000003,acceptable,same_evidence,supported,0.0012057291666666692,0.007333333333333331,0.005750000000000005
final,31,3247978544137312269,32,12000,0.045,0.15500000000000003,acceptable,framework,supported,0.0012057291666666692,0.007333333333333331,0.005750000000000005
final,32,3419746248162698201,32,12000,0.045,0.15500000000000003,acceptable,pooled,supported,0.0003750000000000142,0.009750000000000009,0.011333333333333334
final,32,3419746248162698201,32,12000,0.045,0.15500000000000003,acceptable,per_feature,supported,0.0003750000000000142,0.009750000000000009,0.011333333333333334
final,32,3419746248162698201,32,12000,0.045,0.15500000000000003,acceptable,same_evidence,withheld,0.0003750000000000142,0.009750000000000009,0.011333333333333334
final,32,3419746248162698201,32,12000,0.045,0.15500000000000003,acceptable,framework,withheld,0.0003750000000000142,0.009750000000000009,0.011333333333333334
final,33,2814092527670319414,32,12000,0.045,0.15500000000000003,acceptable,pooled,supported,0.0012213541666666744,0.006083333333333343,0.007166666666666668
final,33,2814092527670319414,32,12000,0.045,0.15500000000000003,acceptable,per_feature,supported,0.0012213541666666744,0.006083333333333343,0.007166666666666668
final,33,2814092527670319414,32,12000,0.045,0.15500000000000003,acceptable,same_evidence,supported,0.0012213541666666744,0.006083333333333343,0.007166666666666668
final,33,2814092527670319414,32,12000,0.045,0.15500000000000003,acceptable,framework,supported,0.0012213541666666744,0.006083333333333343,0.007166666666666668
final,34,446805221171555931,32,12000,0.045,0.15500000000000003,acceptable,pooled,supported,0.0001718750000000019,0.008000000000000007,0.006833333333333337
final,34,446805221171555931,32,12000,0.045,0.15500000000000003,acceptable,per_feature,supported,0.0001718750000000019,0.008000000000000007,0.006833333333333337
final,34,446805221171555931,32,12000,0.045,0.15500000000000003,acceptable,same_evidence,supported,0.0001718750000000019,0.008000000000000007,0.006833333333333337
final,34,446805221171555931,32,12000,0.045,0.15500000000000003,acceptable,framework,supported,0.0001718750000000019,0.008000000000000007,0.006833333333333337
final,35,134655533514217744,32,12000,0.045,0.15500000000000003,acceptable,pooled,supported,0.00038020833333332615,0.010416666666666671,0.003333333333333334
final,35,134655533514217744,32,12000,0.045,0.15500000000000003,acceptable,per_feature,withheld,0.00038020833333332615,0.010416666666666671,0.003333333333333334
final,35,134655533514217744,32,12000,0.045,0.15500000000000003,acceptable,same_evidence,withheld,0.00038020833333332615,0.010416666666666671,0.003333333333333334
final,35,134655533514217744,32,12000,0.045,0.15500000000000003,acceptable,framework,withheld,0.00038020833333332615,0.010416666666666671,0.003333333333333334
final,36,401387384252604136,32,12000,0.045,0.15500000000000003,acceptable,pooled,supported,0.0011640624999999932,0.009666666666666657,0.008583333333333332
final,36,401387384252604136,32,12000,0.045,0.15500000000000003,acceptable,per_feature,supported,0.0011640624999999932,0.009666666666666657,0.008583333333333332
final,36,401387384252604136,32,12000,0.045,0.15500000000000003,acceptable,same_evidence,supported,0.0011640624999999932,0.009666666666666657,0.008583333333333332
final,36,401387384252604136,32,12000,0.045,0.15500000000000003,acceptable,framework,supported,0.0011640624999999932,0.009666666666666657,0.008583333333333332
final,37,1253293594493250897,32,12000,0.045,0.15500000000000003,acceptable,pooled,supported,0.001171874999999989,0.010583333333333333,0.0071666666666666615
final,37,1253293594493250897,32,12000,0.045,0.15500000000000003,acceptable,per_feature,withheld,0.001171874999999989,0.010583333333333333,0.0071666666666666615
final,37,1253293594493250897,32,12000,0.045,0.15500000000000003,acceptable,same_evidence,withheld,0.001171874999999989,0.010583333333333333,0.0071666666666666615
final,37,1253293594493250897,32,12000,0.045,0.15500000000000003,acceptable,framework,withheld,0.001171874999999989,0.010583333333333333,0.0071666666666666615
final,38,4400730570543897671,32,12000,0.045,0.15500000000000003,acceptable,pooled,supported,0.001166666666666677,0.009333333333333332,0.0016666666666666635
final,38,4400730570543897671,32,12000,0.045,0.15500000000000003,acceptable,per_feature,supported,0.001166666666666677,0.009333333333333332,0.0016666666666666635
final,38,4400730570543897671,32,12000,0.045,0.15500000000000003,acceptable,same_evidence,supported,0.001166666666666677,0.009333333333333332,0.0016666666666666635
final,38,4400730570543897671,32,12000,0.045,0.15500000000000003,acceptable,framework,supported,0.001166666666666677,0.009333333333333332,0.0016666666666666635
final,39,115094291175095541,32,12000,0.045,0.15500000000000003,acceptable,pooled,supported,0.00017968749999998368,0.006916666666666668,0.0050833333333333355
final,39,115094291175095541,32,12000,0.045,0.15500000000000003,acceptable,per_feature,supported,0.00017968749999998368,0.006916666666666668,0.0050833333333333355
final,39,115094291175095541,32,12000,0.045,0.15500000000000003,acceptable,same_evidence,supported,0.00017968749999998368,0.006916666666666668,0.0050833333333333355
final,39,115094291175095541,32,12000,0.045,0.15500000000000003,acceptable,framework,supported,0.00017968749999998368,0.006916666666666668,0.0050833333333333355
final,40,4395008073734391575,32,12000,0.045,0.15500000000000003,acceptable,pooled,supported,0.0006979166666666592,0.008249999999999993,0.0061666666666666675
final,40,4395008073734391575,32,12000,0.045,0.15500000000000003,acceptable,per_feature,supported,0.0006979166666666592,0.008249999999999993,0.0061666666666666675
final,40,4395008073734391575,32,12000,0.045,0.15500000000000003,acceptable,same_evidence,supported,0.0006979166666666592,0.008249999999999993,0.0061666666666666675
final,40,4395008073734391575,32,12000,0.045,0.15500000000000003,acceptable,framework,supported,0.0006979166666666592,0.008249999999999993,0.0061666666666666675
final,41,1600973393320654781,32,12000,0.045,0.15500000000000003,acceptable,pooled,supported,0.0009635416666666646,0.00841666666666667,0.005750000000000005
final,41,1600973393320654781,32,12000,0.045,0.15500000000000003,acceptable,per_feature,supported,0.0009635416666666646,0.00841666666666667,0.005750000000000005
final,41,1600973393320654781,32,12000,0.045,0.15500000000000003,acceptable,same_evidence,supported,0.0009635416666666646,0.00841666666666667,0.005750000000000005
final,41,1600973393320654781,32,12000,0.045,0.15500000000000003,acceptable,framework,supported,0.0009635416666666646,0.00841666666666667,0.005750000000000005
final,42,111377548648929191,32,12000,0.045,0.15500000000000003,acceptable,pooled,supported,9.114583333331983e-05,0.007166666666666668,0.005583333333333336
final,42,111377548648929191,32,12000,0.045,0.15500000000000003,acceptable,per_feature,supported,9.114583333331983e-05,0.007166666666666668,0.005583333333333336
final,42,111377548648929191,32,12000,0.045,0.15500000000000003,acceptable,same_evidence,supported,9.114583333331983e-05,0.007166666666666668,0.005583333333333336
final,42,111377548648929191,32,12000,0.045,0.15500000000000003,acceptable,framework,supported,9.114583333331983e-05,0.007166666666666668,0.005583333333333336
final,43,566559081441819622,32,12000,0.045,0.15500000000000003,acceptable,pooled,supported,0.00011458333333333459,0.00816666666666667,0.005666666666666667
final,43,566559081441819622,32,12000,0.045,0.15500000000000003,acceptable,per_feature,supported,0.00011458333333333459,0.00816666666666667,0.005666666666666667
final,43,566559081441819622,32,12000,0.045,0.15500000000000003,acceptable,same_evidence,supported,0.00011458333333333459,0.00816666666666667,0.005666666666666667
final,43,566559081441819622,32,12000,0.045,0.15500000000000003,acceptable,framework,supported,0.00011458333333333459,0.00816666666666667,0.005666666666666667
final,44,667120330697524691,32,12000,0.045,0.15500000000000003,acceptable,pooled,supported,0.0009869791666666655,0.009249999999999994,0.009000000000000001
final,44,667120330697524691,32,12000,0.045,0.15500000000000003,acceptable,per_feature,supported,0.0009869791666666655,0.009249999999999994,0.009000000000000001
final,44,667120330697524691,32,12000,0.045,0.15500000000000003,acceptable,same_evidence,supported,0.0009869791666666655,0.009249999999999994,0.009000000000000001
final,44,667120330697524691,32,12000,0.045,0.15500000000000003,acceptable,framework,supported,0.0009869791666666655,0.009249999999999994,0.009000000000000001
final,45,3740020790705902606,32,12000,0.045,0.15500000000000003,acceptable,pooled,supported,0.0006432291666666756,0.009083333333333332,0.003333333333333334
final,45,3740020790705902606,32,12000,0.045,0.15500000000000003,acceptable,per_feature,supported,0.0006432291666666756,0.009083333333333332,0.003333333333333334
final,45,3740020790705902606,32,12000,0.045,0.15500000000000003,acceptable,same_evidence,supported,0.0006432291666666756,0.009083333333333332,0.003333333333333334
final,45,3740020790705902606,32,12000,0.045,0.15500000000000003,acceptable,framework,supported,0.0006432291666666756,0.009083333333333332,0.003333333333333334
final,46,1987480583967186796,32,12000,0.045,0.15500000000000003,acceptable,pooled,supported,0.0009401041666666499,0.007083333333333344,0.008
final,46,1987480583967186796,32,12000,0.045,0.15500000000000003,acceptable,per_feature,supported,0.0009401041666666499,0.007083333333333344,0.008
final,46,1987480583967186796,32,12000,0.045,0.15500000000000003,acceptable,same_evidence,supported,0.0009401041666666499,0.007083333333333344,0.008
final,46,1987480583967186796,32,12000,0.045,0.15500000000000003,acceptable,framework,supported,0.0009401041666666499,0.007083333333333344,0.008
final,47,2299816039979902958,32,12000,0.045,0.15500000000000003,acceptable,pooled,supported,0.000614583333333335,0.007416666666666669,0.0075
final,47,2299816039979902958,32,12000,0.045,0.15500000000000003,acceptable,per_feature,supported,0.000614583333333335,0.007416666666666669,0.0075
final,47,2299816039979902958,32,12000,0.045,0.15500000000000003,acceptable,same_evidence,supported,0.000614583333333335,0.007416666666666669,0.0075
final,47,2299816039979902958,32,12000,0.045,0.15500000000000003,acceptable,framework,supported,0.000614583333333335,0.007416666666666669,0.0075
final,48,2502057921922051435,32,12000,0.045,0.15500000000000003,acceptable,pooled,supported,0.000893229166666662,0.009833333333333333,0.0002500000000000002
final,48,2502057921922051435,32,12000,0.045,0.15500000000000003,acceptable,per_feature,supported,0.000893229166666662,0.009833333333333333,0.0002500000000000002
final,48,2502057921922051435,32,12000,0.045,0.15500000000000003,acceptable,same_evidence,supported,0.000893229166666662,0.009833333333333333,0.0002500000000000002
final,48,2502057921922051435,32,12000,0.045,0.15500000000000003,acceptable,framework,supported,0.000893229166666662,0.009833333333333333,0.0002500000000000002
final,49,2439218693901988492,32,12000,0.045,0.15500000000000003,acceptable,pooled,supported,0.000148437500000001,0.006916666666666668,0.005833333333333329
final,49,2439218693901988492,32,12000,0.045,0.15500000000000003,acceptable,per_feature,supported,0.000148437500000001,0.006916666666666668,0.005833333333333329
final,49,2439218693901988492,32,12000,0.045,0.15500000000000003,acceptable,same_evidence,supported,0.000148437500000001,0.006916666666666668,0.005833333333333329
final,49,2439218693901988492,32,12000,0.045,0.15500000000000003,acceptable,framework,supported,0.000148437500000001,0.006916666666666668,0.005833333333333329
final,50,427779954978828391,32,12000,0.045,0.15500000000000003,acceptable,pooled,supported,0.0008776041666666567,0.012250000000000011,0.004250000000000004
final,50,427779954978828391,32,12000,0.045,0.15500000000000003,acceptable,per_feature,withheld,0.0008776041666666567,0.012250000000000011,0.004250000000000004
final,50,427779954978828391,32,12000,0.045,0.15500000000000003,acceptable,same_evidence,withheld,0.0008776041666666567,0.012250000000000011,0.004250000000000004
final,50,427779954978828391,32,12000,0.045,0.15500000000000003,acceptable,framework,withheld,0.0008776041666666567,0.012250000000000011,0.004250000000000004
final,51,2535528939305925700,32,12000,0.045,0.15500000000000003,acceptable,pooled,supported,0.00041406250000000644,0.008583333333333332,0.004916666666666666
final,51,2535528939305925700,32,12000,0.045,0.15500000000000003,acceptable,per_feature,supported,0.00041406250000000644,0.008583333333333332,0.004916666666666666
final,51,2535528939305925700,32,12000,0.045,0.15500000000000003,acceptable,same_evidence,supported,0.00041406250000000644,0.008583333333333332,0.004916666666666666
final,51,2535528939305925700,32,12000,0.045,0.15500000000000003,acceptable,framework,supported,0.00041406250000000644,0.008583333333333332,0.004916666666666666
final,52,289131007160019136,32,12000,0.045,0.15500000000000003,acceptable,pooled,supported,0.0004140624999999787,0.010666666666666672,0.005166666666666667
final,52,289131007160019136,32,12000,0.045,0.15500000000000003,acceptable,per_feature,withheld,0.0004140624999999787,0.010666666666666672,0.005166666666666667
final,52,289131007160019136,32,12000,0.045,0.15500000000000003,acceptable,same_evidence,withheld,0.0004140624999999787,0.010666666666666672,0.005166666666666667
final,52,289131007160019136,32,12000,0.045,0.15500000000000003,acceptable,framework,withheld,0.0004140624999999787,0.010666666666666672,0.005166666666666667
final,53,1510165565651428768,32,12000,0.045,0.15500000000000003,acceptable,pooled,supported,0.0002213541666666735,0.011833333333333335,0.0072499999999999995
final,53,1510165565651428768,32,12000,0.045,0.15500000000000003,acceptable,per_feature,withheld,0.0002213541666666735,0.011833333333333335,0.0072499999999999995
final,53,1510165565651428768,32,12000,0.045,0.15500000000000003,acceptable,same_evidence,withheld,0.0002213541666666735,0.011833333333333335,0.0072499999999999995
final,53,1510165565651428768,32,12000,0.045,0.15500000000000003,acceptable,framework,withheld,0.0002213541666666735,0.011833333333333335,0.0072499999999999995
final,54,1322988798578721774,32,12000,0.045,0.15500000000000003,acceptable,pooled,supported,0.0011822916666666683,0.00866666666666667,0.0037499999999999964
final,54,1322988798578721774,32,12000,0.045,0.15500000000000003,acceptable,per_feature,supported,0.0011822916666666683,0.00866666666666667,0.0037499999999999964
final,54,1322988798578721774,32,12000,0.045,0.15500000000000003,acceptable,same_evidence,supported,0.0011822916666666683,0.00866666666666667,0.0037499999999999964
final,54,1322988798578721774,32,12000,0.045,0.15500000000000003,acceptable,framework,supported,0.0011822916666666683,0.00866666666666667,0.0037499999999999964
final,55,274620403843005399,32,12000,0.045,0.15500000000000003,acceptable,pooled,supported,0.0012578125000000107,0.00991666666666667,0.0025000000000000022
final,55,274620403843005399,32,12000,0.045,0.15500000000000003,acceptable,per_feature,supported,0.0012578125000000107,0.00991666666666667,0.0025000000000000022
final,55,274620403843005399,32,12000,0.045,0.15500000000000003,acceptable,same_evidence,supported,0.0012578125000000107,0.00991666666666667,0.0025000000000000022
final,55,274620403843005399,32,12000,0.045,0.15500000000000003,acceptable,framework,supported,0.0012578125000000107,0.00991666666666667,0.0025000000000000022
final,56,2419729790986026417,32,12000,0.045,0.15500000000000003,acceptable,pooled,supported,0.0012395833333333217,0.008999999999999994,0.004500000000000004
final,56,2419729790986026417,32,12000,0.045,0.15500000000000003,acceptable,per_feature,supported,0.0012395833333333217,0.008999999999999994,0.004500000000000004
final,56,2419729790986026417,32,12000,0.045,0.15500000000000003,acceptable,same_evidence,supported,0.0012395833333333217,0.008999999999999994,0.004500000000000004
final,56,2419729790986026417,32,12000,0.045,0.15500000000000003,acceptable,framework,supported,0.0012395833333333217,0.008999999999999994,0.004500000000000004
final,57,650304441638101352,32,12000,0.045,0.15500000000000003,acceptable,pooled,supported,0.00014322916666667518,0.008333333333333331,0.0014999999999999944
final,57,650304441638101352,32,12000,0.045,0.15500000000000003,acceptable,per_feature,supported,0.00014322916666667518,0.008333333333333331,0.0014999999999999944
final,57,650304441638101352,32,12000,0.045,0.15500000000000003,acceptable,same_evidence,supported,0.00014322916666667518,0.008333333333333331,0.0014999999999999944
final,57,650304441638101352,32,12000,0.045,0.15500000000000003,acceptable,framework,supported,0.00014322916666667518,0.008333333333333331,0.0014999999999999944
final,58,1878983570247861031,32,12000,0.045,0.15500000000000003,acceptable,pooled,supported,0.000911458333333337,0.008583333333333332,0.003500000000000003
final,58,1878983570247861031,32,12000,0.045,0.15500000000000003,acceptable,per_feature,supported,0.000911458333333337,0.008583333333333332,0.003500000000000003
final,58,1878983570247861031,32,12000,0.045,0.15500000000000003,acceptable,same_evidence,supported,0.000911458333333337,0.008583333333333332,0.003500000000000003
final,58,1878983570247861031,32,12000,0.045,0.15500000000000003,acceptable,framework,supported,0.000911458333333337,0.008583333333333332,0.003500000000000003
final,59,4352276284006243799,32,12000,0.045,0.15500000000000003,acceptable,pooled,supported,0.00032812499999999856,0.00841666666666667,0.006666666666666668
final,59,4352276284006243799,32,12000,0.045,0.15500000000000003,acceptable,per_feature,supported,0.00032812499999999856,0.00841666666666667,0.006666666666666668
final,59,4352276284006243799,32,12000,0.045,0.15500000000000003,acceptable,same_evidence,supported,0.00032812499999999856,0.00841666666666667,0.006666666666666668
final,59,4352276284006243799,32,12000,0.045,0.15500000000000003,acceptable,framework,supported,0.00032812499999999856,0.00841666666666667,0.006666666666666668
final,60,3750935600655915890,32,12000,0.045,0.15500000000000003,acceptable,pooled,supported,0.0011354166666666665,0.007999999999999993,0.004583333333333335
final,60,3750935600655915890,32,12000,0.045,0.15500000000000003,acceptable,per_feature,supported,0.0011354166666666665,0.007999999999999993,0.004583333333333335
final,60,3750935600655915890,32,12000,0.045,0.15500000000000003,acceptable,same_evidence,supported,0.0011354166666666665,0.007999999999999993,0.004583333333333335
final,60,3750935600655915890,32,12000,0.045,0.15500000000000003,acceptable,framework,supported,0.0011354166666666665,0.007999999999999993,0.004583333333333335
final,61,2959306527537160734,32,12000,0.045,0.15500000000000003,acceptable,pooled,supported,0.0016223958333333316,0.013999999999999999,0.0071666666666666615
final,61,2959306527537160734,32,12000,0.045,0.15500000000000003,acceptable,per_feature,withheld,0.0016223958333333316,0.013999999999999999,0.0071666666666666615
final,61,2959306527537160734,32,12000,0.045,0.15500000000000003,acceptable,same_evidence,withheld,0.0016223958333333316,0.013999999999999999,0.0071666666666666615
final,61,2959306527537160734,32,12000,0.045,0.15500000000000003,acceptable,framework,withheld,0.0016223958333333316,0.013999999999999999,0.0071666666666666615
final,62,1687646071479470488,32,12000,0.045,0.15500000000000003,acceptable,pooled,supported,0.0009635416666666646,0.0062500000000000056,0.007333333333333331
final,62,1687646071479470488,32,12000,0.045,0.15500000000000003,acceptable,per_feature,supported,0.0009635416666666646,0.0062500000000000056,0.007333333333333331
final,62,1687646071479470488,32,12000,0.045,0.15500000000000003,acceptable,same_evidence,supported,0.0009635416666666646,0.0062500000000000056,0.007333333333333331
final,62,1687646071479470488,32,12000,0.045,0.15500000000000003,acceptable,framework,supported,0.0009635416666666646,0.0062500000000000056,0.007333333333333331
final,63,2032672475393045770,32,12000,0.045,0.15500000000000003,acceptable,pooled,supported,0.0006796874999999841,0.00916666666666667,0.007333333333333331
final,63,2032672475393045770,32,12000,0.045,0.15500000000000003,acceptable,per_feature,supported,0.0006796874999999841,0.00916666666666667,0.007333333333333331
final,63,2032672475393045770,32,12000,0.045,0.15500000000000003,acceptable,same_evidence,supported,0.0006796874999999841,0.00916666666666667,0.007333333333333331
final,63,2032672475393045770,32,12000,0.045,0.15500000000000003,acceptable,framework,supported,0.0006796874999999841,0.00916666666666667,0.007333333333333331
final,64,2612764276154293590,32,12000,0.045,0.15500000000000003,acceptable,pooled,supported,0.00020833333333333814,0.006750000000000006,0.0016666666666666635
final,64,2612764276154293590,32,12000,0.045,0.15500000000000003,acceptable,per_feature,supported,0.00020833333333333814,0.006750000000000006,0.0016666666666666635
final,64,2612764276154293590,32,12000,0.045,0.15500000000000003,acceptable,same_evidence,supported,0.00020833333333333814,0.006750000000000006,0.0016666666666666635
final,64,2612764276154293590,32,12000,0.045,0.15500000000000003,acceptable,framework,supported,0.00020833333333333814,0.006750000000000006,0.0016666666666666635
final,65,3216752044239826603,32,12000,0.045,0.15500000000000003,acceptable,pooled,supported,0.0006874999999999937,0.008083333333333345,0.011166666666666672
final,65,3216752044239826603,32,12000,0.045,0.15500000000000003,acceptable,per_feature,supported,0.0006874999999999937,0.008083333333333345,0.011166666666666672
final,65,3216752044239826603,32,12000,0.045,0.15500000000000003,acceptable,same_evidence,withheld,0.0006874999999999937,0.008083333333333345,0.011166666666666672
final,65,3216752044239826603,32,12000,0.045,0.15500000000000003,acceptable,framework,withheld,0.0006874999999999937,0.008083333333333345,0.011166666666666672
final,66,1189444025080035452,32,12000,0.045,0.15500000000000003,acceptable,pooled,supported,0.0011432291666666622,0.010666666666666658,0.010250000000000002
final,66,1189444025080035452,32,12000,0.045,0.15500000000000003,acceptable,per_feature,withheld,0.0011432291666666622,0.010666666666666658,0.010250000000000002
final,66,1189444025080035452,32,12000,0.045,0.15500000000000003,acceptable,same_evidence,withheld,0.0011432291666666622,0.010666666666666658,0.010250000000000002
final,66,1189444025080035452,32,12000,0.045,0.15500000000000003,acceptable,framework,withheld,0.0011432291666666622,0.010666666666666658,0.010250000000000002
final,67,1336663573142159852,32,12000,0.045,0.15500000000000003,acceptable,pooled,supported,0.00013802083333333548,0.00916666666666667,0.002249999999999995
final,67,1336663573142159852,32,12000,0.045,0.15500000000000003,acceptable,per_feature,supported,0.00013802083333333548,0.00916666666666667,0.002249999999999995
final,67,1336663573142159852,32,12000,0.045,0.15500000000000003,acceptable,same_evidence,supported,0.00013802083333333548,0.00916666666666667,0.002249999999999995
final,67,1336663573142159852,32,12000,0.045,0.15500000000000003,acceptable,framework,supported,0.00013802083333333548,0.00916666666666667,0.002249999999999995
final,68,2602916013383871555,32,12000,0.045,0.15500000000000003,acceptable,pooled,supported,0.00021614583333333381,0.008500000000000008,0.0037499999999999964
final,68,2602916013383871555,32,12000,0.045,0.15500000000000003,acceptable,per_feature,supported,0.00021614583333333381,0.008500000000000008,0.0037499999999999964
final,68,2602916013383871555,32,12000,0.045,0.15500000000000003,acceptable,same_evidence,supported,0.00021614583333333381,0.008500000000000008,0.0037499999999999964
final,68,2602916013383871555,32,12000,0.045,0.15500000000000003,acceptable,framework,supported,0.00021614583333333381,0.008500000000000008,0.0037499999999999964
final,69,649564438080655741,32,12000,0.045,0.15500000000000003,acceptable,pooled,supported,0.00025260416666667007,0.007166666666666668,0.005666666666666667
final,69,649564438080655741,32,12000,0.045,0.15500000000000003,acceptable,per_feature,supported,0.00025260416666667007,0.007166666666666668,0.005666666666666667
final,69,649564438080655741,32,12000,0.045,0.15500000000000003,acceptable,same_evidence,supported,0.00025260416666667007,0.007166666666666668,0.005666666666666667
final,69,649564438080655741,32,12000,0.045,0.15500000000000003,acceptable,framework,supported,0.00025260416666667007,0.007166666666666668,0.005666666666666667
final,70,3705247335924406937,32,12000,0.045,0.15500000000000003,acceptable,pooled,supported,0.00031249999999999334,0.010666666666666672,0.008
final,70,3705247335924406937,32,12000,0.045,0.15500000000000003,acceptable,per_feature,withheld,0.00031249999999999334,0.010666666666666672,0.008
final,70,3705247335924406937,32,12000,0.045,0.15500000000000003,acceptable,same_evidence,withheld,0.00031249999999999334,0.010666666666666672,0.008
final,70,3705247335924406937,32,12000,0.045,0.15500000000000003,acceptable,framework,withheld,0.00031249999999999334,0.010666666666666672,0.008
final,71,4547222327313554448,32,12000,0.045,0.15500000000000003,acceptable,pooled,supported,0.000531249999999997,0.008583333333333332,0.0015833333333333324
final,71,4547222327313554448,32,12000,0.045,0.15500000000000003,acceptable,per_feature,supported,0.000531249999999997,0.008583333333333332,0.0015833333333333324
final,71,4547222327313554448,32,12000,0.045,0.15500000000000003,acceptable,same_evidence,supported,0.000531249999999997,0.008583333333333332,0.0015833333333333324
final,71,4547222327313554448,32,12000,0.045,0.15500000000000003,acceptable,framework,supported,0.000531249999999997,0.008583333333333332,0.0015833333333333324
final,72,4517153960867141419,32,12000,0.045,0.15500000000000003,acceptable,pooled,supported,0.0007994791666666584,0.010833333333333334,0.008166666666666662
final,72,4517153960867141419,32,12000,0.045,0.15500000000000003,acceptable,per_feature,withheld,0.0007994791666666584,0.010833333333333334,0.008166666666666662
final,72,4517153960867141419,32,12000,0.045,0.15500000000000003,acceptable,same_evidence,withheld,0.0007994791666666584,0.010833333333333334,0.008166666666666662
final,72,4517153960867141419,32,12000,0.045,0.15500000000000003,acceptable,framework,withheld,0.0007994791666666584,0.010833333333333334,0.008166666666666662
final,73,674872339958185799,32,12000,0.045,0.15500000000000003,acceptable,pooled,supported,0.0005000000000000004,0.007333333333333331,0.00708333333333333
final,73,674872339958185799,32,12000,0.045,0.15500000000000003,acceptable,per_feature,supported,0.0005000000000000004,0.007333333333333331,0.00708333333333333
final,73,674872339958185799,32,12000,0.045,0.15500000000000003,acceptable,same_evidence,supported,0.0005000000000000004,0.007333333333333331,0.00708333333333333
final,73,674872339958185799,32,12000,0.045,0.15500000000000003,acceptable,framework,supported,0.0005000000000000004,0.007333333333333331,0.00708333333333333
final,74,3116422992798251618,32,12000,0.045,0.15500000000000003,acceptable,pooled,supported,0.00028125000000001066,0.009333333333333332,0.005916666666666667
final,74,3116422992798251618,32,12000,0.045,0.15500000000000003,acceptable,per_feature,supported,0.00028125000000001066,0.009333333333333332,0.005916666666666667
final,74,3116422992798251618,32,12000,0.045,0.15500000000000003,acceptable,same_evidence,supported,0.00028125000000001066,0.009333333333333332,0.005916666666666667
final,74,3116422992798251618,32,12000,0.045,0.15500000000000003,acceptable,framework,supported,0.00028125000000001066,0.009333333333333332,0.005916666666666667
final,75,53681403416775634,32,12000,0.045,0.15500000000000003,acceptable,pooled,supported,0.00010416666666666907,0.006750000000000006,0.008
final,75,53681403416775634,32,12000,0.045,0.15500000000000003,acceptable,per_feature,supported,0.00010416666666666907,0.006750000000000006,0.008
final,75,53681403416775634,32,12000,0.045,0.15500000000000003,acceptable,same_evidence,supported,0.00010416666666666907,0.006750000000000006,0.008
final,75,53681403416775634,32,12000,0.045,0.15500000000000003,acceptable,framework,supported,0.00010416666666666907,0.006750000000000006,0.008
final,76,3424021045146718913,32,12000,0.045,0.15500000000000003,acceptable,pooled,supported,0.0004635416666666642,0.008500000000000008,0.008
final,76,3424021045146718913,32,12000,0.045,0.15500000000000003,acceptable,per_feature,supported,0.0004635416666666642,0.008500000000000008,0.008
final,76,3424021045146718913,32,12000,0.045,0.15500000000000003,acceptable,same_evidence,supported,0.0004635416666666642,0.008500000000000008,0.008
final,76,3424021045146718913,32,12000,0.045,0.15500000000000003,acceptable,framework,supported,0.0004635416666666642,0.008500000000000008,0.008
final,77,818446279286591168,32,12000,0.045,0.15500000000000003,acceptable,pooled,supported,0.00037500000000000033,0.008333333333333331,0.0012499999999999942
final,77,818446279286591168,32,12000,0.045,0.15500000000000003,acceptable,per_feature,supported,0.00037500000000000033,0.008333333333333331,0.0012499999999999942
final,77,818446279286591168,32,12000,0.045,0.15500000000000003,acceptable,same_evidence,supported,0.00037500000000000033,0.008333333333333331,0.0012499999999999942
final,77,818446279286591168,32,12000,0.045,0.15500000000000003,acceptable,framework,supported,0.00037500000000000033,0.008333333333333331,0.0012499999999999942
final,78,4343039829477592627,32,12000,0.045,0.15500000000000003,acceptable,pooled,supported,0.0007604166666666662,0.008333333333333331,0.0039166666666666655
final,78,4343039829477592627,32,12000,0.045,0.15500000000000003,acceptable,per_feature,supported,0.0007604166666666662,0.008333333333333331,0.0039166666666666655
final,78,4343039829477592627,32,12000,0.045,0.15500000000000003,acceptable,same_evidence,supported,0.0007604166666666662,0.008333333333333331,0.0039166666666666655
final,78,4343039829477592627,32,12000,0.045,0.15500000000000003,acceptable,framework,supported,0.0007604166666666662,0.008333333333333331,0.0039166666666666655
final,79,264711117786074416,32,12000,0.045,0.15500000000000003,acceptable,pooled,supported,2.6041666666684615e-05,0.009083333333333346,0.002249999999999995
final,79,264711117786074416,32,12000,0.045,0.15500000000000003,acceptable,per_feature,supported,2.6041666666684615e-05,0.009083333333333346,0.002249999999999995
final,79,264711117786074416,32,12000,0.045,0.15500000000000003,acceptable,same_evidence,supported,2.6041666666684615e-05,0.009083333333333346,0.002249999999999995
final,79,264711117786074416,32,12000,0.045,0.15500000000000003,acceptable,framework,supported,2.6041666666684615e-05,0.009083333333333346,0.002249999999999995
final,80,2292252863931020605,32,12000,0.045,0.15500000000000003,acceptable,pooled,supported,0.0014791666666666842,0.00916666666666667,0.006666666666666668
final,80,2292252863931020605,32,12000,0.045,0.15500000000000003,acceptable,per_feature,supported,0.0014791666666666842,0.00916666666666667,0.006666666666666668
final,80,2292252863931020605,32,12000,0.045,0.15500000000000003,acceptable,same_evidence,supported,0.0014791666666666842,0.00916666666666667,0.006666666666666668
final,80,2292252863931020605,32,12000,0.045,0.15500000000000003,acceptable,framework,supported,0.0014791666666666842,0.00916666666666667,0.006666666666666668
final,81,2959817128273612727,32,12000,0.045,0.15500000000000003,acceptable,pooled,supported,0.00015624999999999667,0.010666666666666658,0.003999999999999997
final,81,2959817128273612727,32,12000,0.045,0.15500000000000003,acceptable,per_feature,withheld,0.00015624999999999667,0.010666666666666658,0.003999999999999997
final,81,2959817128273612727,32,12000,0.045,0.15500000000000003,acceptable,same_evidence,withheld,0.00015624999999999667,0.010666666666666658,0.003999999999999997
final,81,2959817128273612727,32,12000,0.045,0.15500000000000003,acceptable,framework,withheld,0.00015624999999999667,0.010666666666666658,0.003999999999999997
final,82,68887002849571921,32,12000,0.045,0.15500000000000003,acceptable,pooled,supported,0.000763020833333336,0.009249999999999994,0.002416666666666671
final,82,68887002849571921,32,12000,0.045,0.15500000000000003,acceptable,per_feature,supported,0.000763020833333336,0.009249999999999994,0.002416666666666671
final,82,68887002849571921,32,12000,0.045,0.15500000000000003,acceptable,same_evidence,supported,0.000763020833333336,0.009249999999999994,0.002416666666666671
final,82,68887002849571921,32,12000,0.045,0.15500000000000003,acceptable,framework,supported,0.000763020833333336,0.009249999999999994,0.002416666666666671
final,83,1555847362144267717,32,12000,0.045,0.15500000000000003,acceptable,pooled,supported,0.00012760416666666996,0.008499999999999994,0.0014999999999999944
final,83,1555847362144267717,32,12000,0.045,0.15500000000000003,acceptable,per_feature,supported,0.00012760416666666996,0.008499999999999994,0.0014999999999999944
final,83,1555847362144267717,32,12000,0.045,0.15500000000000003,acceptable,same_evidence,supported,0.00012760416666666996,0.008499999999999994,0.0014999999999999944
final,83,1555847362144267717,32,12000,0.045,0.15500000000000003,acceptable,framework,supported,0.00012760416666666996,0.008499999999999994,0.0014999999999999944
final,84,1271472206268206893,32,12000,0.045,0.15500000000000003,acceptable,pooled,supported,7.291666666667251e-05,0.008583333333333332,0.0049999999999999975
final,84,1271472206268206893,32,12000,0.045,0.15500000000000003,acceptable,per_feature,supported,7.291666666667251e-05,0.008583333333333332,0.0049999999999999975
final,84,1271472206268206893,32,12000,0.045,0.15500000000000003,acceptable,same_evidence,supported,7.291666666667251e-05,0.008583333333333332,0.0049999999999999975
final,84,1271472206268206893,32,12000,0.045,0.15500000000000003,acceptable,framework,supported,7.291666666667251e-05,0.008583333333333332,0.0049999999999999975
final,85,3037896869957160659,32,12000,0.045,0.15500000000000003,acceptable,pooled,supported,0.0002447916666666605,0.00683333333333333,0.005833333333333329
final,85,3037896869957160659,32,12000,0.045,0.15500000000000003,acceptable,per_feature,supported,0.0002447916666666605,0.00683333333333333,0.005833333333333329
final,85,3037896869957160659,32,12000,0.045,0.15500000000000003,acceptable,same_evidence,supported,0.0002447916666666605,0.00683333333333333,0.005833333333333329
final,85,3037896869957160659,32,12000,0.045,0.15500000000000003,acceptable,framework,supported,0.0002447916666666605,0.00683333333333333,0.005833333333333329
final,86,1244511814170388266,32,12000,0.045,0.15500000000000003,acceptable,pooled,supported,0.0003098958333333235,0.007500000000000007,0.005999999999999998
final,86,1244511814170388266,32,12000,0.045,0.15500000000000003,acceptable,per_feature,supported,0.0003098958333333235,0.007500000000000007,0.005999999999999998
final,86,1244511814170388266,32,12000,0.045,0.15500000000000003,acceptable,same_evidence,supported,0.0003098958333333235,0.007500000000000007,0.005999999999999998
final,86,1244511814170388266,32,12000,0.045,0.15500000000000003,acceptable,framework,supported,0.0003098958333333235,0.007500000000000007,0.005999999999999998
final,87,745544091757048175,32,12000,0.045,0.15500000000000003,acceptable,pooled,supported,0.0006484375000000014,0.010583333333333333,0.0036666666666666653
final,87,745544091757048175,32,12000,0.045,0.15500000000000003,acceptable,per_feature,withheld,0.0006484375000000014,0.010583333333333333,0.0036666666666666653
final,87,745544091757048175,32,12000,0.045,0.15500000000000003,acceptable,same_evidence,withheld,0.0006484375000000014,0.010583333333333333,0.0036666666666666653
final,87,745544091757048175,32,12000,0.045,0.15500000000000003,acceptable,framework,withheld,0.0006484375000000014,0.010583333333333333,0.0036666666666666653
final,88,3581339513859628195,32,12000,0.045,0.15500000000000003,acceptable,pooled,supported,0.00036197916666667884,0.011416666666666672,0.0062500000000000056
final,88,3581339513859628195,32,12000,0.045,0.15500000000000003,acceptable,per_feature,withheld,0.00036197916666667884,0.011416666666666672,0.0062500000000000056
final,88,3581339513859628195,32,12000,0.045,0.15500000000000003,acceptable,same_evidence,withheld,0.00036197916666667884,0.011416666666666672,0.0062500000000000056
final,88,3581339513859628195,32,12000,0.045,0.15500000000000003,acceptable,framework,withheld,0.00036197916666667884,0.011416666666666672,0.0062500000000000056
final,89,428599806247739202,32,12000,0.045,0.15500000000000003,acceptable,pooled,supported,0.0003255208333333426,0.005750000000000005,0.004916666666666666
final,89,428599806247739202,32,12000,0.045,0.15500000000000003,acceptable,per_feature,supported,0.0003255208333333426,0.005750000000000005,0.004916666666666666
final,89,428599806247739202,32,12000,0.045,0.15500000000000003,acceptable,same_evidence,supported,0.0003255208333333426,0.005750000000000005,0.004916666666666666
final,89,428599806247739202,32,12000,0.045,0.15500000000000003,acceptable,framework,supported,0.0003255208333333426,0.005750000000000005,0.004916666666666666
final,90,4441501125224931814,32,12000,0.045,0.15500000000000003,acceptable,pooled,supported,0.002078125,0.011666666666666659,0.0050000000000000044
final,90,4441501125224931814,32,12000,0.045,0.15500000000000003,acceptable,per_feature,withheld,0.002078125,0.011666666666666659,0.0050000000000000044
final,90,4441501125224931814,32,12000,0.045,0.15500000000000003,acceptable,same_evidence,withheld,0.002078125,0.011666666666666659,0.0050000000000000044
final,90,4441501125224931814,32,12000,0.045,0.15500000000000003,acceptable,framework,withheld,0.002078125,0.011666666666666659,0.0050000000000000044
final,91,1998037711227870480,32,12000,0.045,0.15500000000000003,acceptable,pooled,supported,0.0001901041666666492,0.006750000000000006,0.004333333333333328
final,91,1998037711227870480,32,12000,0.045,0.15500000000000003,acceptable,per_feature,supported,0.0001901041666666492,0.006750000000000006,0.004333333333333328
final,91,1998037711227870480,32,12000,0.045,0.15500000000000003,acceptable,same_evidence,supported,0.0001901041666666492,0.006750000000000006,0.004333333333333328
final,91,1998037711227870480,32,12000,0.045,0.15500000000000003,acceptable,framework,supported,0.0001901041666666492,0.006750000000000006,0.004333333333333328
final,92,212808918473011577,32,12000,0.045,0.15500000000000003,acceptable,pooled,supported,0.0006093750000000092,0.010833333333333334,0.005999999999999998
final,92,212808918473011577,32,12000,0.045,0.15500000000000003,acceptable,per_feature,withheld,0.0006093750000000092,0.010833333333333334,0.005999999999999998
final,92,212808918473011577,32,12000,0.045,0.15500000000000003,acceptable,same_evidence,withheld,0.0006093750000000092,0.010833333333333334,0.005999999999999998
final,92,212808918473011577,32,12000,0.045,0.15500000000000003,acceptable,framework,withheld,0.0006093750000000092,0.010833333333333334,0.005999999999999998
final,93,1081821274573147266,32,12000,0.045,0.15500000000000003,acceptable,pooled,supported,0.0003541666666666554,0.006750000000000006,0.008083333333333331
final,93,1081821274573147266,32,12000,0.045,0.15500000000000003,acceptable,per_feature,supported,0.0003541666666666554,0.006750000000000006,0.008083333333333331
final,93,1081821274573147266,32,12000,0.045,0.15500000000000003,acceptable,same_evidence,supported,0.0003541666666666554,0.006750000000000006,0.008083333333333331
final,93,1081821274573147266,32,12000,0.045,0.15500000000000003,acceptable,framework,supported,0.0003541666666666554,0.006750000000000006,0.008083333333333331
final,94,2475177593173132239,32,12000,0.045,0.15500000000000003,acceptable,pooled,supported,0.000955729166666669,0.007000000000000006,0.004750000000000004
final,94,2475177593173132239,32,12000,0.045,0.15500000000000003,acceptable,per_feature,supported,0.000955729166666669,0.007000000000000006,0.004750000000000004
final,94,2475177593173132239,32,12000,0.045,0.15500000000000003,acceptable,same_evidence,supported,0.000955729166666669,0.007000000000000006,0.004750000000000004
final,94,2475177593173132239,32,12000,0.045,0.15500000000000003,acceptable,framework,supported,0.000955729166666669,0.007000000000000006,0.004750000000000004
final,95,655504471037224103,32,12000,0.045,0.15500000000000003,acceptable,pooled,supported,0.0006848958333333377,0.01175000000000001,0.003500000000000003
final,95,655504471037224103,32,12000,0.045,0.15500000000000003,acceptable,per_feature,withheld,0.0006848958333333377,0.01175000000000001,0.003500000000000003
final,95,655504471037224103,32,12000,0.045,0.15500000000000003,acceptable,same_evidence,withheld,0.0006848958333333377,0.01175000000000001,0.003500000000000003
final,95,655504471037224103,32,12000,0.045,0.15500000000000003,acceptable,framework,withheld,0.0006848958333333377,0.01175000000000001,0.003500000000000003
final,96,1446079312075642125,32,12000,0.045,0.15500000000000003,acceptable,pooled,supported,0.0004635416666666503,0.00991666666666667,0.004166666666666666
final,96,1446079312075642125,32,12000,0.045,0.15500000000000003,acceptable,per_feature,supported,0.0004635416666666503,0.00991666666666667,0.004166666666666666
final,96,1446079312075642125,32,12000,0.045,0.15500000000000003,acceptable,same_evidence,supported,0.0004635416666666503,0.00991666666666667,0.004166666666666666
final,96,1446079312075642125,32,12000,0.045,0.15500000000000003,acceptable,framework,supported,0.0004635416666666503,0.00991666666666667,0.004166666666666666
final,97,1309720448342155453,32,12000,0.045,0.15500000000000003,acceptable,pooled,supported,0.0014973958333333315,0.00916666666666667,0.005666666666666667
final,97,1309720448342155453,32,12000,0.045,0.15500000000000003,acceptable,per_feature,supported,0.0014973958333333315,0.00916666666666667,0.005666666666666667
final,97,1309720448342155453,32,12000,0.045,0.15500000000000003,acceptable,same_evidence,supported,0.0014973958333333315,0.00916666666666667,0.005666666666666667
final,97,1309720448342155453,32,12000,0.045,0.15500000000000003,acceptable,framework,supported,0.0014973958333333315,0.00916666666666667,0.005666666666666667
final,98,1112364857888363445,32,12000,0.045,0.15500000000000003,acceptable,pooled,supported,0.0013828124999999969,0.008083333333333331,0.007583333333333331
final,98,1112364857888363445,32,12000,0.045,0.15500000000000003,acceptable,per_feature,supported,0.0013828124999999969,0.008083333333333331,0.007583333333333331
final,98,1112364857888363445,32,12000,0.045,0.15500000000000003,acceptable,same_evidence,supported,0.0013828124999999969,0.008083333333333331,0.007583333333333331
final,98,1112364857888363445,32,12000,0.045,0.15500000000000003,acceptable,framework,supported,0.0013828124999999969,0.008083333333333331,0.007583333333333331
final,99,4390852309446698047,32,12000,0.045,0.15500000000000003,acceptable,pooled,supported,0.0019401041666666785,0.009999999999999995,0.0037499999999999964
final,99,4390852309446698047,32,12000,0.045,0.15500000000000003,acceptable,per_feature,supported,0.0019401041666666785,0.009999999999999995,0.0037499999999999964
final,99,4390852309446698047,32,12000,0.045,0.15500000000000003,acceptable,same_evidence,supported,0.0019401041666666785,0.009999999999999995,0.0037499999999999964
final,99,4390852309446698047,32,12000,0.045,0.15500000000000003,acceptable,framework,supported,0.0019401041666666785,0.009999999999999995,0.0037499999999999964
final,0,2588828104192972698,32,12000,0.03,0.17,unacceptable,pooled,supported,0.0015755208333333437,0.008666666666666656,0.02366666666666667
final,0,2588828104192972698,32,12000,0.03,0.17,unacceptable,per_feature,supported,0.0015755208333333437,0.008666666666666656,0.02366666666666667
final,0,2588828104192972698,32,12000,0.03,0.17,unacceptable,same_evidence,withheld,0.0015755208333333437,0.008666666666666656,0.02366666666666667
final,0,2588828104192972698,32,12000,0.03,0.17,unacceptable,framework,withheld,0.0015755208333333437,0.008666666666666656,0.02366666666666667
final,1,2335818886842392299,32,12000,0.03,0.17,unacceptable,pooled,supported,0.0009661458333333345,0.007083333333333344,0.018666666666666668
final,1,2335818886842392299,32,12000,0.03,0.17,unacceptable,per_feature,supported,0.0009661458333333345,0.007083333333333344,0.018666666666666668
final,1,2335818886842392299,32,12000,0.03,0.17,unacceptable,same_evidence,withheld,0.0009661458333333345,0.007083333333333344,0.018666666666666668
final,1,2335818886842392299,32,12000,0.03,0.17,unacceptable,framework,withheld,0.0009661458333333345,0.007083333333333344,0.018666666666666668
final,2,1895216473718451603,32,12000,0.03,0.17,unacceptable,pooled,supported,0.0005260416666666573,0.00683333333333333,0.01958333333333333
final,2,1895216473718451603,32,12000,0.03,0.17,unacceptable,per_feature,supported,0.0005260416666666573,0.00683333333333333,0.01958333333333333
final,2,1895216473718451603,32,12000,0.03,0.17,unacceptable,same_evidence,withheld,0.0005260416666666573,0.00683333333333333,0.01958333333333333
final,2,1895216473718451603,32,12000,0.03,0.17,unacceptable,framework,withheld,0.0005260416666666573,0.00683333333333333,0.01958333333333333
final,3,3823312839545813869,32,12000,0.03,0.17,unacceptable,pooled,supported,0.0002682291666666614,0.009999999999999995,0.019583333333333338
final,3,3823312839545813869,32,12000,0.03,0.17,unacceptable,per_feature,supported,0.0002682291666666614,0.009999999999999995,0.019583333333333338
final,3,3823312839545813869,32,12000,0.03,0.17,unacceptable,same_evidence,withheld,0.0002682291666666614,0.009999999999999995,0.019583333333333338
final,3,3823312839545813869,32,12000,0.03,0.17,unacceptable,framework,withheld,0.0002682291666666614,0.009999999999999995,0.019583333333333338
final,4,2820862137907186843,32,12000,0.03,0.17,unacceptable,pooled,supported,0.00024218749999999067,0.011666666666666672,0.02041666666666667
final,4,2820862137907186843,32,12000,0.03,0.17,unacceptable,per_feature,withheld,0.00024218749999999067,0.011666666666666672,0.02041666666666667
final,4,2820862137907186843,32,12000,0.03,0.17,unacceptable,same_evidence,withheld,0.00024218749999999067,0.011666666666666672,0.02041666666666667
final,4,2820862137907186843,32,12000,0.03,0.17,unacceptable,framework,withheld,0.00024218749999999067,0.011666666666666672,0.02041666666666667
final,5,46705766219171490,32,12000,0.03,0.17,unacceptable,pooled,supported,0.0001302083333333398,0.006750000000000006,0.017499999999999995
final,5,46705766219171490,32,12000,0.03,0.17,unacceptable,per_feature,supported,0.0001302083333333398,0.006750000000000006,0.017499999999999995
final,5,46705766219171490,32,12000,0.03,0.17,unacceptable,same_evidence,withheld,0.0001302083333333398,0.006750000000000006,0.017499999999999995
final,5,46705766219171490,32,12000,0.03,0.17,unacceptable,framework,withheld,0.0001302083333333398,0.006750000000000006,0.017499999999999995
final,6,4390387907962458250,32,12000,0.03,0.17,unacceptable,pooled,supported,0.0004401041666666494,0.012583333333333335,0.020833333333333336
final,6,4390387907962458250,32,12000,0.03,0.17,unacceptable,per_feature,withheld,0.0004401041666666494,0.012583333333333335,0.020833333333333336
final,6,4390387907962458250,32,12000,0.03,0.17,unacceptable,same_evidence,withheld,0.0004401041666666494,0.012583333333333335,0.020833333333333336
final,6,4390387907962458250,32,12000,0.03,0.17,unacceptable,framework,withheld,0.0004401041666666494,0.012583333333333335,0.020833333333333336
final,7,1588218469601452726,32,12000,0.03,0.17,unacceptable,pooled,supported,0.0008020833333333283,0.006500000000000006,0.018166666666666664
final,7,1588218469601452726,32,12000,0.03,0.17,unacceptable,per_feature,supported,0.0008020833333333283,0.006500000000000006,0.018166666666666664
final,7,1588218469601452726,32,12000,0.03,0.17,unacceptable,same_evidence,withheld,0.0008020833333333283,0.006500000000000006,0.018166666666666664
final,7,1588218469601452726,32,12000,0.03,0.17,unacceptable,framework,withheld,0.0008020833333333283,0.006500000000000006,0.018166666666666664
final,8,302277945286459535,32,12000,0.03,0.17,unacceptable,pooled,supported,7.812499999999833e-05,0.008083333333333345,0.017416666666666667
final,8,302277945286459535,32,12000,0.03,0.17,unacceptable,per_feature,supported,7.812499999999833e-05,0.008083333333333345,0.017416666666666667
final,8,302277945286459535,32,12000,0.03,0.17,unacceptable,same_evidence,withheld,7.812499999999833e-05,0.008083333333333345,0.017416666666666667
final,8,302277945286459535,32,12000,0.03,0.17,unacceptable,framework,withheld,7.812499999999833e-05,0.008083333333333345,0.017416666666666667
final,9,4453058710129393425,32,12000,0.03,0.17,unacceptable,pooled,supported,0.00023177083333332515,0.011416666666666658,0.019666666666666666
final,9,4453058710129393425,32,12000,0.03,0.17,unacceptable,per_feature,withheld,0.00023177083333332515,0.011416666666666658,0.019666666666666666
final,9,4453058710129393425,32,12000,0.03,0.17,unacceptable,same_evidence,withheld,0.00023177083333332515,0.011416666666666658,0.019666666666666666
final,9,4453058710129393425,32,12000,0.03,0.17,unacceptable,framework,withheld,0.00023177083333332515,0.011416666666666658,0.019666666666666666
final,10,1032547238157548462,32,12000,0.03,0.17,unacceptable,pooled,supported,0.00045572916666665464,0.007916666666666669,0.024166666666666666
final,10,1032547238157548462,32,12000,0.03,0.17,unacceptable,per_feature,supported,0.00045572916666665464,0.007916666666666669,0.024166666666666666
final,10,1032547238157548462,32,12000,0.03,0.17,unacceptable,same_evidence,withheld,0.00045572916666665464,0.007916666666666669,0.024166666666666666
final,10,1032547238157548462,32,12000,0.03,0.17,unacceptable,framework,withheld,0.00045572916666665464,0.007916666666666669,0.024166666666666666
final,11,1514245803753696496,32,12000,0.03,0.17,unacceptable,pooled,supported,0.0007812499999999972,0.006750000000000006,0.020083333333333335
final,11,1514245803753696496,32,12000,0.03,0.17,unacceptable,per_feature,supported,0.0007812499999999972,0.006750000000000006,0.020083333333333335
final,11,1514245803753696496,32,12000,0.03,0.17,unacceptable,same_evidence,withheld,0.0007812499999999972,0.006750000000000006,0.020083333333333335
final,11,1514245803753696496,32,12000,0.03,0.17,unacceptable,framework,withheld,0.0007812499999999972,0.006750000000000006,0.020083333333333335
final,12,3647572212454188659,32,12000,0.03,0.17,unacceptable,pooled,supported,4.947916666665775e-05,0.00633333333333333,0.017333333333333336
final,12,3647572212454188659,32,12000,0.03,0.17,unacceptable,per_feature,supported,4.947916666665775e-05,0.00633333333333333,0.017333333333333336
final,12,3647572212454188659,32,12000,0.03,0.17,unacceptable,same_evidence,withheld,4.947916666665775e-05,0.00633333333333333,0.017333333333333336
final,12,3647572212454188659,32,12000,0.03,0.17,unacceptable,framework,withheld,4.947916666665775e-05,0.00633333333333333,0.017333333333333336
final,13,4602049540780373109,32,12000,0.03,0.17,unacceptable,pooled,supported,0.000296875000000002,0.011333333333333334,0.020583333333333332
final,13,4602049540780373109,32,12000,0.03,0.17,unacceptable,per_feature,withheld,0.000296875000000002,0.011333333333333334,0.020583333333333332
final,13,4602049540780373109,32,12000,0.03,0.17,unacceptable,same_evidence,withheld,0.000296875000000002,0.011333333333333334,0.020583333333333332
final,13,4602049540780373109,32,12000,0.03,0.17,unacceptable,framework,withheld,0.000296875000000002,0.011333333333333334,0.020583333333333332
final,14,2586433108502014732,32,12000,0.03,0.17,unacceptable,pooled,supported,0.0002864583333333226,0.007916666666666669,0.023416666666666665
final,14,2586433108502014732,32,12000,0.03,0.17,unacceptable,per_feature,supported,0.0002864583333333226,0.007916666666666669,0.023416666666666665
final,14,2586433108502014732,32,12000,0.03,0.17,unacceptable,same_evidence,withheld,0.0002864583333333226,0.007916666666666669,0.023416666666666665
final,14,2586433108502014732,32,12000,0.03,0.17,unacceptable,framework,withheld,0.0002864583333333226,0.007916666666666669,0.023416666666666665
final,15,4317641396505852415,32,12000,0.03,0.17,unacceptable,pooled,supported,0.00036718750000000466,0.009083333333333332,0.01725
final,15,4317641396505852415,32,12000,0.03,0.17,unacceptable,per_feature,supported,0.00036718750000000466,0.009083333333333332,0.01725
final,15,4317641396505852415,32,12000,0.03,0.17,unacceptable,same_evidence,withheld,0.00036718750000000466,0.009083333333333332,0.01725
final,15,4317641396505852415,32,12000,0.03,0.17,unacceptable,framework,withheld,0.00036718750000000466,0.009083333333333332,0.01725
final,16,4608416529106278680,32,12000,0.03,0.17,unacceptable,pooled,supported,0.00035677083333332527,0.010000000000000009,0.024916666666666667
final,16,4608416529106278680,32,12000,0.03,0.17,unacceptable,per_feature,withheld,0.00035677083333332527,0.010000000000000009,0.024916666666666667
final,16,4608416529106278680,32,12000,0.03,0.17,unacceptable,same_evidence,withheld,0.00035677083333332527,0.010000000000000009,0.024916666666666667
final,16,4608416529106278680,32,12000,0.03,0.17,unacceptable,framework,withheld,0.00035677083333332527,0.010000000000000009,0.024916666666666667
final,17,3807989848559424684,32,12000,0.03,0.17,unacceptable,pooled,supported,0.00020833333333333814,0.008333333333333331,0.02408333333333333
final,17,3807989848559424684,32,12000,0.03,0.17,unacceptable,per_feature,supported,0.00020833333333333814,0.008333333333333331,0.02408333333333333
final,17,3807989848559424684,32,12000,0.03,0.17,unacceptable,same_evidence,withheld,0.00020833333333333814,0.008333333333333331,0.02408333333333333
final,17,3807989848559424684,32,12000,0.03,0.17,unacceptable,framework,withheld,0.00020833333333333814,0.008333333333333331,0.02408333333333333
final,18,3979745828440541672,32,12000,0.03,0.17,unacceptable,pooled,supported,0.000296875000000002,0.007583333333333331,0.019583333333333335
final,18,3979745828440541672,32,12000,0.03,0.17,unacceptable,per_feature,supported,0.000296875000000002,0.007583333333333331,0.019583333333333335
final,18,3979745828440541672,32,12000,0.03,0.17,unacceptable,same_evidence,withheld,0.000296875000000002,0.007583333333333331,0.019583333333333335
final,18,3979745828440541672,32,12000,0.03,0.17,unacceptable,framework,withheld,0.000296875000000002,0.007583333333333331,0.019583333333333335
final,19,3765043578900208872,32,12000,0.03,0.17,unacceptable,pooled,supported,0.0003437500000000038,0.011416666666666658,0.013249999999999998
final,19,3765043578900208872,32,12000,0.03,0.17,unacceptable,per_feature,withheld,0.0003437500000000038,0.011416666666666658,0.013249999999999998
final,19,3765043578900208872,32,12000,0.03,0.17,unacceptable,same_evidence,withheld,0.0003437500000000038,0.011416666666666658,0.013249999999999998
final,19,3765043578900208872,32,12000,0.03,0.17,unacceptable,framework,withheld,0.0003437500000000038,0.011416666666666658,0.013249999999999998
final,20,3552501601419468031,32,12000,0.03,0.17,unacceptable,pooled,supported,0.00157291666666666,0.006416666666666668,0.020833333333333332
final,20,3552501601419468031,32,12000,0.03,0.17,unacceptable,per_feature,supported,0.00157291666666666,0.006416666666666668,0.020833333333333332
final,20,3552501601419468031,32,12000,0.03,0.17,unacceptable,same_evidence,withheld,0.00157291666666666,0.006416666666666668,0.020833333333333332
final,20,3552501601419468031,32,12000,0.03,0.17,unacceptable,framework,withheld,0.00157291666666666,0.006416666666666668,0.020833333333333332
final,21,352774853148142734,32,12000,0.03,0.17,unacceptable,pooled,supported,0.0006380208333333359,0.011333333333333334,0.020916666666666663
final,21,352774853148142734,32,12000,0.03,0.17,unacceptable,per_feature,withheld,0.0006380208333333359,0.011333333333333334,0.020916666666666663
final,21,352774853148142734,32,12000,0.03,0.17,unacceptable,same_evidence,withheld,0.0006380208333333359,0.011333333333333334,0.020916666666666663
final,21,352774853148142734,32,12000,0.03,0.17,unacceptable,framework,withheld,0.0006380208333333359,0.011333333333333334,0.020916666666666663
final,22,2344538278430245419,32,12000,0.03,0.17,unacceptable,pooled,supported,2.6041666666559715e-06,0.007916666666666669,0.021500000000000002
final,22,2344538278430245419,32,12000,0.03,0.17,unacceptable,per_feature,supported,2.6041666666559715e-06,0.007916666666666669,0.021500000000000002
final,22,2344538278430245419,32,12000,0.03,0.17,unacceptable,same_evidence,withheld,2.6041666666559715e-06,0.007916666666666669,0.021500000000000002
final,22,2344538278430245419,32,12000,0.03,0.17,unacceptable,framework,withheld,2.6041666666559715e-06,0.007916666666666669,0.021500000000000002
final,23,4254273786840712112,32,12000,0.03,0.17,unacceptable,pooled,supported,8.07291666666543e-05,0.011499999999999996,0.0245
final,23,4254273786840712112,32,12000,0.03,0.17,unacceptable,per_feature,withheld,8.07291666666543e-05,0.011499999999999996,0.0245
final,23,4254273786840712112,32,12000,0.03,0.17,unacceptable,same_evidence,withheld,8.07291666666543e-05,0.011499999999999996,0.0245
final,23,4254273786840712112,32,12000,0.03,0.17,unacceptable,framework,withheld,8.07291666666543e-05,0.011499999999999996,0.0245
final,24,620524029061993945,32,12000,0.03,0.17,unacceptable,pooled,supported,0.0005885416666666782,0.010166666666666671,0.020916666666666663
final,24,620524029061993945,32,12000,0.03,0.17,unacceptable,per_feature,withheld,0.0005885416666666782,0.010166666666666671,0.020916666666666663
final,24,620524029061993945,32,12000,0.03,0.17,unacceptable,same_evidence,withheld,0.0005885416666666782,0.010166666666666671,0.020916666666666663
final,24,620524029061993945,32,12000,0.03,0.17,unacceptable,framework,withheld,0.0005885416666666782,0.010166666666666671,0.020916666666666663
final,25,753162872615572419,32,12000,0.03,0.17,unacceptable,pooled,supported,0.0004401041666666633,0.009166666666666656,0.024333333333333335
final,25,753162872615572419,32,12000,0.03,0.17,unacceptable,per_feature,supported,0.0004401041666666633,0.009166666666666656,0.024333333333333335
final,25,753162872615572419,32,12000,0.03,0.17,unacceptable,same_evidence,withheld,0.0004401041666666633,0.009166666666666656,0.024333333333333335
final,25,753162872615572419,32,12000,0.03,0.17,unacceptable,framework,withheld,0.0004401041666666633,0.009166666666666656,0.024333333333333335
final,26,3389199665798306124,32,12000,0.03,0.17,unacceptable,pooled,supported,0.0009739583333333302,0.00816666666666667,0.018999999999999996
final,26,3389199665798306124,32,12000,0.03,0.17,unacceptable,per_feature,supported,0.0009739583333333302,0.00816666666666667,0.018999999999999996
final,26,3389199665798306124,32,12000,0.03,0.17,unacceptable,same_evidence,withheld,0.0009739583333333302,0.00816666666666667,0.018999999999999996
final,26,3389199665798306124,32,12000,0.03,0.17,unacceptable,framework,withheld,0.0009739583333333302,0.00816666666666667,0.018999999999999996
final,27,1715532386645068546,32,12000,0.03,0.17,unacceptable,pooled,supported,0.000807291666666668,0.009583333333333333,0.018833333333333334
final,27,1715532386645068546,32,12000,0.03,0.17,unacceptable,per_feature,supported,0.000807291666666668,0.009583333333333333,0.018833333333333334
final,27,1715532386645068546,32,12000,0.03,0.17,unacceptable,same_evidence,withheld,0.000807291666666668,0.009583333333333333,0.018833333333333334
final,27,1715532386645068546,32,12000,0.03,0.17,unacceptable,framework,withheld,0.000807291666666668,0.009583333333333333,0.018833333333333334
final,28,1822582142206744596,32,12000,0.03,0.17,unacceptable,pooled,supported,0.0005156249999999918,0.010083333333333333,0.02441666666666667
final,28,1822582142206744596,32,12000,0.03,0.17,unacceptable,per_feature,withheld,0.0005156249999999918,0.010083333333333333,0.02441666666666667
final,28,1822582142206744596,32,12000,0.03,0.17,unacceptable,same_evidence,withheld,0.0005156249999999918,0.010083333333333333,0.02441666666666667
final,28,1822582142206744596,32,12000,0.03,0.17,unacceptable,framework,withheld,0.0005156249999999918,0.010083333333333333,0.02441666666666667
final,29,1578958110536508701,32,12000,0.03,0.17,unacceptable,pooled,supported,0.0010520833333333285,0.009749999999999995,0.021666666666666664
final,29,1578958110536508701,32,12000,0.03,0.17,unacceptable,per_feature,supported,0.0010520833333333285,0.009749999999999995,0.021666666666666664
final,29,1578958110536508701,32,12000,0.03,0.17,unacceptable,same_evidence,withheld,0.0010520833333333285,0.009749999999999995,0.021666666666666664
final,29,1578958110536508701,32,12000,0.03,0.17,unacceptable,framework,withheld,0.0010520833333333285,0.009749999999999995,0.021666666666666664
final,30,1028882219897356181,32,12000,0.03,0.17,unacceptable,pooled,supported,0.0008854166666666802,0.00866666666666667,0.01908333333333333
final,30,1028882219897356181,32,12000,0.03,0.17,unacceptable,per_feature,supported,0.0008854166666666802,0.00866666666666667,0.01908333333333333
final,30,1028882219897356181,32,12000,0.03,0.17,unacceptable,same_evidence,withheld,0.0008854166666666802,0.00866666666666667,0.01908333333333333
final,30,1028882219897356181,32,12000,0.03,0.17,unacceptable,framework,withheld,0.0008854166666666802,0.00866666666666667,0.01908333333333333
final,31,1721548170273723913,32,12000,0.03,0.17,unacceptable,pooled,supported,0.0003411458333333339,0.011916666666666659,0.022083333333333333
final,31,1721548170273723913,32,12000,0.03,0.17,unacceptable,per_feature,withheld,0.0003411458333333339,0.011916666666666659,0.022083333333333333
final,31,1721548170273723913,32,12000,0.03,0.17,unacceptable,same_evidence,withheld,0.0003411458333333339,0.011916666666666659,0.022083333333333333
final,31,1721548170273723913,32,12000,0.03,0.17,unacceptable,framework,withheld,0.0003411458333333339,0.011916666666666659,0.022083333333333333
final,32,2643817175217055474,32,12000,0.03,0.17,unacceptable,pooled,supported,0.00046093749999999434,0.005666666666666667,0.017833333333333333
final,32,2643817175217055474,32,12000,0.03,0.17,unacceptable,per_feature,supported,0.00046093749999999434,0.005666666666666667,0.017833333333333333
final,32,2643817175217055474,32,12000,0.03,0.17,unacceptable,same_evidence,withheld,0.00046093749999999434,0.005666666666666667,0.017833333333333333
final,32,2643817175217055474,32,12000,0.03,0.17,unacceptable,framework,withheld,0.00046093749999999434,0.005666666666666667,0.017833333333333333
final,33,1406962295571339509,32,12000,0.03,0.17,unacceptable,pooled,supported,0.0015468750000000031,0.009749999999999995,0.019833333333333335
final,33,1406962295571339509,32,12000,0.03,0.17,unacceptable,per_feature,supported,0.0015468750000000031,0.009749999999999995,0.019833333333333335
final,33,1406962295571339509,32,12000,0.03,0.17,unacceptable,same_evidence,withheld,0.0015468750000000031,0.009749999999999995,0.019833333333333335
final,33,1406962295571339509,32,12000,0.03,0.17,unacceptable,framework,withheld,0.0015468750000000031,0.009749999999999995,0.019833333333333335
final,34,107477953897828788,32,12000,0.03,0.17,unacceptable,pooled,supported,8.333333333335191e-05,0.011333333333333334,0.02066666666666667
final,34,107477953897828788,32,12000,0.03,0.17,unacceptable,per_feature,withheld,8.333333333335191e-05,0.011333333333333334,0.02066666666666667
final,34,107477953897828788,32,12000,0.03,0.17,unacceptable,same_evidence,withheld,8.333333333335191e-05,0.011333333333333334,0.02066666666666667
final,34,107477953897828788,32,12000,0.03,0.17,unacceptable,framework,withheld,8.333333333335191e-05,0.011333333333333334,0.02066666666666667
final,35,95952797835909220,32,12000,0.03,0.17,unacceptable,pooled,supported,0.0013619791666666659,0.006499999999999992,0.018166666666666664
final,35,95952797835909220,32,12000,0.03,0.17,unacceptable,per_feature,supported,0.0013619791666666659,0.006499999999999992,0.018166666666666664
final,35,95952797835909220,32,12000,0.03,0.17,unacceptable,same_evidence,withheld,0.0013619791666666659,0.006499999999999992,0.018166666666666664
final,35,95952797835909220,32,12000,0.03,0.17,unacceptable,framework,withheld,0.0013619791666666659,0.006499999999999992,0.018166666666666664
final,36,3455279780180654047,32,12000,0.03,0.17,unacceptable,pooled,supported,0.0006093749999999953,0.010083333333333333,0.016
final,36,3455279780180654047,32,12000,0.03,0.17,unacceptable,per_feature,withheld,0.0006093749999999953,0.010083333333333333,0.016
final,36,3455279780180654047,32,12000,0.03,0.17,unacceptable,same_evidence,withheld,0.0006093749999999953,0.010083333333333333,0.016
final,36,3455279780180654047,32,12000,0.03,0.17,unacceptable,framework,withheld,0.0006093749999999953,0.010083333333333333,0.016
final,37,1948709867355011502,32,12000,0.03,0.17,unacceptable,pooled,supported,0.00028906249999999245,0.00891666666666667,0.023249999999999996
final,37,1948709867355011502,32,12000,0.03,0.17,unacceptable,per_feature,supported,0.00028906249999999245,0.00891666666666667,0.023249999999999996
final,37,1948709867355011502,32,12000,0.03,0.17,unacceptable,same_evidence,withheld,0.00028906249999999245,0.00891666666666667,0.023249999999999996
final,37,1948709867355011502,32,12000,0.03,0.17,unacceptable,framework,withheld,0.00028906249999999245,0.00891666666666667,0.023249999999999996
final,38,1016499871754243001,32,12000,0.03,0.17,unacceptable,pooled,supported,0.0002682291666666614,0.006916666666666668,0.02275
final,38,1016499871754243001,32,12000,0.03,0.17,unacceptable,per_feature,supported,0.0002682291666666614,0.006916666666666668,0.02275
final,38,1016499871754243001,32,12000,0.03,0.17,unacceptable,same_evidence,withheld,0.0002682291666666614,0.006916666666666668,0.02275
final,38,1016499871754243001,32,12000,0.03,0.17,unacceptable,framework,withheld,0.0002682291666666614,0.006916666666666668,0.02275
final,39,345603201531789072,32,12000,0.03,0.17,unacceptable,pooled,supported,3.3854166666680285e-05,0.010999999999999996,0.021333333333333336
final,39,345603201531789072,32,12000,0.03,0.17,unacceptable,per_feature,withheld,3.3854166666680285e-05,0.010999999999999996,0.021333333333333336
final,39,345603201531789072,32,12000,0.03,0.17,unacceptable,same_evidence,withheld,3.3854166666680285e-05,0.010999999999999996,0.021333333333333336
final,39,345603201531789072,32,12000,0.03,0.17,unacceptable,framework,withheld,3.3854166666680285e-05,0.010999999999999996,0.021333333333333336
final,40,4541870439105617258,32,12000,0.03,0.17,unacceptable,pooled,supported,0.00045052083333331494,0.0072499999999999926,0.018750000000000003
final,40,4541870439105617258,32,12000,0.03,0.17,unacceptable,per_feature,supported,0.00045052083333331494,0.0072499999999999926,0.018750000000000003
final,40,4541870439105617258,32,12000,0.03,0.17,unacceptable,same_evidence,withheld,0.00045052083333331494,0.0072499999999999926,0.018750000000000003
final,40,4541870439105617258,32,12000,0.03,0.17,unacceptable,framework,withheld,0.00045052083333331494,0.0072499999999999926,0.018750000000000003
final,41,3420429248884856699,32,12000,0.03,0.17,unacceptable,pooled,supported,0.0003125000000000072,0.00633333333333333,0.020999999999999998
final,41,3420429248884856699,32,12000,0.03,0.17,unacceptable,per_feature,supported,0.0003125000000000072,0.00633333333333333,0.020999999999999998
final,41,3420429248884856699,32,12000,0.03,0.17,unacceptable,same_evidence,withheld,0.0003125000000000072,0.00633333333333333,0.020999999999999998
final,41,3420429248884856699,32,12000,0.03,0.17,unacceptable,framework,withheld,0.0003125000000000072,0.00633333333333333,0.020999999999999998
final,42,909771669687091507,32,12000,0.03,0.17,unacceptable,pooled,supported,0.0004296874999999978,0.00866666666666667,0.022333333333333337
final,42,909771669687091507,32,12000,0.03,0.17,unacceptable,per_feature,supported,0.0004296874999999978,0.00866666666666667,0.022333333333333337
final,42,909771669687091507,32,12000,0.03,0.17,unacceptable,same_evidence,withheld,0.0004296874999999978,0.00866666666666667,0.022333333333333337
final,42,909771669687091507,32,12000,0.03,0.17,unacceptable,framework,withheld,0.0004296874999999978,0.00866666666666667,0.022333333333333337
final,43,3033411013546653251,32,12000,0.03,0.17,unacceptable,pooled,supported,0.0007239583333333299,0.010333333333333333,0.019
final,43,3033411013546653251,32,12000,0.03,0.17,unacceptable,per_feature,withheld,0.0007239583333333299,0.010333333333333333,0.019
final,43,3033411013546653251,32,12000,0.03,0.17,unacceptable,same_evidence,withheld,0.0007239583333333299,0.010333333333333333,0.019
final,43,3033411013546653251,32,12000,0.03,0.17,unacceptable,framework,withheld,0.0007239583333333299,0.010333333333333333,0.019
final,44,297713155607065808,32,12000,0.03,0.17,unacceptable,pooled,supported,0.0005989583333333159,0.009499999999999995,0.021083333333333332
final,44,297713155607065808,32,12000,0.03,0.17,unacceptable,per_feature,supported,0.0005989583333333159,0.009499999999999995,0.021083333333333332
final,44,297713155607065808,32,12000,0.03,0.17,unacceptable,same_evidence,withheld,0.0005989583333333159,0.009499999999999995,0.021083333333333332
final,44,297713155607065808,32,12000,0.03,0.17,unacceptable,framework,withheld,0.0005989583333333159,0.009499999999999995,0.021083333333333332
final,45,2192653114148277715,32,12000,0.03,0.17,unacceptable,pooled,supported,0.0008151041666666636,0.011083333333333334,0.014166666666666664
final,45,2192653114148277715,32,12000,0.03,0.17,unacceptable,per_feature,withheld,0.0008151041666666636,0.011083333333333334,0.014166666666666664
final,45,2192653114148277715,32,12000,0.03,0.17,unacceptable,same_evidence,withheld,0.0008151041666666636,0.011083333333333334,0.014166666666666664
final,45,2192653114148277715,32,12000,0.03,0.17,unacceptable,framework,withheld,0.0008151041666666636,0.011083333333333334,0.014166666666666664
final,46,1172304302294521965,32,12000,0.03,0.17,unacceptable,pooled,supported,0.00031249999999999334,0.0072499999999999926,0.019083333333333334
final,46,1172304302294521965,32,12000,0.03,0.17,unacceptable,per_feature,supported,0.00031249999999999334,0.0072499999999999926,0.019083333333333334
final,46,1172304302294521965,32,12000,0.03,0.17,unacceptable,same_evidence,withheld,0.00031249999999999334,0.0072499999999999926,0.019083333333333334
final,46,1172304302294521965,32,12000,0.03,0.17,unacceptable,framework,withheld,0.00031249999999999334,0.0072499999999999926,0.019083333333333334
final,47,1700065500280471002,32,12000,0.03,0.17,unacceptable,pooled,supported,0.0010572916666666682,0.012750000000000011,0.01908333333333333
final,47,1700065500280471002,32,12000,0.03,0.17,unacceptable,per_feature,withheld,0.0010572916666666682,0.012750000000000011,0.01908333333333333
final,47,1700065500280471002,32,12000,0.03,0.17,unacceptable,same_evidence,withheld,0.0010572916666666682,0.012750000000000011,0.01908333333333333
final,47,1700065500280471002,32,12000,0.03,0.17,unacceptable,framework,withheld,0.0010572916666666682,0.012750000000000011,0.01908333333333333
final,48,467179536255100805,32,12000,0.03,0.17,unacceptable,pooled,supported,0.0004557291666666685,0.009333333333333332,0.024749999999999998
final,48,467179536255100805,32,12000,0.03,0.17,unacceptable,per_feature,supported,0.0004557291666666685,0.009333333333333332,0.024749999999999998
final,48,467179536255100805,32,12000,0.03,0.17,unacceptable,same_evidence,withheld,0.0004557291666666685,0.009333333333333332,0.024749999999999998
final,48,467179536255100805,32,12000,0.03,0.17,unacceptable,framework,withheld,0.0004557291666666685,0.009333333333333332,0.024749999999999998
final,49,463135510636054123,32,12000,0.03,0.17,unacceptable,pooled,supported,0.00029427083333333215,0.00816666666666667,0.018166666666666664
final,49,463135510636054123,32,12000,0.03,0.17,unacceptable,per_feature,supported,0.00029427083333333215,0.00816666666666667,0.018166666666666664
final,49,463135510636054123,32,12000,0.03,0.17,unacceptable,same_evidence,withheld,0.00029427083333333215,0.00816666666666667,0.018166666666666664
final,49,463135510636054123,32,12000,0.03,0.17,unacceptable,framework,withheld,0.00029427083333333215,0.00816666666666667,0.018166666666666664
final,50,373130839468021665,32,12000,0.03,0.17,unacceptable,pooled,supported,0.0002786458333333547,0.009333333333333332,0.022583333333333334
final,50,373130839468021665,32,12000,0.03,0.17,unacceptable,per_feature,supported,0.0002786458333333547,0.009333333333333332,0.022583333333333334
final,50,373130839468021665,32,12000,0.03,0.17,unacceptable,same_evidence,withheld,0.0002786458333333547,0.009333333333333332,0.022583333333333334
final,50,373130839468021665,32,12000,0.03,0.17,unacceptable,framework,withheld,0.0002786458333333547,0.009333333333333332,0.022583333333333334
final,51,1147219089366289922,32,12000,0.03,0.17,unacceptable,pooled,supported,0.0012708333333333321,0.009999999999999995,0.02066666666666667
final,51,1147219089366289922,32,12000,0.03,0.17,unacceptable,per_feature,supported,0.0012708333333333321,0.009999999999999995,0.02066666666666667
final,51,1147219089366289922,32,12000,0.03,0.17,unacceptable,same_evidence,withheld,0.0012708333333333321,0.009999999999999995,0.02066666666666667
final,51,1147219089366289922,32,12000,0.03,0.17,unacceptable,framework,withheld,0.0012708333333333321,0.009999999999999995,0.02066666666666667
final,52,2721379579427509101,32,12000,0.03,0.17,unacceptable,pooled,supported,0.0002682291666666753,0.009333333333333332,0.01658333333333334
final,52,2721379579427509101,32,12000,0.03,0.17,unacceptable,per_feature,supported,0.0002682291666666753,0.009333333333333332,0.01658333333333334
final,52,2721379579427509101,32,12000,0.03,0.17,unacceptable,same_evidence,withheld,0.0002682291666666753,0.009333333333333332,0.01658333333333334
final,52,2721379579427509101,32,12000,0.03,0.17,unacceptable,framework,withheld,0.0002682291666666753,0.009333333333333332,0.01658333333333334
final,53,4454970929273066540,32,12000,0.03,0.17,unacceptable,pooled,supported,0.000359375000000009,0.006000000000000005,0.020833333333333336
final,53,4454970929273066540,32,12000,0.03,0.17,unacceptable,per_feature,supported,0.000359375000000009,0.006000000000000005,0.020833333333333336
final,53,4454970929273066540,32,12000,0.03,0.17,unacceptable,same_evidence,withheld,0.000359375000000009,0.006000000000000005,0.020833333333333336
final,53,4454970929273066540,32,12000,0.03,0.17,unacceptable,framework,withheld,0.000359375000000009,0.006000000000000005,0.020833333333333336
final,54,328102029475380499,32,12000,0.03,0.17,unacceptable,pooled,supported,0.0007369791666666514,0.011416666666666672,0.021833333333333337
final,54,328102029475380499,32,12000,0.03,0.17,unacceptable,per_feature,withheld,0.0007369791666666514,0.011416666666666672,0.021833333333333337
final,54,328102029475380499,32,12000,0.03,0.17,unacceptable,same_evidence,withheld,0.0007369791666666514,0.011416666666666672,0.021833333333333337
final,54,328102029475380499,32,12000,0.03,0.17,unacceptable,framework,withheld,0.0007369791666666514,0.011416666666666672,0.021833333333333337
final,55,842035447945392531,32,12000,0.03,0.17,unacceptable,pooled,supported,0.00029947916666667185,0.006916666666666668,0.019000000000000003
final,55,842035447945392531,32,12000,0.03,0.17,unacceptable,per_feature,supported,0.00029947916666667185,0.006916666666666668,0.019000000000000003
final,55,842035447945392531,32,12000,0.03,0.17,unacceptable,same_evidence,withheld,0.00029947916666667185,0.006916666666666668,0.019000000000000003
final,55,842035447945392531,32,12000,0.03,0.17,unacceptable,framework,withheld,0.00029947916666667185,0.006916666666666668,0.019000000000000003
final,56,463574307131509992,32,12000,0.03,0.17,unacceptable,pooled,supported,0.0004557291666666685,0.005666666666666667,0.021083333333333336
final,56,463574307131509992,32,12000,0.03,0.17,unacceptable,per_feature,supported,0.0004557291666666685,0.005666666666666667,0.021083333333333336
final,56,463574307131509992,32,12000,0.03,0.17,unacceptable,same_evidence,withheld,0.0004557291666666685,0.005666666666666667,0.021083333333333336
final,56,463574307131509992,32,12000,0.03,0.17,unacceptable,framework,withheld,0.0004557291666666685,0.005666666666666667,0.021083333333333336
final,57,3816514201630571361,32,12000,0.03,0.17,unacceptable,pooled,supported,0.000210937500000008,0.009250000000000008,0.016749999999999994
final,57,3816514201630571361,32,12000,0.03,0.17,unacceptable,per_feature,supported,0.000210937500000008,0.009250000000000008,0.016749999999999994
final,57,3816514201630571361,32,12000,0.03,0.17,unacceptable,same_evidence,withheld,0.000210937500000008,0.009250000000000008,0.016749999999999994
final,57,3816514201630571361,32,12000,0.03,0.17,unacceptable,framework,withheld,0.000210937500000008,0.009250000000000008,0.016749999999999994
final,58,1148766811833958625,32,12000,0.03,0.17,unacceptable,pooled,supported,0.000955729166666669,0.0060833333333333295,0.018999999999999996
final,58,1148766811833958625,32,12000,0.03,0.17,unacceptable,per_feature,supported,0.000955729166666669,0.0060833333333333295,0.018999999999999996
final,58,1148766811833958625,32,12000,0.03,0.17,unacceptable,same_evidence,withheld,0.000955729166666669,0.0060833333333333295,0.018999999999999996
final,58,1148766811833958625,32,12000,0.03,0.17,unacceptable,framework,withheld,0.000955729166666669,0.0060833333333333295,0.018999999999999996
final,59,3796460411049275789,32,12000,0.03,0.17,unacceptable,pooled,supported,0.0008880208333333361,0.00991666666666667,0.023333333333333334
final,59,3796460411049275789,32,12000,0.03,0.17,unacceptable,per_feature,supported,0.0008880208333333361,0.00991666666666667,0.023333333333333334
final,59,3796460411049275789,32,12000,0.03,0.17,unacceptable,same_evidence,withheld,0.0008880208333333361,0.00991666666666667,0.023333333333333334
final,59,3796460411049275789,32,12000,0.03,0.17,unacceptable,framework,withheld,0.0008880208333333361,0.00991666666666667,0.023333333333333334
final,60,3670078087696985701,32,12000,0.03,0.17,unacceptable,pooled,supported,0.00036718750000000466,0.009749999999999995,0.022833333333333334
final,60,3670078087696985701,32,12000,0.03,0.17,unacceptable,per_feature,supported,0.00036718750000000466,0.009749999999999995,0.022833333333333334
final,60,3670078087696985701,32,12000,0.03,0.17,unacceptable,same_evidence,withheld,0.00036718750000000466,0.009749999999999995,0.022833333333333334
final,60,3670078087696985701,32,12000,0.03,0.17,unacceptable,framework,withheld,0.00036718750000000466,0.009749999999999995,0.022833333333333334
final,61,2778636698031162617,32,12000,0.03,0.17,unacceptable,pooled,supported,0.0008854166666666663,0.009000000000000008,0.017833333333333333
final,61,2778636698031162617,32,12000,0.03,0.17,unacceptable,per_feature,supported,0.0008854166666666663,0.009000000000000008,0.017833333333333333
final,61,2778636698031162617,32,12000,0.03,0.17,unacceptable,same_evidence,withheld,0.0008854166666666663,0.009000000000000008,0.017833333333333333
final,61,2778636698031162617,32,12000,0.03,0.17,unacceptable,framework,withheld,0.0008854166666666663,0.009000000000000008,0.017833333333333333
final,62,1730500284371857153,32,12000,0.03,0.17,unacceptable,pooled,supported,4.166666666666208e-05,0.009499999999999995,0.02275
final,62,1730500284371857153,32,12000,0.03,0.17,unacceptable,per_feature,supported,4.166666666666208e-05,0.009499999999999995,0.02275
final,62,1730500284371857153,32,12000,0.03,0.17,unacceptable,same_evidence,withheld,4.166666666666208e-05,0.009499999999999995,0.02275
final,62,1730500284371857153,32,12000,0.03,0.17,unacceptable,framework,withheld,4.166666666666208e-05,0.009499999999999995,0.02275
final,63,3776703153122797243,32,12000,0.03,0.17,unacceptable,pooled,supported,0.0011302083333333407,0.01050000000000001,0.018250000000000002
final,63,3776703153122797243,32,12000,0.03,0.17,unacceptable,per_feature,withheld,0.0011302083333333407,0.01050000000000001,0.018250000000000002
final,63,3776703153122797243,32,12000,0.03,0.17,unacceptable,same_evidence,withheld,0.0011302083333333407,0.01050000000000001,0.018250000000000002
final,63,3776703153122797243,32,12000,0.03,0.17,unacceptable,framework,withheld,0.0011302083333333407,0.01050000000000001,0.018250000000000002
final,64,1402232960337890704,32,12000,0.03,0.17,unacceptable,pooled,supported,0.00035156249999999944,0.007416666666666669,0.019416666666666665
final,64,1402232960337890704,32,12000,0.03,0.17,unacceptable,per_feature,supported,0.00035156249999999944,0.007416666666666669,0.019416666666666665
final,64,1402232960337890704,32,12000,0.03,0.17,unacceptable,same_evidence,withheld,0.00035156249999999944,0.007416666666666669,0.019416666666666665
final,64,1402232960337890704,32,12000,0.03,0.17,unacceptable,framework,withheld,0.00035156249999999944,0.007416666666666669,0.019416666666666665
final,65,4450702867850790139,32,12000,0.03,0.17,unacceptable,pooled,supported,0.00110416666666667,0.012249999999999997,0.01941666666666667
final,65,4450702867850790139,32,12000,0.03,0.17,unacceptable,per_feature,withheld,0.00110416666666667,0.012249999999999997,0.01941666666666667
final,65,4450702867850790139,32,12000,0.03,0.17,unacceptable,same_evidence,withheld,0.00110416666666667,0.012249999999999997,0.01941666666666667
final,65,4450702867850790139,32,12000,0.03,0.17,unacceptable,framework,withheld,0.00110416666666667,0.012249999999999997,0.01941666666666667
final,66,2620565277296532295,32,12000,0.03,0.17,unacceptable,pooled,supported,0.0008020833333333283,0.009499999999999995,0.02066666666666667
final,66,2620565277296532295,32,12000,0.03,0.17,unacceptable,per_feature,supported,0.0008020833333333283,0.009499999999999995,0.02066666666666667
final,66,2620565277296532295,32,12000,0.03,0.17,unacceptable,same_evidence,withheld,0.0008020833333333283,0.009499999999999995,0.02066666666666667
final,66,2620565277296532295,32,12000,0.03,0.17,unacceptable,framework,withheld,0.0008020833333333283,0.009499999999999995,0.02066666666666667
final,67,3410662337302460537,32,12000,0.03,0.17,unacceptable,pooled,supported,0.0013020833333333426,0.009833333333333333,0.021333333333333333
final,67,3410662337302460537,32,12000,0.03,0.17,unacceptable,per_feature,supported,0.0013020833333333426,0.009833333333333333,0.021333333333333333
final,67,3410662337302460537,32,12000,0.03,0.17,unacceptable,same_evidence,withheld,0.0013020833333333426,0.009833333333333333,0.021333333333333333
final,67,3410662337302460537,32,12000,0.03,0.17,unacceptable,framework,withheld,0.0013020833333333426,0.009833333333333333,0.021333333333333333
final,68,857500239487765656,32,12000,0.03,0.17,unacceptable,pooled,supported,0.00041666666666664853,0.009999999999999995,0.022750000000000003
final,68,857500239487765656,32,12000,0.03,0.17,unacceptable,per_feature,supported,0.00041666666666664853,0.009999999999999995,0.022750000000000003
final,68,857500239487765656,32,12000,0.03,0.17,unacceptable,same_evidence,withheld,0.00041666666666664853,0.009999999999999995,0.022750000000000003
final,68,857500239487765656,32,12000,0.03,0.17,unacceptable,framework,withheld,0.00041666666666664853,0.009999999999999995,0.022750000000000003
final,69,2545732476983618966,32,12000,0.03,0.17,unacceptable,pooled,supported,0.0003776041666666563,0.009250000000000008,0.020416666666666666
final,69,2545732476983618966,32,12000,0.03,0.17,unacceptable,per_feature,supported,0.0003776041666666563,0.009250000000000008,0.020416666666666666
final,69,2545732476983618966,32,12000,0.03,0.17,unacceptable,same_evidence,withheld,0.0003776041666666563,0.009250000000000008,0.020416666666666666
final,69,2545732476983618966,32,12000,0.03,0.17,unacceptable,framework,withheld,0.0003776041666666563,0.009250000000000008,0.020416666666666666
final,70,584648548434954994,32,12000,0.03,0.17,unacceptable,pooled,supported,0.00026562500000000544,0.012416666666666673,0.018833333333333334
final,70,584648548434954994,32,12000,0.03,0.17,unacceptable,per_feature,withheld,0.00026562500000000544,0.012416666666666673,0.018833333333333334
final,70,584648548434954994,32,12000,0.03,0.17,unacceptable,same_evidence,withheld,0.00026562500000000544,0.012416666666666673,0.018833333333333334
final,70,584648548434954994,32,12000,0.03,0.17,unacceptable,framework,withheld,0.00026562500000000544,0.012416666666666673,0.018833333333333334
final,71,1872937588521934694,32,12000,0.03,0.17,unacceptable,pooled,supported,0.0013619791666666659,0.009833333333333333,0.023
final,71,1872937588521934694,32,12000,0.03,0.17,unacceptable,per_feature,supported,0.0013619791666666659,0.009833333333333333,0.023
final,71,1872937588521934694,32,12000,0.03,0.17,unacceptable,same_evidence,withheld,0.0013619791666666659,0.009833333333333333,0.023
final,71,1872937588521934694,32,12000,0.03,0.17,unacceptable,framework,withheld,0.0013619791666666659,0.009833333333333333,0.023
final,72,1276013587712161007,32,12000,0.03,0.17,unacceptable,pooled,supported,0.0013020833333333426,0.008583333333333332,0.026416666666666665
final,72,1276013587712161007,32,12000,0.03,0.17,unacceptable,per_feature,supported,0.0013020833333333426,0.008583333333333332,0.026416666666666665
final,72,1276013587712161007,32,12000,0.03,0.17,unacceptable,same_evidence,withheld,0.0013020833333333426,0.008583333333333332,0.026416666666666665
final,72,1276013587712161007,32,12000,0.03,0.17,unacceptable,framework,withheld,0.0013020833333333426,0.008583333333333332,0.026416666666666665
final,73,546776632932692220,32,12000,0.03,0.17,unacceptable,pooled,supported,0.0007500000000000007,0.009083333333333332,0.015416666666666665
final,73,546776632932692220,32,12000,0.03,0.17,unacceptable,per_feature,supported,0.0007500000000000007,0.009083333333333332,0.015416666666666665
final,73,546776632932692220,32,12000,0.03,0.17,unacceptable,same_evidence,withheld,0.0007500000000000007,0.009083333333333332,0.015416666666666665
final,73,546776632932692220,32,12000,0.03,0.17,unacceptable,framework,withheld,0.0007500000000000007,0.009083333333333332,0.015416666666666665
final,74,1987145809738810440,32,12000,0.03,0.17,unacceptable,pooled,supported,0.0005703125000000031,0.0061666666666666675,0.020916666666666667
final,74,1987145809738810440,32,12000,0.03,0.17,unacceptable,per_feature,supported,0.0005703125000000031,0.0061666666666666675,0.020916666666666667
final,74,1987145809738810440,32,12000,0.03,0.17,unacceptable,same_evidence,withheld,0.0005703125000000031,0.0061666666666666675,0.020916666666666667
final,74,1987145809738810440,32,12000,0.03,0.17,unacceptable,framework,withheld,0.0005703125000000031,0.0061666666666666675,0.020916666666666667
final,75,2429975607234698564,32,12000,0.03,0.17,unacceptable,pooled,supported,0.0002630208333333356,0.007000000000000006,0.021
final,75,2429975607234698564,32,12000,0.03,0.17,unacceptable,per_feature,supported,0.0002630208333333356,0.007000000000000006,0.021
final,75,2429975607234698564,32,12000,0.03,0.17,unacceptable,same_evidence,withheld,0.0002630208333333356,0.007000000000000006,0.021
final,75,2429975607234698564,32,12000,0.03,0.17,unacceptable,framework,withheld,0.0002630208333333356,0.007000000000000006,0.021
final,76,2617648591037767852,32,12000,0.03,0.17,unacceptable,pooled,supported,5.4687500000011324e-05,0.010249999999999995,0.01566666666666667
final,76,2617648591037767852,32,12000,0.03,0.17,unacceptable,per_feature,withheld,5.4687500000011324e-05,0.010249999999999995,0.01566666666666667
final,76,2617648591037767852,32,12000,0.03,0.17,unacceptable,same_evidence,withheld,5.4687500000011324e-05,0.010249999999999995,0.01566666666666667
final,76,2617648591037767852,32,12000,0.03,0.17,unacceptable,framework,withheld,5.4687500000011324e-05,0.010249999999999995,0.01566666666666667
final,77,3307025281192761951,32,12000,0.03,0.17,unacceptable,pooled,supported,0.0007083333333333247,0.009916666666666657,0.019000000000000003
final,77,3307025281192761951,32,12000,0.03,0.17,unacceptable,per_feature,supported,0.0007083333333333247,0.009916666666666657,0.019000000000000003
final,77,3307025281192761951,32,12000,0.03,0.17,unacceptable,same_evidence,withheld,0.0007083333333333247,0.009916666666666657,0.019000000000000003
final,77,3307025281192761951,32,12000,0.03,0.17,unacceptable,framework,withheld,0.0007083333333333247,0.009916666666666657,0.019000000000000003
final,78,3133123413862807460,32,12000,0.03,0.17,unacceptable,pooled,supported,0.0014817708333333124,0.013916666666666674,0.019083333333333334
final,78,3133123413862807460,32,12000,0.03,0.17,unacceptable,per_feature,withheld,0.0014817708333333124,0.013916666666666674,0.019083333333333334
final,78,3133123413862807460,32,12000,0.03,0.17,unacceptable,same_evidence,withheld,0.0014817708333333124,0.013916666666666674,0.019083333333333334
final,78,3133123413862807460,32,12000,0.03,0.17,unacceptable,framework,withheld,0.0014817708333333124,0.013916666666666674,0.019083333333333334
final,79,491350373572320200,32,12000,0.03,0.17,unacceptable,pooled,supported,0.0003880208333333357,0.010250000000000009,0.021333333333333333
final,79,491350373572320200,32,12000,0.03,0.17,unacceptable,per_feature,withheld,0.0003880208333333357,0.010250000000000009,0.021333333333333333
final,79,491350373572320200,32,12000,0.03,0.17,unacceptable,same_evidence,withheld,0.0003880208333333357,0.010250000000000009,0.021333333333333333
final,79,491350373572320200,32,12000,0.03,0.17,unacceptable,framework,withheld,0.0003880208333333357,0.010250000000000009,0.021333333333333333
final,80,2987281185194488995,32,12000,0.03,0.17,unacceptable,pooled,supported,0.00018749999999999323,0.010083333333333333,0.018
final,80,2987281185194488995,32,12000,0.03,0.17,unacceptable,per_feature,withheld,0.00018749999999999323,0.010083333333333333,0.018
final,80,2987281185194488995,32,12000,0.03,0.17,unacceptable,same_evidence,withheld,0.00018749999999999323,0.010083333333333333,0.018
final,80,2987281185194488995,32,12000,0.03,0.17,unacceptable,framework,withheld,0.00018749999999999323,0.010083333333333333,0.018
final,81,4119866927329776806,32,12000,0.03,0.17,unacceptable,pooled,supported,0.00017968750000001144,0.0061666666666666675,0.016916666666666663
final,81,4119866927329776806,32,12000,0.03,0.17,unacceptable,per_feature,supported,0.00017968750000001144,0.0061666666666666675,0.016916666666666663
final,81,4119866927329776806,32,12000,0.03,0.17,unacceptable,same_evidence,withheld,0.00017968750000001144,0.0061666666666666675,0.016916666666666663
final,81,4119866927329776806,32,12000,0.03,0.17,unacceptable,framework,withheld,0.00017968750000001144,0.0061666666666666675,0.016916666666666663
final,82,4582088337863091885,32,12000,0.03,0.17,unacceptable,pooled,supported,0.0001250000000000001,0.007916666666666669,0.022666666666666665
final,82,4582088337863091885,32,12000,0.03,0.17,unacceptable,per_feature,supported,0.0001250000000000001,0.007916666666666669,0.022666666666666665
final,82,4582088337863091885,32,12000,0.03,0.17,unacceptable,same_evidence,withheld,0.0001250000000000001,0.007916666666666669,0.022666666666666665
final,82,4582088337863091885,32,12000,0.03,0.17,unacceptable,framework,withheld,0.0001250000000000001,0.007916666666666669,0.022666666666666665
final,83,471838687445198896,32,12000,0.03,0.17,unacceptable,pooled,supported,5.7291666666667296e-05,0.007499999999999993,0.020333333333333335
final,83,471838687445198896,32,12000,0.03,0.17,unacceptable,per_feature,supported,5.7291666666667296e-05,0.007499999999999993,0.020333333333333335
final,83,471838687445198896,32,12000,0.03,0.17,unacceptable,same_evidence,withheld,5.7291666666667296e-05,0.007499999999999993,0.020333333333333335
final,83,471838687445198896,32,12000,0.03,0.17,unacceptable,framework,withheld,5.7291666666667296e-05,0.007499999999999993,0.020333333333333335
final,84,1217474535673222468,32,12000,0.03,0.17,unacceptable,pooled,supported,0.0004244791666666581,0.008500000000000008,0.016
final,84,1217474535673222468,32,12000,0.03,0.17,unacceptable,per_feature,supported,0.0004244791666666581,0.008500000000000008,0.016
final,84,1217474535673222468,32,12000,0.03,0.17,unacceptable,same_evidence,withheld,0.0004244791666666581,0.008500000000000008,0.016
final,84,1217474535673222468,32,12000,0.03,0.17,unacceptable,framework,withheld,0.0004244791666666581,0.008500000000000008,0.016
final,85,1036575534392523778,32,12000,0.03,0.17,unacceptable,pooled,supported,0.0013880208333333366,0.009750000000000009,0.018166666666666668
final,85,1036575534392523778,32,12000,0.03,0.17,unacceptable,per_feature,supported,0.0013880208333333366,0.009750000000000009,0.018166666666666668
final,85,1036575534392523778,32,12000,0.03,0.17,unacceptable,same_evidence,withheld,0.0013880208333333366,0.009750000000000009,0.018166666666666668
final,85,1036575534392523778,32,12000,0.03,0.17,unacceptable,framework,withheld,0.0013880208333333366,0.009750000000000009,0.018166666666666668
final,86,1050744521320834580,32,12000,0.03,0.17,unacceptable,pooled,supported,0.000296875000000002,0.007749999999999993,0.019249999999999996
final,86,1050744521320834580,32,12000,0.03,0.17,unacceptable,per_feature,supported,0.000296875000000002,0.007749999999999993,0.019249999999999996
final,86,1050744521320834580,32,12000,0.03,0.17,unacceptable,same_evidence,withheld,0.000296875000000002,0.007749999999999993,0.019249999999999996
final,86,1050744521320834580,32,12000,0.03,0.17,unacceptable,framework,withheld,0.000296875000000002,0.007749999999999993,0.019249999999999996
final,87,4063609998460472357,32,12000,0.03,0.17,unacceptable,pooled,supported,0.0002473958333333165,0.009833333333333333,0.02333333333333333
final,87,4063609998460472357,32,12000,0.03,0.17,unacceptable,per_feature,supported,0.0002473958333333165,0.009833333333333333,0.02333333333333333
final,87,4063609998460472357,32,12000,0.03,0.17,unacceptable,same_evidence,withheld,0.0002473958333333165,0.009833333333333333,0.02333333333333333
final,87,4063609998460472357,32,12000,0.03,0.17,unacceptable,framework,withheld,0.0002473958333333165,0.009833333333333333,0.02333333333333333
final,88,4051532158958521409,32,12000,0.03,0.17,unacceptable,pooled,supported,0.0001380208333333216,0.008750000000000008,0.0205
final,88,4051532158958521409,32,12000,0.03,0.17,unacceptable,per_feature,supported,0.0001380208333333216,0.008750000000000008,0.0205
final,88,4051532158958521409,32,12000,0.03,0.17,unacceptable,same_evidence,withheld,0.0001380208333333216,0.008750000000000008,0.0205
final,88,4051532158958521409,32,12000,0.03,0.17,unacceptable,framework,withheld,0.0001380208333333216,0.008750000000000008,0.0205
final,89,3564768799744131719,32,12000,0.03,0.17,unacceptable,pooled,supported,0.0005963541666666738,0.007916666666666669,0.018166666666666664
final,89,3564768799744131719,32,12000,0.03,0.17,unacceptable,per_feature,supported,0.0005963541666666738,0.007916666666666669,0.018166666666666664
final,89,3564768799744131719,32,12000,0.03,0.17,unacceptable,same_evidence,withheld,0.0005963541666666738,0.007916666666666669,0.018166666666666664
final,89,3564768799744131719,32,12000,0.03,0.17,unacceptable,framework,withheld,0.0005963541666666738,0.007916666666666669,0.018166666666666664
final,90,367970759870456980,32,12000,0.03,0.17,unacceptable,pooled,supported,0.0010520833333333285,0.008750000000000008,0.020833333333333332
final,90,367970759870456980,32,12000,0.03,0.17,unacceptable,per_feature,supported,0.0010520833333333285,0.008750000000000008,0.020833333333333332
final,90,367970759870456980,32,12000,0.03,0.17,unacceptable,same_evidence,withheld,0.0010520833333333285,0.008750000000000008,0.020833333333333332
final,90,367970759870456980,32,12000,0.03,0.17,unacceptable,framework,withheld,0.0010520833333333285,0.008750000000000008,0.020833333333333332
final,91,3661903104344170522,32,12000,0.03,0.17,unacceptable,pooled,supported,0.0004401041666666494,0.008833333333333332,0.015416666666666665
final,91,3661903104344170522,32,12000,0.03,0.17,unacceptable,per_feature,supported,0.0004401041666666494,0.008833333333333332,0.015416666666666665
final,91,3661903104344170522,32,12000,0.03,0.17,unacceptable,same_evidence,withheld,0.0004401041666666494,0.008833333333333332,0.015416666666666665
final,91,3661903104344170522,32,12000,0.03,0.17,unacceptable,framework,withheld,0.0004401041666666494,0.008833333333333332,0.015416666666666665
final,92,73357234456428602,32,12000,0.03,0.17,unacceptable,pooled,supported,0.0005338541666666807,0.009999999999999995,0.02191666666666667
final,92,73357234456428602,32,12000,0.03,0.17,unacceptable,per_feature,supported,0.0005338541666666807,0.009999999999999995,0.02191666666666667
final,92,73357234456428602,32,12000,0.03,0.17,unacceptable,same_evidence,withheld,0.0005338541666666807,0.009999999999999995,0.02191666666666667
final,92,73357234456428602,32,12000,0.03,0.17,unacceptable,framework,withheld,0.0005338541666666807,0.009999999999999995,0.02191666666666667
final,93,1620633975130447522,32,12000,0.03,0.17,unacceptable,pooled,supported,0.0006093749999999953,0.006249999999999992,0.023333333333333334
final,93,1620633975130447522,32,12000,0.03,0.17,unacceptable,per_feature,supported,0.0006093749999999953,0.006249999999999992,0.023333333333333334
final,93,1620633975130447522,32,12000,0.03,0.17,unacceptable,same_evidence,withheld,0.0006093749999999953,0.006249999999999992,0.023333333333333334
final,93,1620633975130447522,32,12000,0.03,0.17,unacceptable,framework,withheld,0.0006093749999999953,0.006249999999999992,0.023333333333333334
final,94,137879933771268264,32,12000,0.03,0.17,unacceptable,pooled,supported,0.0010130208333333363,0.00816666666666667,0.01891666666666667
final,94,137879933771268264,32,12000,0.03,0.17,unacceptable,per_feature,supported,0.0010130208333333363,0.00816666666666667,0.01891666666666667
final,94,137879933771268264,32,12000,0.03,0.17,unacceptable,same_evidence,withheld,0.0010130208333333363,0.00816666666666667,0.01891666666666667
final,94,137879933771268264,32,12000,0.03,0.17,unacceptable,framework,withheld,0.0010130208333333363,0.00816666666666667,0.01891666666666667
final,95,608223081199382824,32,12000,0.03,0.17,unacceptable,pooled,supported,0.0009791666666666698,0.010083333333333333,0.022333333333333334
final,95,608223081199382824,32,12000,0.03,0.17,unacceptable,per_feature,withheld,0.0009791666666666698,0.010083333333333333,0.022333333333333334
final,95,608223081199382824,32,12000,0.03,0.17,unacceptable,same_evidence,withheld,0.0009791666666666698,0.010083333333333333,0.022333333333333334
final,95,608223081199382824,32,12000,0.03,0.17,unacceptable,framework,withheld,0.0009791666666666698,0.010083333333333333,0.022333333333333334
final,96,2452139252200320594,32,12000,0.03,0.17,unacceptable,pooled,supported,0.0006328124999999962,0.006999999999999992,0.017333333333333333
final,96,2452139252200320594,32,12000,0.03,0.17,unacceptable,per_feature,supported,0.0006328124999999962,0.006999999999999992,0.017333333333333333
final,96,2452139252200320594,32,12000,0.03,0.17,unacceptable,same_evidence,withheld,0.0006328124999999962,0.006999999999999992,0.017333333333333333
final,96,2452139252200320594,32,12000,0.03,0.17,unacceptable,framework,withheld,0.0006328124999999962,0.006999999999999992,0.017333333333333333
final,97,2047374090204212193,32,12000,0.03,0.17,unacceptable,pooled,supported,0.000510416666666666,0.007833333333333331,0.020583333333333335
final,97,2047374090204212193,32,12000,0.03,0.17,unacceptable,per_feature,supported,0.000510416666666666,0.007833333333333331,0.020583333333333335
final,97,2047374090204212193,32,12000,0.03,0.17,unacceptable,same_evidence,withheld,0.000510416666666666,0.007833333333333331,0.020583333333333335
final,97,2047374090204212193,32,12000,0.03,0.17,unacceptable,framework,withheld,0.000510416666666666,0.007833333333333331,0.020583333333333335
final,98,318031637635094031,32,12000,0.03,0.17,unacceptable,pooled,supported,3.9062500000006106e-05,0.007750000000000007,0.02625
final,98,318031637635094031,32,12000,0.03,0.17,unacceptable,per_feature,supported,3.9062500000006106e-05,0.007750000000000007,0.02625
final,98,318031637635094031,32,12000,0.03,0.17,unacceptable,same_evidence,withheld,3.9062500000006106e-05,0.007750000000000007,0.02625
final,98,318031637635094031,32,12000,0.03,0.17,unacceptable,framework,withheld,3.9062500000006106e-05,0.007750000000000007,0.02625
final,99,2508130904291573572,32,12000,0.03,0.17,unacceptable,pooled,supported,0.00027083333333333126,0.00841666666666667,0.02125
final,99,2508130904291573572,32,12000,0.03,0.17,unacceptable,per_feature,supported,0.00027083333333333126,0.00841666666666667,0.02125
final,99,2508130904291573572,32,12000,0.03,0.17,unacceptable,same_evidence,withheld,0.00027083333333333126,0.00841666666666667,0.02125
final,99,2508130904291573572,32,12000,0.03,0.17,unacceptable,framework,withheld,0.00027083333333333126,0.00841666666666667,0.02125
final,0,3879074475274804104,32,12000,0.0,0.2,unacceptable,pooled,supported,0.0007317708333333256,0.00891666666666667,0.04908333333333333
final,0,3879074475274804104,32,12000,0.0,0.2,unacceptable,per_feature,supported,0.0007317708333333256,0.00891666666666667,0.04908333333333333
final,0,3879074475274804104,32,12000,0.0,0.2,unacceptable,same_evidence,withheld,0.0007317708333333256,0.00891666666666667,0.04908333333333333
final,0,3879074475274804104,32,12000,0.0,0.2,unacceptable,framework,withheld,0.0007317708333333256,0.00891666666666667,0.04908333333333333
final,1,927962923809418861,32,12000,0.0,0.2,unacceptable,pooled,supported,0.0006015624999999997,0.009083333333333332,0.04775
final,1,927962923809418861,32,12000,0.0,0.2,unacceptable,per_feature,supported,0.0006015624999999997,0.009083333333333332,0.04775
final,1,927962923809418861,32,12000,0.0,0.2,unacceptable,same_evidence,withheld,0.0006015624999999997,0.009083333333333332,0.04775
final,1,927962923809418861,32,12000,0.0,0.2,unacceptable,framework,withheld,0.0006015624999999997,0.009083333333333332,0.04775
final,2,1435457866023003225,32,12000,0.0,0.2,unacceptable,pooled,supported,0.0005156250000000057,0.010833333333333334,0.050916666666666666
final,2,1435457866023003225,32,12000,0.0,0.2,unacceptable,per_feature,withheld,0.0005156250000000057,0.010833333333333334,0.050916666666666666
final,2,1435457866023003225,32,12000,0.0,0.2,unacceptable,same_evidence,withheld,0.0005156250000000057,0.010833333333333334,0.050916666666666666
final,2,1435457866023003225,32,12000,0.0,0.2,unacceptable,framework,withheld,0.0005156250000000057,0.010833333333333334,0.050916666666666666
final,3,1800674347627190549,32,12000,0.0,0.2,unacceptable,pooled,supported,0.0005651041666666773,0.012749999999999997,0.05125
final,3,1800674347627190549,32,12000,0.0,0.2,unacceptable,per_feature,withheld,0.0005651041666666773,0.012749999999999997,0.05125
final,3,1800674347627190549,32,12000,0.0,0.2,unacceptable,same_evidence,withheld,0.0005651041666666773,0.012749999999999997,0.05125
final,3,1800674347627190549,32,12000,0.0,0.2,unacceptable,framework,withheld,0.0005651041666666773,0.012749999999999997,0.05125
final,4,1543764335742879446,32,12000,0.0,0.2,unacceptable,pooled,supported,9.635416666665952e-05,0.008333333333333345,0.0485
final,4,1543764335742879446,32,12000,0.0,0.2,unacceptable,per_feature,supported,9.635416666665952e-05,0.008333333333333345,0.0485
final,4,1543764335742879446,32,12000,0.0,0.2,unacceptable,same_evidence,withheld,9.635416666665952e-05,0.008333333333333345,0.0485
final,4,1543764335742879446,32,12000,0.0,0.2,unacceptable,framework,withheld,9.635416666665952e-05,0.008333333333333345,0.0485
final,5,1886636167030570574,32,12000,0.0,0.2,unacceptable,pooled,supported,0.00013281249999999578,0.008999999999999994,0.049166666666666664
final,5,1886636167030570574,32,12000,0.0,0.2,unacceptable,per_feature,supported,0.00013281249999999578,0.008999999999999994,0.049166666666666664
final,5,1886636167030570574,32,12000,0.0,0.2,unacceptable,same_evidence,withheld,0.00013281249999999578,0.008999999999999994,0.049166666666666664
final,5,1886636167030570574,32,12000,0.0,0.2,unacceptable,framework,withheld,0.00013281249999999578,0.008999999999999994,0.049166666666666664
final,6,1483176587365308480,32,12000,0.0,0.2,unacceptable,pooled,supported,0.0002734375000000011,0.008916666666666656,0.051083333333333335
final,6,1483176587365308480,32,12000,0.0,0.2,unacceptable,per_feature,supported,0.0002734375000000011,0.008916666666666656,0.051083333333333335
final,6,1483176587365308480,32,12000,0.0,0.2,unacceptable,same_evidence,withheld,0.0002734375000000011,0.008916666666666656,0.051083333333333335
final,6,1483176587365308480,32,12000,0.0,0.2,unacceptable,framework,withheld,0.0002734375000000011,0.008916666666666656,0.051083333333333335
final,7,2673351631232481197,32,12000,0.0,0.2,unacceptable,pooled,supported,0.0004921875000000187,0.009250000000000008,0.0505
final,7,2673351631232481197,32,12000,0.0,0.2,unacceptable,per_feature,supported,0.0004921875000000187,0.009250000000000008,0.0505
final,7,2673351631232481197,32,12000,0.0,0.2,unacceptable,same_evidence,withheld,0.0004921875000000187,0.009250000000000008,0.0505
final,7,2673351631232481197,32,12000,0.0,0.2,unacceptable,framework,withheld,0.0004921875000000187,0.009250000000000008,0.0505
final,8,4125462263343882868,32,12000,0.0,0.2,unacceptable,pooled,supported,0.0010494791666666586,0.009166666666666656,0.05125
final,8,4125462263343882868,32,12000,0.0,0.2,unacceptable,per_feature,supported,0.0010494791666666586,0.009166666666666656,0.05125
final,8,4125462263343882868,32,12000,0.0,0.2,unacceptable,same_evidence,withheld,0.0010494791666666586,0.009166666666666656,0.05125
final,8,4125462263343882868,32,12000,0.0,0.2,unacceptable,framework,withheld,0.0010494791666666586,0.009166666666666656,0.05125
final,9,932976365096822210,32,12000,0.0,0.2,unacceptable,pooled,supported,0.000893229166666662,0.009833333333333333,0.051
final,9,932976365096822210,32,12000,0.0,0.2,unacceptable,per_feature,supported,0.000893229166666662,0.009833333333333333,0.051
final,9,932976365096822210,32,12000,0.0,0.2,unacceptable,same_evidence,withheld,0.000893229166666662,0.009833333333333333,0.051
final,9,932976365096822210,32,12000,0.0,0.2,unacceptable,framework,withheld,0.000893229166666662,0.009833333333333333,0.051
final,10,3556667003248435783,32,12000,0.0,0.2,unacceptable,pooled,supported,0.00025260416666667007,0.012166666666666659,0.04875
final,10,3556667003248435783,32,12000,0.0,0.2,unacceptable,per_feature,withheld,0.00025260416666667007,0.012166666666666659,0.04875
final,10,3556667003248435783,32,12000,0.0,0.2,unacceptable,same_evidence,withheld,0.00025260416666667007,0.012166666666666659,0.04875
final,10,3556667003248435783,32,12000,0.0,0.2,unacceptable,framework,withheld,0.00025260416666667007,0.012166666666666659,0.04875
final,11,3647448296040218884,32,12000,0.0,0.2,unacceptable,pooled,supported,0.0007005208333333429,0.009916666666666657,0.050416666666666665
final,11,3647448296040218884,32,12000,0.0,0.2,unacceptable,per_feature,supported,0.0007005208333333429,0.009916666666666657,0.050416666666666665
final,11,3647448296040218884,32,12000,0.0,0.2,unacceptable,same_evidence,withheld,0.0007005208333333429,0.009916666666666657,0.050416666666666665
final,11,3647448296040218884,32,12000,0.0,0.2,unacceptable,framework,withheld,0.0007005208333333429,0.009916666666666657,0.050416666666666665
final,12,64400513452496849,32,12000,0.0,0.2,unacceptable,pooled,supported,0.0015416666666666634,0.006750000000000006,0.052333333333333336
final,12,64400513452496849,32,12000,0.0,0.2,unacceptable,per_feature,supported,0.0015416666666666634,0.006750000000000006,0.052333333333333336
final,12,64400513452496849,32,12000,0.0,0.2,unacceptable,same_evidence,withheld,0.0015416666666666634,0.006750000000000006,0.052333333333333336
final,12,64400513452496849,32,12000,0.0,0.2,unacceptable,framework,withheld,0.0015416666666666634,0.006750000000000006,0.052333333333333336
final,13,235738461866144452,32,12000,0.0,0.2,unacceptable,pooled,supported,2.6041666666698493e-06,0.009583333333333333,0.04741666666666667
final,13,235738461866144452,32,12000,0.0,0.2,unacceptable,per_feature,supported,2.6041666666698493e-06,0.009583333333333333,0.04741666666666667
final,13,235738461866144452,32,12000,0.0,0.2,unacceptable,same_evidence,withheld,2.6041666666698493e-06,0.009583333333333333,0.04741666666666667
final,13,235738461866144452,32,12000,0.0,0.2,unacceptable,framework,withheld,2.6041666666698493e-06,0.009583333333333333,0.04741666666666667
final,14,4240680447117843623,32,12000,0.0,0.2,unacceptable,pooled,supported,0.00015104166666665697,0.00966666666666667,0.04825
final,14,4240680447117843623,32,12000,0.0,0.2,unacceptable,per_feature,supported,0.00015104166666665697,0.00966666666666667,0.04825
final,14,4240680447117843623,32,12000,0.0,0.2,unacceptable,same_evidence,withheld,0.00015104166666665697,0.00966666666666667,0.04825
final,14,4240680447117843623,32,12000,0.0,0.2,unacceptable,framework,withheld,0.00015104166666665697,0.00966666666666667,0.04825
final,15,1139535048370191791,32,12000,0.0,0.2,unacceptable,pooled,supported,0.0005182291666666755,0.007500000000000007,0.04908333333333333
final,15,1139535048370191791,32,12000,0.0,0.2,unacceptable,per_feature,supported,0.0005182291666666755,0.007500000000000007,0.04908333333333333
final,15,1139535048370191791,32,12000,0.0,0.2,unacceptable,same_evidence,withheld,0.0005182291666666755,0.007500000000000007,0.04908333333333333
final,15,1139535048370191791,32,12000,0.0,0.2,unacceptable,framework,withheld,0.0005182291666666755,0.007500000000000007,0.04908333333333333
final,16,1375263902771583834,32,12000,0.0,0.2,unacceptable,pooled,supported,0.00015364583333332682,0.009083333333333332,0.04691666666666667
final,16,1375263902771583834,32,12000,0.0,0.2,unacceptable,per_feature,supported,0.00015364583333332682,0.009083333333333332,0.04691666666666667
final,16,1375263902771583834,32,12000,0.0,0.2,unacceptable,same_evidence,withheld,0.00015364583333332682,0.009083333333333332,0.04691666666666667
final,16,1375263902771583834,32,12000,0.0,0.2,unacceptable,framework,withheld,0.00015364583333332682,0.009083333333333332,0.04691666666666667
final,17,56036405881992593,32,12000,0.0,0.2,unacceptable,pooled,supported,0.0009661458333333345,0.01183333333333332,0.048916666666666664
final,17,56036405881992593,32,12000,0.0,0.2,unacceptable,per_feature,withheld,0.0009661458333333345,0.01183333333333332,0.048916666666666664
final,17,56036405881992593,32,12000,0.0,0.2,unacceptable,same_evidence,withheld,0.0009661458333333345,0.01183333333333332,0.048916666666666664
final,17,56036405881992593,32,12000,0.0,0.2,unacceptable,framework,withheld,0.0009661458333333345,0.01183333333333332,0.048916666666666664
final,18,3099545229098120189,32,12000,0.0,0.2,unacceptable,pooled,supported,0.00036979166666666063,0.010166666666666671,0.05275
final,18,3099545229098120189,32,12000,0.0,0.2,unacceptable,per_feature,withheld,0.00036979166666666063,0.010166666666666671,0.05275
final,18,3099545229098120189,32,12000,0.0,0.2,unacceptable,same_evidence,withheld,0.00036979166666666063,0.010166666666666671,0.05275
final,18,3099545229098120189,32,12000,0.0,0.2,unacceptable,framework,withheld,0.00036979166666666063,0.010166666666666671,0.05275
final,19,660213477001359128,32,12000,0.0,0.2,unacceptable,pooled,supported,0.0005677083333333333,0.010166666666666657,0.051666666666666666
final,19,660213477001359128,32,12000,0.0,0.2,unacceptable,per_feature,withheld,0.0005677083333333333,0.010166666666666657,0.051666666666666666
final,19,660213477001359128,32,12000,0.0,0.2,unacceptable,same_evidence,withheld,0.0005677083333333333,0.010166666666666657,0.051666666666666666
final,19,660213477001359128,32,12000,0.0,0.2,unacceptable,framework,withheld,0.0005677083333333333,0.010166666666666657,0.051666666666666666
final,20,3576156242602981446,32,12000,0.0,0.2,unacceptable,pooled,supported,0.00021354166666666397,0.009750000000000009,0.048
final,20,3576156242602981446,32,12000,0.0,0.2,unacceptable,per_feature,supported,0.00021354166666666397,0.009750000000000009,0.048
final,20,3576156242602981446,32,12000,0.0,0.2,unacceptable,same_evidence,withheld,0.00021354166666666397,0.009750000000000009,0.048
final,20,3576156242602981446,32,12000,0.0,0.2,unacceptable,framework,withheld,0.00021354166666666397,0.009750000000000009,0.048
final,21,4171517372462057954,32,12000,0.0,0.2,unacceptable,pooled,supported,0.00033333333333333826,0.007583333333333331,0.04858333333333333
final,21,4171517372462057954,32,12000,0.0,0.2,unacceptable,per_feature,supported,0.00033333333333333826,0.007583333333333331,0.04858333333333333
final,21,4171517372462057954,32,12000,0.0,0.2,unacceptable,same_evidence,withheld,0.00033333333333333826,0.007583333333333331,0.04858333333333333
final,21,4171517372462057954,32,12000,0.0,0.2,unacceptable,framework,withheld,0.00033333333333333826,0.007583333333333331,0.04858333333333333
final,22,2915751854596051335,32,12000,0.0,0.2,unacceptable,pooled,supported,0.0003437500000000038,0.008333333333333331,0.05225
final,22,2915751854596051335,32,12000,0.0,0.2,unacceptable,per_feature,supported,0.0003437500000000038,0.008333333333333331,0.05225
final,22,2915751854596051335,32,12000,0.0,0.2,unacceptable,same_evidence,withheld,0.0003437500000000038,0.008333333333333331,0.05225
final,22,2915751854596051335,32,12000,0.0,0.2,unacceptable,framework,withheld,0.0003437500000000038,0.008333333333333331,0.05225
final,23,2855482060673095289,32,12000,0.0,0.2,unacceptable,pooled,supported,0.00021614583333333381,0.007333333333333331,0.05383333333333333
final,23,2855482060673095289,32,12000,0.0,0.2,unacceptable,per_feature,supported,0.00021614583333333381,0.007333333333333331,0.05383333333333333
final,23,2855482060673095289,32,12000,0.0,0.2,unacceptable,same_evidence,withheld,0.00021614583333333381,0.007333333333333331,0.05383333333333333
final,23,2855482060673095289,32,12000,0.0,0.2,unacceptable,framework,withheld,0.00021614583333333381,0.007333333333333331,0.05383333333333333
final,24,3823448160134063665,32,12000,0.0,0.2,unacceptable,pooled,supported,0.00036979166666666063,0.010166666666666671,0.051583333333333335
final,24,3823448160134063665,32,12000,0.0,0.2,unacceptable,per_feature,withheld,0.00036979166666666063,0.010166666666666671,0.051583333333333335
final,24,3823448160134063665,32,12000,0.0,0.2,unacceptable,same_evidence,withheld,0.00036979166666666063,0.010166666666666671,0.051583333333333335
final,24,3823448160134063665,32,12000,0.0,0.2,unacceptable,framework,withheld,0.00036979166666666063,0.010166666666666671,0.051583333333333335
final,25,2546390988333722761,32,12000,0.0,0.2,unacceptable,pooled,supported,0.0004401041666666633,0.013333333333333336,0.05225
final,25,2546390988333722761,32,12000,0.0,0.2,unacceptable,per_feature,withheld,0.0004401041666666633,0.013333333333333336,0.05225
final,25,2546390988333722761,32,12000,0.0,0.2,unacceptable,same_evidence,withheld,0.0004401041666666633,0.013333333333333336,0.05225
final,25,2546390988333722761,32,12000,0.0,0.2,unacceptable,framework,withheld,0.0004401041666666633,0.013333333333333336,0.05225
final,26,1813816366113458582,32,12000,0.0,0.2,unacceptable,pooled,supported,0.0011015625000000001,0.010583333333333333,0.051416666666666666
final,26,1813816366113458582,32,12000,0.0,0.2,unacceptable,per_feature,withheld,0.0011015625000000001,0.010583333333333333,0.051416666666666666
final,26,1813816366113458582,32,12000,0.0,0.2,unacceptable,same_evidence,withheld,0.0011015625000000001,0.010583333333333333,0.051416666666666666
final,26,1813816366113458582,32,12000,0.0,0.2,unacceptable,framework,withheld,0.0011015625000000001,0.010583333333333333,0.051416666666666666
final,27,1006348018041829251,32,12000,0.0,0.2,unacceptable,pooled,supported,0.0006718750000000023,0.009333333333333332,0.050416666666666665
final,27,1006348018041829251,32,12000,0.0,0.2,unacceptable,per_feature,supported,0.0006718750000000023,0.009333333333333332,0.050416666666666665
final,27,1006348018041829251,32,12000,0.0,0.2,unacceptable,same_evidence,withheld,0.0006718750000000023,0.009333333333333332,0.050416666666666665
final,27,1006348018041829251,32,12000,0.0,0.2,unacceptable,framework,withheld,0.0006718750000000023,0.009333333333333332,0.050416666666666665
final,28,2071320528373070088,32,12000,0.0,0.2,unacceptable,pooled,supported,0.0008645833333333353,0.00991666666666667,0.04708333333333333
final,28,2071320528373070088,32,12000,0.0,0.2,unacceptable,per_feature,supported,0.0008645833333333353,0.00991666666666667,0.04708333333333333
final,28,2071320528373070088,32,12000,0.0,0.2,unacceptable,same_evidence,withheld,0.0008645833333333353,0.00991666666666667,0.04708333333333333
final,28,2071320528373070088,32,12000,0.0,0.2,unacceptable,framework,withheld,0.0008645833333333353,0.00991666666666667,0.04708333333333333
final,29,2684160158250816121,32,12000,0.0,0.2,unacceptable,pooled,supported,0.0004895833333333349,0.008749999999999994,0.04425
final,29,2684160158250816121,32,12000,0.0,0.2,unacceptable,per_feature,supported,0.0004895833333333349,0.008749999999999994,0.04425
final,29,2684160158250816121,32,12000,0.0,0.2,unacceptable,same_evidence,withheld,0.0004895833333333349,0.008749999999999994,0.04425
final,29,2684160158250816121,32,12000,0.0,0.2,unacceptable,framework,withheld,0.0004895833333333349,0.008749999999999994,0.04425
final,30,1788137840461447016,32,12000,0.0,0.2,unacceptable,pooled,supported,0.00017187500000001577,0.00708333333333333,0.05383333333333333
final,30,1788137840461447016,32,12000,0.0,0.2,unacceptable,per_feature,supported,0.00017187500000001577,0.00708333333333333,0.05383333333333333
final,30,1788137840461447016,32,12000,0.0,0.2,unacceptable,same_evidence,withheld,0.00017187500000001577,0.00708333333333333,0.05383333333333333
final,30,1788137840461447016,32,12000,0.0,0.2,unacceptable,framework,withheld,0.00017187500000001577,0.00708333333333333,0.05383333333333333
final,31,934073397624289853,32,12000,0.0,0.2,unacceptable,pooled,supported,0.00015885416666665264,0.0072499999999999926,0.04733333333333333
final,31,934073397624289853,32,12000,0.0,0.2,unacceptable,per_feature,supported,0.00015885416666665264,0.0072499999999999926,0.04733333333333333
final,31,934073397624289853,32,12000,0.0,0.2,unacceptable,same_evidence,withheld,0.00015885416666665264,0.0072499999999999926,0.04733333333333333
final,31,934073397624289853,32,12000,0.0,0.2,unacceptable,framework,withheld,0.00015885416666665264,0.0072499999999999926,0.04733333333333333
final,32,4405749181741526870,32,12000,0.0,0.2,unacceptable,pooled,supported,0.0004869791666666651,0.00841666666666667,0.049666666666666665
final,32,4405749181741526870,32,12000,0.0,0.2,unacceptable,per_feature,supported,0.0004869791666666651,0.00841666666666667,0.049666666666666665
final,32,4405749181741526870,32,12000,0.0,0.2,unacceptable,same_evidence,withheld,0.0004869791666666651,0.00841666666666667,0.049666666666666665
final,32,4405749181741526870,32,12000,0.0,0.2,unacceptable,framework,withheld,0.0004869791666666651,0.00841666666666667,0.049666666666666665
final,33,3625252426279516573,32,12000,0.0,0.2,unacceptable,pooled,supported,0.0003541666666666693,0.008833333333333332,0.05325
final,33,3625252426279516573,32,12000,0.0,0.2,unacceptable,per_feature,supported,0.0003541666666666693,0.008833333333333332,0.05325
final,33,3625252426279516573,32,12000,0.0,0.2,unacceptable,same_evidence,withheld,0.0003541666666666693,0.008833333333333332,0.05325
final,33,3625252426279516573,32,12000,0.0,0.2,unacceptable,framework,withheld,0.0003541666666666693,0.008833333333333332,0.05325
final,34,2933268678916640201,32,12000,0.0,0.2,unacceptable,pooled,supported,0.00029947916666667185,0.00683333333333333,0.04975
final,34,2933268678916640201,32,12000,0.0,0.2,unacceptable,per_feature,supported,0.00029947916666667185,0.00683333333333333,0.04975
final,34,2933268678916640201,32,12000,0.0,0.2,unacceptable,same_evidence,withheld,0.00029947916666667185,0.00683333333333333,0.04975
final,34,2933268678916640201,32,12000,0.0,0.2,unacceptable,framework,withheld,0.00029947916666667185,0.00683333333333333,0.04975
final,35,3342990682444273156,32,12000,0.0,0.2,unacceptable,pooled,supported,7.812500000009548e-06,0.009833333333333333,0.04925
final,35,3342990682444273156,32,12000,0.0,0.2,unacceptable,per_feature,supported,7.812500000009548e-06,0.009833333333333333,0.04925
final,35,3342990682444273156,32,12000,0.0,0.2,unacceptable,same_evidence,withheld,7.812500000009548e-06,0.009833333333333333,0.04925
final,35,3342990682444273156,32,12000,0.0,0.2,unacceptable,framework,withheld,7.812500000009548e-06,0.009833333333333333,0.04925
final,36,3975206480856729945,32,12000,0.0,0.2,unacceptable,pooled,supported,0.00028385416666665275,0.010166666666666671,0.048916666666666664
final,36,3975206480856729945,32,12000,0.0,0.2,unacceptable,per_feature,withheld,0.00028385416666665275,0.010166666666666671,0.048916666666666664
final,36,3975206480856729945,32,12000,0.0,0.2,unacceptable,same_evidence,withheld,0.00028385416666665275,0.010166666666666671,0.048916666666666664
final,36,3975206480856729945,32,12000,0.0,0.2,unacceptable,framework,withheld,0.00028385416666665275,0.010166666666666671,0.048916666666666664
final,37,891407431402416956,32,12000,0.0,0.2,unacceptable,pooled,supported,0.0006640624999999928,0.008750000000000008,0.048916666666666664
final,37,891407431402416956,32,12000,0.0,0.2,unacceptable,per_feature,supported,0.0006640624999999928,0.008750000000000008,0.048916666666666664
final,37,891407431402416956,32,12000,0.0,0.2,unacceptable,same_evidence,withheld,0.0006640624999999928,0.008750000000000008,0.048916666666666664
final,37,891407431402416956,32,12000,0.0,0.2,unacceptable,framework,withheld,0.0006640624999999928,0.008750000000000008,0.048916666666666664
final,38,1851457986270383628,32,12000,0.0,0.2,unacceptable,pooled,supported,0.0006276041666666704,0.008583333333333332,0.049666666666666665
final,38,1851457986270383628,32,12000,0.0,0.2,unacceptable,per_feature,supported,0.0006276041666666704,0.008583333333333332,0.049666666666666665
final,38,1851457986270383628,32,12000,0.0,0.2,unacceptable,same_evidence,withheld,0.0006276041666666704,0.008583333333333332,0.049666666666666665
final,38,1851457986270383628,32,12000,0.0,0.2,unacceptable,framework,withheld,0.0006276041666666704,0.008583333333333332,0.049666666666666665
final,39,495239899575518402,32,12000,0.0,0.2,unacceptable,pooled,supported,0.0002395833333333347,0.010999999999999996,0.04808333333333333
final,39,495239899575518402,32,12000,0.0,0.2,unacceptable,per_feature,withheld,0.0002395833333333347,0.010999999999999996,0.04808333333333333
final,39,495239899575518402,32,12000,0.0,0.2,unacceptable,same_evidence,withheld,0.0002395833333333347,0.010999999999999996,0.04808333333333333
final,39,495239899575518402,32,12000,0.0,0.2,unacceptable,framework,withheld,0.0002395833333333347,0.010999999999999996,0.04808333333333333
final,40,4332145999911462308,32,12000,0.0,0.2,unacceptable,pooled,supported,0.0008072916666666541,0.00841666666666667,0.04875
final,40,4332145999911462308,32,12000,0.0,0.2,unacceptable,per_feature,supported,0.0008072916666666541,0.00841666666666667,0.04875
final,40,4332145999911462308,32,12000,0.0,0.2,unacceptable,same_evidence,withheld,0.0008072916666666541,0.00841666666666667,0.04875
final,40,4332145999911462308,32,12000,0.0,0.2,unacceptable,framework,withheld,0.0008072916666666541,0.00841666666666667,0.04875
final,41,1552603831170462280,32,12000,0.0,0.2,unacceptable,pooled,supported,0.00018749999999999323,0.009999999999999995,0.04691666666666667
final,41,1552603831170462280,32,12000,0.0,0.2,unacceptable,per_feature,supported,0.00018749999999999323,0.009999999999999995,0.04691666666666667
final,41,1552603831170462280,32,12000,0.0,0.2,unacceptable,same_evidence,withheld,0.00018749999999999323,0.009999999999999995,0.04691666666666667
final,41,1552603831170462280,32,12000,0.0,0.2,unacceptable,framework,withheld,0.00018749999999999323,0.009999999999999995,0.04691666666666667
final,42,4554352004424616594,32,12000,0.0,0.2,unacceptable,pooled,supported,0.0006510416666666713,0.008333333333333331,0.0505
final,42,4554352004424616594,32,12000,0.0,0.2,unacceptable,per_feature,supported,0.0006510416666666713,0.008333333333333331,0.0505
final,42,4554352004424616594,32,12000,0.0,0.2,unacceptable,same_evidence,withheld,0.0006510416666666713,0.008333333333333331,0.0505
final,42,4554352004424616594,32,12000,0.0,0.2,unacceptable,framework,withheld,0.0006510416666666713,0.008333333333333331,0.0505
final,43,2514705025481870804,32,12000,0.0,0.2,unacceptable,pooled,supported,0.000382812499999996,0.009833333333333333,0.0485
final,43,2514705025481870804,32,12000,0.0,0.2,unacceptable,per_feature,supported,0.000382812499999996,0.009833333333333333,0.0485
final,43,2514705025481870804,32,12000,0.0,0.2,unacceptable,same_evidence,withheld,0.000382812499999996,0.009833333333333333,0.0485
final,43,2514705025481870804,32,12000,0.0,0.2,unacceptable,framework,withheld,0.000382812499999996,0.009833333333333333,0.0485
final,44,2987344221495127995,32,12000,0.0,0.2,unacceptable,pooled,supported,0.00014843750000001488,0.00866666666666667,0.049166666666666664
final,44,2987344221495127995,32,12000,0.0,0.2,unacceptable,per_feature,supported,0.00014843750000001488,0.00866666666666667,0.049166666666666664
final,44,2987344221495127995,32,12000,0.0,0.2,unacceptable,same_evidence,withheld,0.00014843750000001488,0.00866666666666667,0.049166666666666664
final,44,2987344221495127995,32,12000,0.0,0.2,unacceptable,framework,withheld,0.00014843750000001488,0.00866666666666667,0.049166666666666664
final,45,2406770587312319458,32,12000,0.0,0.2,unacceptable,pooled,supported,0.00044791666666665897,0.00891666666666667,0.049833333333333334
final,45,2406770587312319458,32,12000,0.0,0.2,unacceptable,per_feature,supported,0.00044791666666665897,0.00891666666666667,0.049833333333333334
final,45,2406770587312319458,32,12000,0.0,0.2,unacceptable,same_evidence,withheld,0.00044791666666665897,0.00891666666666667,0.049833333333333334
final,45,2406770587312319458,32,12000,0.0,0.2,unacceptable,framework,withheld,0.00044791666666665897,0.00891666666666667,0.049833333333333334
final,46,1747622779217285951,32,12000,0.0,0.2,unacceptable,pooled,supported,0.001611979166666666,0.007999999999999993,0.052833333333333336
final,46,1747622779217285951,32,12000,0.0,0.2,unacceptable,per_feature,supported,0.001611979166666666,0.007999999999999993,0.052833333333333336
final,46,1747622779217285951,32,12000,0.0,0.2,unacceptable,same_evidence,withheld,0.001611979166666666,0.007999999999999993,0.052833333333333336
final,46,1747622779217285951,32,12000,0.0,0.2,unacceptable,framework,withheld,0.001611979166666666,0.007999999999999993,0.052833333333333336
final,47,4540502666022389372,32,12000,0.0,0.2,unacceptable,pooled,supported,0.0004947916666666746,0.00916666666666667,0.04783333333333333
final,47,4540502666022389372,32,12000,0.0,0.2,unacceptable,per_feature,supported,0.0004947916666666746,0.00916666666666667,0.04783333333333333
final,47,4540502666022389372,32,12000,0.0,0.2,unacceptable,same_evidence,withheld,0.0004947916666666746,0.00916666666666667,0.04783333333333333
final,47,4540502666022389372,32,12000,0.0,0.2,unacceptable,framework,withheld,0.0004947916666666746,0.00916666666666667,0.04783333333333333
final,48,1032188406269847411,32,12000,0.0,0.2,unacceptable,pooled,supported,0.0011692708333333468,0.007916666666666669,0.04875
final,48,1032188406269847411,32,12000,0.0,0.2,unacceptable,per_feature,supported,0.0011692708333333468,0.007916666666666669,0.04875
final,48,1032188406269847411,32,12000,0.0,0.2,unacceptable,same_evidence,withheld,0.0011692708333333468,0.007916666666666669,0.04875
final,48,1032188406269847411,32,12000,0.0,0.2,unacceptable,framework,withheld,0.0011692708333333468,0.007916666666666669,0.04875
final,49,3924600540867644977,32,12000,0.0,0.2,unacceptable,pooled,supported,0.0002395833333333347,0.010416666666666671,0.04816666666666667
final,49,3924600540867644977,32,12000,0.0,0.2,unacceptable,per_feature,withheld,0.0002395833333333347,0.010416666666666671,0.04816666666666667
final,49,3924600540867644977,32,12000,0.0,0.2,unacceptable,same_evidence,withheld,0.0002395833333333347,0.010416666666666671,0.04816666666666667
final,49,3924600540867644977,32,12000,0.0,0.2,unacceptable,framework,withheld,0.0002395833333333347,0.010416666666666671,0.04816666666666667
final,50,4512628263674428169,32,12000,0.0,0.2,unacceptable,pooled,supported,0.0011510416666666717,0.00708333333333333,0.05075
final,50,4512628263674428169,32,12000,0.0,0.2,unacceptable,per_feature,supported,0.0011510416666666717,0.00708333333333333,0.05075
final,50,4512628263674428169,32,12000,0.0,0.2,unacceptable,same_evidence,withheld,0.0011510416666666717,0.00708333333333333,0.05075
final,50,4512628263674428169,32,12000,0.0,0.2,unacceptable,framework,withheld,0.0011510416666666717,0.00708333333333333,0.05075
final,51,1135907395841798321,32,12000,0.0,0.2,unacceptable,pooled,supported,0.00040364583333332704,0.006416666666666668,0.04791666666666667
final,51,1135907395841798321,32,12000,0.0,0.2,unacceptable,per_feature,supported,0.00040364583333332704,0.006416666666666668,0.04791666666666667
final,51,1135907395841798321,32,12000,0.0,0.2,unacceptable,same_evidence,withheld,0.00040364583333332704,0.006416666666666668,0.04791666666666667
final,51,1135907395841798321,32,12000,0.0,0.2,unacceptable,framework,withheld,0.00040364583333332704,0.006416666666666668,0.04791666666666667
final,52,2782374576229379966,32,12000,0.0,0.2,unacceptable,pooled,supported,0.000700520833333329,0.007583333333333331,0.04766666666666667
final,52,2782374576229379966,32,12000,0.0,0.2,unacceptable,per_feature,supported,0.000700520833333329,0.007583333333333331,0.04766666666666667
final,52,2782374576229379966,32,12000,0.0,0.2,unacceptable,same_evidence,withheld,0.000700520833333329,0.007583333333333331,0.04766666666666667
final,52,2782374576229379966,32,12000,0.0,0.2,unacceptable,framework,withheld,0.000700520833333329,0.007583333333333331,0.04766666666666667
final,53,4183234559791248782,32,12000,0.0,0.2,unacceptable,pooled,supported,0.00023697916666665098,0.008833333333333346,0.051166666666666666
final,53,4183234559791248782,32,12000,0.0,0.2,unacceptable,per_feature,supported,0.00023697916666665098,0.008833333333333346,0.051166666666666666
final,53,4183234559791248782,32,12000,0.0,0.2,unacceptable,same_evidence,withheld,0.00023697916666665098,0.008833333333333346,0.051166666666666666
final,53,4183234559791248782,32,12000,0.0,0.2,unacceptable,framework,withheld,0.00023697916666665098,0.008833333333333346,0.051166666666666666
final,54,1860732394117742672,32,12000,0.0,0.2,unacceptable,pooled,supported,0.0005234375000000013,0.012999999999999998,0.051833333333333335
final,54,1860732394117742672,32,12000,0.0,0.2,unacceptable,per_feature,withheld,0.0005234375000000013,0.012999999999999998,0.051833333333333335
final,54,1860732394117742672,32,12000,0.0,0.2,unacceptable,same_evidence,withheld,0.0005234375000000013,0.012999999999999998,0.051833333333333335
final,54,1860732394117742672,32,12000,0.0,0.2,unacceptable,framework,withheld,0.0005234375000000013,0.012999999999999998,0.051833333333333335
final,55,2859137279820703114,32,12000,0.0,0.2,unacceptable,pooled,supported,0.0006197916666666609,0.008749999999999994,0.051
final,55,2859137279820703114,32,12000,0.0,0.2,unacceptable,per_feature,supported,0.0006197916666666609,0.008749999999999994,0.051
final,55,2859137279820703114,32,12000,0.0,0.2,unacceptable,same_evidence,withheld,0.0006197916666666609,0.008749999999999994,0.051
final,55,2859137279820703114,32,12000,0.0,0.2,unacceptable,framework,withheld,0.0006197916666666609,0.008749999999999994,0.051
final,56,4532456735448612674,32,12000,0.0,0.2,unacceptable,pooled,supported,4.427083333333193e-05,0.007833333333333331,0.050583333333333334
final,56,4532456735448612674,32,12000,0.0,0.2,unacceptable,per_feature,supported,4.427083333333193e-05,0.007833333333333331,0.050583333333333334
final,56,4532456735448612674,32,12000,0.0,0.2,unacceptable,same_evidence,withheld,4.427083333333193e-05,0.007833333333333331,0.050583333333333334
final,56,4532456735448612674,32,12000,0.0,0.2,unacceptable,framework,withheld,4.427083333333193e-05,0.007833333333333331,0.050583333333333334
final,57,1149433745289260983,32,12000,0.0,0.2,unacceptable,pooled,supported,0.0001041666666666552,0.0072499999999999926,0.050583333333333334
final,57,1149433745289260983,32,12000,0.0,0.2,unacceptable,per_feature,supported,0.0001041666666666552,0.0072499999999999926,0.050583333333333334
final,57,1149433745289260983,32,12000,0.0,0.2,unacceptable,same_evidence,withheld,0.0001041666666666552,0.0072499999999999926,0.050583333333333334
final,57,1149433745289260983,32,12000,0.0,0.2,unacceptable,framework,withheld,0.0001041666666666552,0.0072499999999999926,0.050583333333333334
final,58,385547809135329355,32,12000,0.0,0.2,unacceptable,pooled,supported,0.00016145833333335025,0.009333333333333332,0.0505
final,58,385547809135329355,32,12000,0.0,0.2,unacceptable,per_feature,supported,0.00016145833333335025,0.009333333333333332,0.0505
final,58,385547809135329355,32,12000,0.0,0.2,unacceptable,same_evidence,withheld,0.00016145833333335025,0.009333333333333332,0.0505
final,58,385547809135329355,32,12000,0.0,0.2,unacceptable,framework,withheld,0.00016145833333335025,0.009333333333333332,0.0505
final,59,1702978133256203207,32,12000,0.0,0.2,unacceptable,pooled,supported,0.0006901041666666635,0.008333333333333331,0.04783333333333333
final,59,1702978133256203207,32,12000,0.0,0.2,unacceptable,per_feature,supported,0.0006901041666666635,0.008333333333333331,0.04783333333333333
final,59,1702978133256203207,32,12000,0.0,0.2,unacceptable,same_evidence,withheld,0.0006901041666666635,0.008333333333333331,0.04783333333333333
final,59,1702978133256203207,32,12000,0.0,0.2,unacceptable,framework,withheld,0.0006901041666666635,0.008333333333333331,0.04783333333333333
final,60,2267300239251090858,32,12000,0.0,0.2,unacceptable,pooled,supported,0.0003567708333333114,0.005666666666666667,0.0475
final,60,2267300239251090858,32,12000,0.0,0.2,unacceptable,per_feature,supported,0.0003567708333333114,0.005666666666666667,0.0475
final,60,2267300239251090858,32,12000,0.0,0.2,unacceptable,same_evidence,withheld,0.0003567708333333114,0.005666666666666667,0.0475
final,60,2267300239251090858,32,12000,0.0,0.2,unacceptable,framework,withheld,0.0003567708333333114,0.005666666666666667,0.0475
final,61,972349761608854896,32,12000,0.0,0.2,unacceptable,pooled,supported,0.0008880208333333361,0.010583333333333333,0.051583333333333335
final,61,972349761608854896,32,12000,0.0,0.2,unacceptable,per_feature,withheld,0.0008880208333333361,0.010583333333333333,0.051583333333333335
final,61,972349761608854896,32,12000,0.0,0.2,unacceptable,same_evidence,withheld,0.0008880208333333361,0.010583333333333333,0.051583333333333335
final,61,972349761608854896,32,12000,0.0,0.2,unacceptable,framework,withheld,0.0008880208333333361,0.010583333333333333,0.051583333333333335
final,62,2031048418148524455,32,12000,0.0,0.2,unacceptable,pooled,supported,0.0007265624999999998,0.007999999999999993,0.04858333333333333
final,62,2031048418148524455,32,12000,0.0,0.2,unacceptable,per_feature,supported,0.0007265624999999998,0.007999999999999993,0.04858333333333333
final,62,2031048418148524455,32,12000,0.0,0.2,unacceptable,same_evidence,withheld,0.0007265624999999998,0.007999999999999993,0.04858333333333333
final,62,2031048418148524455,32,12000,0.0,0.2,unacceptable,framework,withheld,0.0007265624999999998,0.007999999999999993,0.04858333333333333
final,63,1341431187396366524,32,12000,0.0,0.2,unacceptable,pooled,supported,0.0008020833333333144,0.0072500000000000064,0.04758333333333333
final,63,1341431187396366524,32,12000,0.0,0.2,unacceptable,per_feature,supported,0.0008020833333333144,0.0072500000000000064,0.04758333333333333
final,63,1341431187396366524,32,12000,0.0,0.2,unacceptable,same_evidence,withheld,0.0008020833333333144,0.0072500000000000064,0.04758333333333333
final,63,1341431187396366524,32,12000,0.0,0.2,unacceptable,framework,withheld,0.0008020833333333144,0.0072500000000000064,0.04758333333333333
final,64,2524946972240533777,32,12000,0.0,0.2,unacceptable,pooled,supported,0.00010677083333332504,0.007666666666666669,0.0505
final,64,2524946972240533777,32,12000,0.0,0.2,unacceptable,per_feature,supported,0.00010677083333332504,0.007666666666666669,0.0505
final,64,2524946972240533777,32,12000,0.0,0.2,unacceptable,same_evidence,withheld,0.00010677083333332504,0.007666666666666669,0.0505
final,64,2524946972240533777,32,12000,0.0,0.2,unacceptable,framework,withheld,0.00010677083333332504,0.007666666666666669,0.0505
final,65,717235426233930629,32,12000,0.0,0.2,unacceptable,pooled,supported,0.0012369791666666519,0.007916666666666669,0.049833333333333334
final,65,717235426233930629,32,12000,0.0,0.2,unacceptable,per_feature,supported,0.0012369791666666519,0.007916666666666669,0.049833333333333334
final,65,717235426233930629,32,12000,0.0,0.2,unacceptable,same_evidence,withheld,0.0012369791666666519,0.007916666666666669,0.049833333333333334
final,65,717235426233930629,32,12000,0.0,0.2,unacceptable,framework,withheld,0.0012369791666666519,0.007916666666666669,0.049833333333333334
final,66,2299252515419482993,32,12000,0.0,0.2,unacceptable,pooled,supported,0.0007109375000000084,0.008999999999999994,0.050916666666666666
final,66,2299252515419482993,32,12000,0.0,0.2,unacceptable,per_feature,supported,0.0007109375000000084,0.008999999999999994,0.050916666666666666
final,66,2299252515419482993,32,12000,0.0,0.2,unacceptable,same_evidence,withheld,0.0007109375000000084,0.008999999999999994,0.050916666666666666
final,66,2299252515419482993,32,12000,0.0,0.2,unacceptable,framework,withheld,0.0007109375000000084,0.008999999999999994,0.050916666666666666
final,67,800560978098332871,32,12000,0.0,0.2,unacceptable,pooled,supported,0.0004739583333333297,0.013666666666666674,0.046
final,67,800560978098332871,32,12000,0.0,0.2,unacceptable,per_feature,withheld,0.0004739583333333297,0.013666666666666674,0.046
final,67,800560978098332871,32,12000,0.0,0.2,unacceptable,same_evidence,withheld,0.0004739583333333297,0.013666666666666674,0.046
final,67,800560978098332871,32,12000,0.0,0.2,unacceptable,framework,withheld,0.0004739583333333297,0.013666666666666674,0.046
final,68,2530839879665160167,32,12000,0.0,0.2,unacceptable,pooled,supported,0.0005260416666666851,0.005833333333333343,0.05075
final,68,2530839879665160167,32,12000,0.0,0.2,unacceptable,per_feature,supported,0.0005260416666666851,0.005833333333333343,0.05075
final,68,2530839879665160167,32,12000,0.0,0.2,unacceptable,same_evidence,withheld,0.0005260416666666851,0.005833333333333343,0.05075
final,68,2530839879665160167,32,12000,0.0,0.2,unacceptable,framework,withheld,0.0005260416666666851,0.005833333333333343,0.05075
final,69,1085687446354064193,32,12000,0.0,0.2,unacceptable,pooled,supported,0.0007057291666666687,0.011166666666666672,0.04975
final,69,1085687446354064193,32,12000,0.0,0.2,unacceptable,per_feature,withheld,0.0007057291666666687,0.011166666666666672,0.04975
final,69,1085687446354064193,32,12000,0.0,0.2,unacceptable,same_evidence,withheld,0.0007057291666666687,0.011166666666666672,0.04975
final,69,1085687446354064193,32,12000,0.0,0.2,unacceptable,framework,withheld,0.0007057291666666687,0.011166666666666672,0.04975
final,70,520398513572510514,32,12000,0.0,0.2,unacceptable,pooled,supported,3.9062500000019984e-05,0.010833333333333334,0.04725
final,70,520398513572510514,32,12000,0.0,0.2,unacceptable,per_feature,withheld,3.9062500000019984e-05,0.010833333333333334,0.04725
final,70,520398513572510514,32,12000,0.0,0.2,unacceptable,same_evidence,withheld,3.9062500000019984e-05,0.010833333333333334,0.04725
final,70,520398513572510514,32,12000,0.0,0.2,unacceptable,framework,withheld,3.9062500000019984e-05,0.010833333333333334,0.04725
final,71,1719538991665538742,32,12000,0.0,0.2,unacceptable,pooled,supported,5.20833333333276e-05,0.007583333333333331,0.04875
final,71,1719538991665538742,32,12000,0.0,0.2,unacceptable,per_feature,supported,5.20833333333276e-05,0.007583333333333331,0.04875
final,71,1719538991665538742,32,12000,0.0,0.2,unacceptable,same_evidence,withheld,5.20833333333276e-05,0.007583333333333331,0.04875
final,71,1719538991665538742,32,12000,0.0,0.2,unacceptable,framework,withheld,5.20833333333276e-05,0.007583333333333331,0.04875
final,72,1526174482689364656,32,12000,0.0,0.2,unacceptable,pooled,supported,0.0001302083333333398,0.011333333333333334,0.049666666666666665
final,72,1526174482689364656,32,12000,0.0,0.2,unacceptable,per_feature,withheld,0.0001302083333333398,0.011333333333333334,0.049666666666666665
final,72,1526174482689364656,32,12000,0.0,0.2,unacceptable,same_evidence,withheld,0.0001302083333333398,0.011333333333333334,0.049666666666666665
final,72,1526174482689364656,32,12000,0.0,0.2,unacceptable,framework,withheld,0.0001302083333333398,0.011333333333333334,0.049666666666666665
final,73,720897762676059978,32,12000,0.0,0.2,unacceptable,pooled,supported,0.00029947916666665797,0.011083333333333334,0.04908333333333333
final,73,720897762676059978,32,12000,0.0,0.2,unacceptable,per_feature,withheld,0.00029947916666665797,0.011083333333333334,0.04908333333333333
final,73,720897762676059978,32,12000,0.0,0.2,unacceptable,same_evidence,withheld,0.00029947916666665797,0.011083333333333334,0.04908333333333333
final,73,720897762676059978,32,12000,0.0,0.2,unacceptable,framework,withheld,0.00029947916666665797,0.011083333333333334,0.04908333333333333
final,74,4110165260826067711,32,12000,0.0,0.2,unacceptable,pooled,supported,0.0011302083333333407,0.01075000000000001,0.0495
final,74,4110165260826067711,32,12000,0.0,0.2,unacceptable,per_feature,withheld,0.0011302083333333407,0.01075000000000001,0.0495
final,74,4110165260826067711,32,12000,0.0,0.2,unacceptable,same_evidence,withheld,0.0011302083333333407,0.01075000000000001,0.0495
final,74,4110165260826067711,32,12000,0.0,0.2,unacceptable,framework,withheld,0.0011302083333333407,0.01075000000000001,0.0495
final,75,4390691808315277970,32,12000,0.0,0.2,unacceptable,pooled,supported,0.00029947916666667185,0.010250000000000009,0.053
final,75,4390691808315277970,32,12000,0.0,0.2,unacceptable,per_feature,withheld,0.00029947916666667185,0.010250000000000009,0.053
final,75,4390691808315277970,32,12000,0.0,0.2,unacceptable,same_evidence,withheld,0.00029947916666667185,0.010250000000000009,0.053
final,75,4390691808315277970,32,12000,0.0,0.2,unacceptable,framework,withheld,0.00029947916666667185,0.010250000000000009,0.053
final,76,1088984944817277791,32,12000,0.0,0.2,unacceptable,pooled,supported,0.0001666666666666622,0.008583333333333346,0.0485
final,76,1088984944817277791,32,12000,0.0,0.2,unacceptable,per_feature,supported,0.0001666666666666622,0.008583333333333346,0.0485
final,76,1088984944817277791,32,12000,0.0,0.2,unacceptable,same_evidence,withheld,0.0001666666666666622,0.008583333333333346,0.0485
final,76,1088984944817277791,32,12000,0.0,0.2,unacceptable,framework,withheld,0.0001666666666666622,0.008583333333333346,0.0485
final,77,3195577865724864614,32,12000,0.0,0.2,unacceptable,pooled,supported,0.0007213541666666601,0.011416666666666658,0.04775
final,77,3195577865724864614,32,12000,0.0,0.2,unacceptable,per_feature,withheld,0.0007213541666666601,0.011416666666666658,0.04775
final,77,3195577865724864614,32,12000,0.0,0.2,unacceptable,same_evidence,withheld,0.0007213541666666601,0.011416666666666658,0.04775
final,77,3195577865724864614,32,12000,0.0,0.2,unacceptable,framework,withheld,0.0007213541666666601,0.011416666666666658,0.04775
final,78,1312756140386369841,32,12000,0.0,0.2,unacceptable,pooled,supported,0.00018749999999999323,0.009083333333333346,0.04958333333333333
final,78,1312756140386369841,32,12000,0.0,0.2,unacceptable,per_feature,supported,0.00018749999999999323,0.009083333333333346,0.04958333333333333
final,78,1312756140386369841,32,12000,0.0,0.2,unacceptable,same_evidence,withheld,0.00018749999999999323,0.009083333333333346,0.04958333333333333
final,78,1312756140386369841,32,12000,0.0,0.2,unacceptable,framework,withheld,0.00018749999999999323,0.009083333333333346,0.04958333333333333
final,79,2968790221169957215,32,12000,0.0,0.2,unacceptable,pooled,supported,0.0005442708333333324,0.01175000000000001,0.051583333333333335
final,79,2968790221169957215,32,12000,0.0,0.2,unacceptable,per_feature,withheld,0.0005442708333333324,0.01175000000000001,0.051583333333333335
final,79,2968790221169957215,32,12000,0.0,0.2,unacceptable,same_evidence,withheld,0.0005442708333333324,0.01175000000000001,0.051583333333333335
final,79,2968790221169957215,32,12000,0.0,0.2,unacceptable,framework,withheld,0.0005442708333333324,0.01175000000000001,0.051583333333333335
final,80,3887876632562217253,32,12000,0.0,0.2,unacceptable,pooled,supported,0.0010937500000000044,0.00816666666666667,0.04858333333333333
final,80,3887876632562217253,32,12000,0.0,0.2,unacceptable,per_feature,supported,0.0010937500000000044,0.00816666666666667,0.04858333333333333
final,80,3887876632562217253,32,12000,0.0,0.2,unacceptable,same_evidence,withheld,0.0010937500000000044,0.00816666666666667,0.04858333333333333
final,80,3887876632562217253,32,12000,0.0,0.2,unacceptable,framework,withheld,0.0010937500000000044,0.00816666666666667,0.04858333333333333
final,81,3153066732278125161,32,12000,0.0,0.2,unacceptable,pooled,supported,0.00015104166666665697,0.010499999999999995,0.04833333333333333
final,81,3153066732278125161,32,12000,0.0,0.2,unacceptable,per_feature,withheld,0.00015104166666665697,0.010499999999999995,0.04833333333333333
final,81,3153066732278125161,32,12000,0.0,0.2,unacceptable,same_evidence,withheld,0.00015104166666665697,0.010499999999999995,0.04833333333333333
final,81,3153066732278125161,32,12000,0.0,0.2,unacceptable,framework,withheld,0.00015104166666665697,0.010499999999999995,0.04833333333333333
final,82,4337017504548795911,32,12000,0.0,0.2,unacceptable,pooled,supported,0.0007057291666666687,0.00941666666666667,0.051833333333333335
final,82,4337017504548795911,32,12000,0.0,0.2,unacceptable,per_feature,supported,0.0007057291666666687,0.00941666666666667,0.051833333333333335
final,82,4337017504548795911,32,12000,0.0,0.2,unacceptable,same_evidence,withheld,0.0007057291666666687,0.00941666666666667,0.051833333333333335
final,82,4337017504548795911,32,12000,0.0,0.2,unacceptable,framework,withheld,0.0007057291666666687,0.00941666666666667,0.051833333333333335
final,83,3214944249720701921,32,12000,0.0,0.2,unacceptable,pooled,supported,4.9479166666671626e-05,0.009583333333333333,0.049
final,83,3214944249720701921,32,12000,0.0,0.2,unacceptable,per_feature,supported,4.9479166666671626e-05,0.009583333333333333,0.049
final,83,3214944249720701921,32,12000,0.0,0.2,unacceptable,same_evidence,withheld,4.9479166666671626e-05,0.009583333333333333,0.049
final,83,3214944249720701921,32,12000,0.0,0.2,unacceptable,framework,withheld,4.9479166666671626e-05,0.009583333333333333,0.049
final,84,2207712414764465710,32,12000,0.0,0.2,unacceptable,pooled,supported,0.001893229166666649,0.006416666666666668,0.04825
final,84,2207712414764465710,32,12000,0.0,0.2,unacceptable,per_feature,supported,0.001893229166666649,0.006416666666666668,0.04825
final,84,2207712414764465710,32,12000,0.0,0.2,unacceptable,same_evidence,withheld,0.001893229166666649,0.006416666666666668,0.04825
final,84,2207712414764465710,32,12000,0.0,0.2,unacceptable,framework,withheld,0.001893229166666649,0.006416666666666668,0.04825
final,85,1516158017179778511,32,12000,0.0,0.2,unacceptable,pooled,supported,0.001315104166666664,0.010249999999999995,0.04775
final,85,1516158017179778511,32,12000,0.0,0.2,unacceptable,per_feature,withheld,0.001315104166666664,0.010249999999999995,0.04775
final,85,1516158017179778511,32,12000,0.0,0.2,unacceptable,same_evidence,withheld,0.001315104166666664,0.010249999999999995,0.04775
final,85,1516158017179778511,32,12000,0.0,0.2,unacceptable,framework,withheld,0.001315104166666664,0.010249999999999995,0.04775
final,86,356042742000165535,32,12000,0.0,0.2,unacceptable,pooled,supported,0.0004635416666666642,0.009749999999999995,0.0495
final,86,356042742000165535,32,12000,0.0,0.2,unacceptable,per_feature,supported,0.0004635416666666642,0.009749999999999995,0.0495
final,86,356042742000165535,32,12000,0.0,0.2,unacceptable,same_evidence,withheld,0.0004635416666666642,0.009749999999999995,0.0495
final,86,356042742000165535,32,12000,0.0,0.2,unacceptable,framework,withheld,0.0004635416666666642,0.009749999999999995,0.0495
final,87,2146717805252137272,32,12000,0.0,0.2,unacceptable,pooled,supported,5.20833333333276e-05,0.009583333333333333,0.05
final,87,2146717805252137272,32,12000,0.0,0.2,unacceptable,per_feature,supported,5.20833333333276e-05,0.009583333333333333,0.05
final,87,2146717805252137272,32,12000,0.0,0.2,unacceptable,same_evidence,withheld,5.20833333333276e-05,0.009583333333333333,0.05
final,87,2146717805252137272,32,12000,0.0,0.2,unacceptable,framework,withheld,5.20833333333276e-05,0.009583333333333333,0.05
final,88,1343546994336419414,32,12000,0.0,0.2,unacceptable,pooled,supported,0.0011510416666666717,0.011249999999999996,0.054
final,88,1343546994336419414,32,12000,0.0,0.2,unacceptable,per_feature,withheld,0.0011510416666666717,0.011249999999999996,0.054
final,88,1343546994336419414,32,12000,0.0,0.2,unacceptable,same_evidence,withheld,0.0011510416666666717,0.011249999999999996,0.054
final,88,1343546994336419414,32,12000,0.0,0.2,unacceptable,framework,withheld,0.0011510416666666717,0.011249999999999996,0.054
final,89,1050717097298641951,32,12000,0.0,0.2,unacceptable,pooled,supported,0.00035677083333333914,0.007583333333333331,0.050583333333333334
final,89,1050717097298641951,32,12000,0.0,0.2,unacceptable,per_feature,supported,0.00035677083333333914,0.007583333333333331,0.050583333333333334
final,89,1050717097298641951,32,12000,0.0,0.2,unacceptable,same_evidence,withheld,0.00035677083333333914,0.007583333333333331,0.050583333333333334
final,89,1050717097298641951,32,12000,0.0,0.2,unacceptable,framework,withheld,0.00035677083333333914,0.007583333333333331,0.050583333333333334
final,90,468720316523443750,32,12000,0.0,0.2,unacceptable,pooled,supported,0.0008750000000000008,0.010250000000000009,0.04825
final,90,468720316523443750,32,12000,0.0,0.2,unacceptable,per_feature,withheld,0.0008750000000000008,0.010250000000000009,0.04825
final,90,468720316523443750,32,12000,0.0,0.2,unacceptable,same_evidence,withheld,0.0008750000000000008,0.010250000000000009,0.04825
final,90,468720316523443750,32,12000,0.0,0.2,unacceptable,framework,withheld,0.0008750000000000008,0.010250000000000009,0.04825
final,91,3007903602991936467,32,12000,0.0,0.2,unacceptable,pooled,supported,0.00010416666666666907,0.009000000000000008,0.04741666666666667
final,91,3007903602991936467,32,12000,0.0,0.2,unacceptable,per_feature,supported,0.00010416666666666907,0.009000000000000008,0.04741666666666667
final,91,3007903602991936467,32,12000,0.0,0.2,unacceptable,same_evidence,withheld,0.00010416666666666907,0.009000000000000008,0.04741666666666667
final,91,3007903602991936467,32,12000,0.0,0.2,unacceptable,framework,withheld,0.00010416666666666907,0.009000000000000008,0.04741666666666667
final,92,60073326781600243,32,12000,0.0,0.2,unacceptable,pooled,supported,0.0002864583333333226,0.008999999999999994,0.04925
final,92,60073326781600243,32,12000,0.0,0.2,unacceptable,per_feature,supported,0.0002864583333333226,0.008999999999999994,0.04925
final,92,60073326781600243,32,12000,0.0,0.2,unacceptable,same_evidence,withheld,0.0002864583333333226,0.008999999999999994,0.04925
final,92,60073326781600243,32,12000,0.0,0.2,unacceptable,framework,withheld,0.0002864583333333226,0.008999999999999994,0.04925
final,93,951701262751661520,32,12000,0.0,0.2,unacceptable,pooled,supported,0.0009244791666666585,0.006999999999999992,0.04841666666666666
final,93,951701262751661520,32,12000,0.0,0.2,unacceptable,per_feature,supported,0.0009244791666666585,0.006999999999999992,0.04841666666666666
final,93,951701262751661520,32,12000,0.0,0.2,unacceptable,same_evidence,withheld,0.0009244791666666585,0.006999999999999992,0.04841666666666666
final,93,951701262751661520,32,12000,0.0,0.2,unacceptable,framework,withheld,0.0009244791666666585,0.006999999999999992,0.04841666666666666
final,94,4005441931240753927,32,12000,0.0,0.2,unacceptable,pooled,supported,0.0007526041666666705,0.00966666666666667,0.049666666666666665
final,94,4005441931240753927,32,12000,0.0,0.2,unacceptable,per_feature,supported,0.0007526041666666705,0.00966666666666667,0.049666666666666665
final,94,4005441931240753927,32,12000,0.0,0.2,unacceptable,same_evidence,withheld,0.0007526041666666705,0.00966666666666667,0.049666666666666665
final,94,4005441931240753927,32,12000,0.0,0.2,unacceptable,framework,withheld,0.0007526041666666705,0.00966666666666667,0.049666666666666665
final,95,2423991785627558983,32,12000,0.0,0.2,unacceptable,pooled,supported,0.00040364583333332704,0.007416666666666669,0.049
final,95,2423991785627558983,32,12000,0.0,0.2,unacceptable,per_feature,supported,0.00040364583333332704,0.007416666666666669,0.049
final,95,2423991785627558983,32,12000,0.0,0.2,unacceptable,same_evidence,withheld,0.00040364583333332704,0.007416666666666669,0.049
final,95,2423991785627558983,32,12000,0.0,0.2,unacceptable,framework,withheld,0.00040364583333332704,0.007416666666666669,0.049
final,96,287959094049656876,32,12000,0.0,0.2,unacceptable,pooled,supported,0.00027604166666667096,0.009083333333333332,0.05308333333333334
final,96,287959094049656876,32,12000,0.0,0.2,unacceptable,per_feature,supported,0.00027604166666667096,0.009083333333333332,0.05308333333333334
final,96,287959094049656876,32,12000,0.0,0.2,unacceptable,same_evidence,withheld,0.00027604166666667096,0.009083333333333332,0.05308333333333334
final,96,287959094049656876,32,12000,0.0,0.2,unacceptable,framework,withheld,0.00027604166666667096,0.009083333333333332,0.05308333333333334
final,97,2900250436170427787,32,12000,0.0,0.2,unacceptable,pooled,supported,0.0007161458333333204,0.007749999999999993,0.05516666666666667
final,97,2900250436170427787,32,12000,0.0,0.2,unacceptable,per_feature,supported,0.0007161458333333204,0.007749999999999993,0.05516666666666667
final,97,2900250436170427787,32,12000,0.0,0.2,unacceptable,same_evidence,withheld,0.0007161458333333204,0.007749999999999993,0.05516666666666667
final,97,2900250436170427787,32,12000,0.0,0.2,unacceptable,framework,withheld,0.0007161458333333204,0.007749999999999993,0.05516666666666667
final,98,2998911472638464105,32,12000,0.0,0.2,unacceptable,pooled,supported,8.5937499999994e-05,0.00966666666666667,0.050916666666666666
final,98,2998911472638464105,32,12000,0.0,0.2,unacceptable,per_feature,supported,8.5937499999994e-05,0.00966666666666667,0.050916666666666666
final,98,2998911472638464105,32,12000,0.0,0.2,unacceptable,same_evidence,withheld,8.5937499999994e-05,0.00966666666666667,0.050916666666666666
final,98,2998911472638464105,32,12000,0.0,0.2,unacceptable,framework,withheld,8.5937499999994e-05,0.00966666666666667,0.050916666666666666
final,99,1224740368895327687,32,12000,0.0,0.2,unacceptable,pooled,supported,0.00016666666666667607,0.0072500000000000064,0.050083333333333334
final,99,1224740368895327687,32,12000,0.0,0.2,unacceptable,per_feature,supported,0.00016666666666667607,0.0072500000000000064,0.050083333333333334
final,99,1224740368895327687,32,12000,0.0,0.2,unacceptable,same_evidence,withheld,0.00016666666666667607,0.0072500000000000064,0.050083333333333334
final,99,1224740368895327687,32,12000,0.0,0.2,unacceptable,framework,withheld,0.00016666666666667607,0.0072500000000000064,0.050083333333333334
low_support,0,1421094024277380421,2,16,0.05,0.15000000000000002,acceptable,pooled,insufficient_evidence,0.15625,0.1875,0.0
low_support,0,1421094024277380421,2,16,0.05,0.15000000000000002,acceptable,per_feature,insufficient_evidence,0.15625,0.1875,0.0
low_support,0,1421094024277380421,2,16,0.05,0.15000000000000002,acceptable,same_evidence,insufficient_evidence,0.15625,0.1875,0.0
low_support,0,1421094024277380421,2,16,0.05,0.15000000000000002,acceptable,framework,insufficient_evidence,0.15625,0.1875,0.0
low_support,1,2261863370179768070,2,16,0.05,0.15000000000000002,acceptable,pooled,insufficient_evidence,0.03125,0.0625,0.0
low_support,1,2261863370179768070,2,16,0.05,0.15000000000000002,acceptable,per_feature,insufficient_evidence,0.03125,0.0625,0.0
low_support,1,2261863370179768070,2,16,0.05,0.15000000000000002,acceptable,same_evidence,insufficient_evidence,0.03125,0.0625,0.0
low_support,1,2261863370179768070,2,16,0.05,0.15000000000000002,acceptable,framework,insufficient_evidence,0.03125,0.0625,0.0
low_support,2,329747422069037378,2,16,0.05,0.15000000000000002,acceptable,pooled,insufficient_evidence,0.09375,0.125,0.125
low_support,2,329747422069037378,2,16,0.05,0.15000000000000002,acceptable,per_feature,insufficient_evidence,0.09375,0.125,0.125
low_support,2,329747422069037378,2,16,0.05,0.15000000000000002,acceptable,same_evidence,insufficient_evidence,0.09375,0.125,0.125
low_support,2,329747422069037378,2,16,0.05,0.15000000000000002,acceptable,framework,insufficient_evidence,0.09375,0.125,0.125
low_support,3,1928352740783590999,2,16,0.05,0.15000000000000002,acceptable,pooled,insufficient_evidence,0.1875,0.25,0.125
low_support,3,1928352740783590999,2,16,0.05,0.15000000000000002,acceptable,per_feature,insufficient_evidence,0.1875,0.25,0.125
low_support,3,1928352740783590999,2,16,0.05,0.15000000000000002,acceptable,same_evidence,insufficient_evidence,0.1875,0.25,0.125
low_support,3,1928352740783590999,2,16,0.05,0.15000000000000002,acceptable,framework,insufficient_evidence,0.1875,0.25,0.125
low_support,4,3807384549218181609,2,16,0.05,0.15000000000000002,acceptable,pooled,insufficient_evidence,0.03125,0.0625,0.0625
low_support,4,3807384549218181609,2,16,0.05,0.15000000000000002,acceptable,per_feature,insufficient_evidence,0.03125,0.0625,0.0625
low_support,4,3807384549218181609,2,16,0.05,0.15000000000000002,acceptable,same_evidence,insufficient_evidence,0.03125,0.0625,0.0625
low_support,4,3807384549218181609,2,16,0.05,0.15000000000000002,acceptable,framework,insufficient_evidence,0.03125,0.0625,0.0625
low_support,5,1867132307620371103,2,16,0.05,0.15000000000000002,acceptable,pooled,insufficient_evidence,0.09375,0.125,0.0625
low_support,5,1867132307620371103,2,16,0.05,0.15000000000000002,acceptable,per_feature,insufficient_evidence,0.09375,0.125,0.0625
low_support,5,1867132307620371103,2,16,0.05,0.15000000000000002,acceptable,same_evidence,insufficient_evidence,0.09375,0.125,0.0625
low_support,5,1867132307620371103,2,16,0.05,0.15000000000000002,acceptable,framework,insufficient_evidence,0.09375,0.125,0.0625
low_support,6,3931190073079881093,2,16,0.05,0.15000000000000002,acceptable,pooled,insufficient_evidence,0.03125,0.0625,0.0
low_support,6,3931190073079881093,2,16,0.05,0.15000000000000002,acceptable,per_feature,insufficient_evidence,0.03125,0.0625,0.0
low_support,6,3931190073079881093,2,16,0.05,0.15000000000000002,acceptable,same_evidence,insufficient_evidence,0.03125,0.0625,0.0
low_support,6,3931190073079881093,2,16,0.05,0.15000000000000002,acceptable,framework,insufficient_evidence,0.03125,0.0625,0.0
low_support,7,2051812937344861292,2,16,0.05,0.15000000000000002,acceptable,pooled,insufficient_evidence,0.15625,0.25,0.0625
low_support,7,2051812937344861292,2,16,0.05,0.15000000000000002,acceptable,per_feature,insufficient_evidence,0.15625,0.25,0.0625
low_support,7,2051812937344861292,2,16,0.05,0.15000000000000002,acceptable,same_evidence,insufficient_evidence,0.15625,0.25,0.0625
low_support,7,2051812937344861292,2,16,0.05,0.15000000000000002,acceptable,framework,insufficient_evidence,0.15625,0.25,0.0625
low_support,8,3759804507774256506,2,16,0.05,0.15000000000000002,acceptable,pooled,insufficient_evidence,0.0625,0.125,0.125
low_support,8,3759804507774256506,2,16,0.05,0.15000000000000002,acceptable,per_feature,insufficient_evidence,0.0625,0.125,0.125
low_support,8,3759804507774256506,2,16,0.05,0.15000000000000002,acceptable,same_evidence,insufficient_evidence,0.0625,0.125,0.125
low_support,8,3759804507774256506,2,16,0.05,0.15000000000000002,acceptable,framework,insufficient_evidence,0.0625,0.125,0.125
low_support,9,3096969847382436734,2,16,0.05,0.15000000000000002,acceptable,pooled,insufficient_evidence,0.0,0.0625,0.0
low_support,9,3096969847382436734,2,16,0.05,0.15000000000000002,acceptable,per_feature,insufficient_evidence,0.0,0.0625,0.0
low_support,9,3096969847382436734,2,16,0.05,0.15000000000000002,acceptable,same_evidence,insufficient_evidence,0.0,0.0625,0.0
low_support,9,3096969847382436734,2,16,0.05,0.15000000000000002,acceptable,framework,insufficient_evidence,0.0,0.0625,0.0
low_support,10,2178660445906471424,2,16,0.05,0.15000000000000002,acceptable,pooled,insufficient_evidence,0.03125,0.0625,0.0
low_support,10,2178660445906471424,2,16,0.05,0.15000000000000002,acceptable,per_feature,insufficient_evidence,0.03125,0.0625,0.0
low_support,10,2178660445906471424,2,16,0.05,0.15000000000000002,acceptable,same_evidence,insufficient_evidence,0.03125,0.0625,0.0
low_support,10,2178660445906471424,2,16,0.05,0.15000000000000002,acceptable,framework,insufficient_evidence,0.03125,0.0625,0.0
low_support,11,703107781710149232,2,16,0.05,0.15000000000000002,acceptable,pooled,insufficient_evidence,0.03125,0.0625,0.0625
low_support,11,703107781710149232,2,16,0.05,0.15000000000000002,acceptable,per_feature,insufficient_evidence,0.03125,0.0625,0.0625
low_support,11,703107781710149232,2,16,0.05,0.15000000000000002,acceptable,same_evidence,insufficient_evidence,0.03125,0.0625,0.0625
low_support,11,703107781710149232,2,16,0.05,0.15000000000000002,acceptable,framework,insufficient_evidence,0.03125,0.0625,0.0625
low_support,12,2207350041809174353,2,16,0.05,0.15000000000000002,acceptable,pooled,insufficient_evidence,0.0625,0.0625,0.0625
low_support,12,2207350041809174353,2,16,0.05,0.15000000000000002,acceptable,per_feature,insufficient_evidence,0.0625,0.0625,0.0625
low_support,12,2207350041809174353,2,16,0.05,0.15000000000000002,acceptable,same_evidence,insufficient_evidence,0.0625,0.0625,0.0625
low_support,12,2207350041809174353,2,16,0.05,0.15000000000000002,acceptable,framework,insufficient_evidence,0.0625,0.0625,0.0625
low_support,13,2420227853230296252,2,16,0.05,0.15000000000000002,acceptable,pooled,insufficient_evidence,0.0625,0.125,0.0625
low_support,13,2420227853230296252,2,16,0.05,0.15000000000000002,acceptable,per_feature,insufficient_evidence,0.0625,0.125,0.0625
low_support,13,2420227853230296252,2,16,0.05,0.15000000000000002,acceptable,same_evidence,insufficient_evidence,0.0625,0.125,0.0625
low_support,13,2420227853230296252,2,16,0.05,0.15000000000000002,acceptable,framework,insufficient_evidence,0.0625,0.125,0.0625
low_support,14,1678583642930513979,2,16,0.05,0.15000000000000002,acceptable,pooled,insufficient_evidence,0.03125,0.0625,0.0625
low_support,14,1678583642930513979,2,16,0.05,0.15000000000000002,acceptable,per_feature,insufficient_evidence,0.03125,0.0625,0.0625
low_support,14,1678583642930513979,2,16,0.05,0.15000000000000002,acceptable,same_evidence,insufficient_evidence,0.03125,0.0625,0.0625
low_support,14,1678583642930513979,2,16,0.05,0.15000000000000002,acceptable,framework,insufficient_evidence,0.03125,0.0625,0.0625
low_support,15,473557993258772291,2,16,0.05,0.15000000000000002,acceptable,pooled,insufficient_evidence,0.03125,0.0625,0.0
low_support,15,473557993258772291,2,16,0.05,0.15000000000000002,acceptable,per_feature,insufficient_evidence,0.03125,0.0625,0.0
low_support,15,473557993258772291,2,16,0.05,0.15000000000000002,acceptable,same_evidence,insufficient_evidence,0.03125,0.0625,0.0
low_support,15,473557993258772291,2,16,0.05,0.15000000000000002,acceptable,framework,insufficient_evidence,0.03125,0.0625,0.0
low_support,16,1539191051656169266,2,16,0.05,0.15000000000000002,acceptable,pooled,insufficient_evidence,0.0625,0.0625,0.0625
low_support,16,1539191051656169266,2,16,0.05,0.15000000000000002,acceptable,per_feature,insufficient_evidence,0.0625,0.0625,0.0625
low_support,16,1539191051656169266,2,16,0.05,0.15000000000000002,acceptable,same_evidence,insufficient_evidence,0.0625,0.0625,0.0625
low_support,16,1539191051656169266,2,16,0.05,0.15000000000000002,acceptable,framework,insufficient_evidence,0.0625,0.0625,0.0625
low_support,17,529561795763993839,2,16,0.05,0.15000000000000002,acceptable,pooled,insufficient_evidence,0.03125,0.125,0.0
low_support,17,529561795763993839,2,16,0.05,0.15000000000000002,acceptable,per_feature,insufficient_evidence,0.03125,0.125,0.0
low_support,17,529561795763993839,2,16,0.05,0.15000000000000002,acceptable,same_evidence,insufficient_evidence,0.03125,0.125,0.0
low_support,17,529561795763993839,2,16,0.05,0.15000000000000002,acceptable,framework,insufficient_evidence,0.03125,0.125,0.0
low_support,18,1621761042966464701,2,16,0.05,0.15000000000000002,acceptable,pooled,insufficient_evidence,0.0625,0.125,0.0
low_support,18,1621761042966464701,2,16,0.05,0.15000000000000002,acceptable,per_feature,insufficient_evidence,0.0625,0.125,0.0
low_support,18,1621761042966464701,2,16,0.05,0.15000000000000002,acceptable,same_evidence,insufficient_evidence,0.0625,0.125,0.0
low_support,18,1621761042966464701,2,16,0.05,0.15000000000000002,acceptable,framework,insufficient_evidence,0.0625,0.125,0.0
low_support,19,876247643373654619,2,16,0.05,0.15000000000000002,acceptable,pooled,insufficient_evidence,0.03125,0.0625,0.0
low_support,19,876247643373654619,2,16,0.05,0.15000000000000002,acceptable,per_feature,insufficient_evidence,0.03125,0.0625,0.0
low_support,19,876247643373654619,2,16,0.05,0.15000000000000002,acceptable,same_evidence,insufficient_evidence,0.03125,0.0625,0.0
low_support,19,876247643373654619,2,16,0.05,0.15000000000000002,acceptable,framework,insufficient_evidence,0.03125,0.0625,0.0
low_support,20,3117984384938964558,2,16,0.05,0.15000000000000002,acceptable,pooled,insufficient_evidence,0.0625,0.125,0.0625
low_support,20,3117984384938964558,2,16,0.05,0.15000000000000002,acceptable,per_feature,insufficient_evidence,0.0625,0.125,0.0625
low_support,20,3117984384938964558,2,16,0.05,0.15000000000000002,acceptable,same_evidence,insufficient_evidence,0.0625,0.125,0.0625
low_support,20,3117984384938964558,2,16,0.05,0.15000000000000002,acceptable,framework,insufficient_evidence,0.0625,0.125,0.0625
low_support,21,1167640015591723166,2,16,0.05,0.15000000000000002,acceptable,pooled,insufficient_evidence,0.15625,0.25,0.0625
low_support,21,1167640015591723166,2,16,0.05,0.15000000000000002,acceptable,per_feature,insufficient_evidence,0.15625,0.25,0.0625
low_support,21,1167640015591723166,2,16,0.05,0.15000000000000002,acceptable,same_evidence,insufficient_evidence,0.15625,0.25,0.0625
low_support,21,1167640015591723166,2,16,0.05,0.15000000000000002,acceptable,framework,insufficient_evidence,0.15625,0.25,0.0625
low_support,22,1027581481389694577,2,16,0.05,0.15000000000000002,acceptable,pooled,insufficient_evidence,0.0,0.0,0.0625
low_support,22,1027581481389694577,2,16,0.05,0.15000000000000002,acceptable,per_feature,insufficient_evidence,0.0,0.0,0.0625
low_support,22,1027581481389694577,2,16,0.05,0.15000000000000002,acceptable,same_evidence,insufficient_evidence,0.0,0.0,0.0625
low_support,22,1027581481389694577,2,16,0.05,0.15000000000000002,acceptable,framework,insufficient_evidence,0.0,0.0,0.0625
low_support,23,1055875086541698602,2,16,0.05,0.15000000000000002,acceptable,pooled,insufficient_evidence,0.0625,0.0625,0.125
low_support,23,1055875086541698602,2,16,0.05,0.15000000000000002,acceptable,per_feature,insufficient_evidence,0.0625,0.0625,0.125
low_support,23,1055875086541698602,2,16,0.05,0.15000000000000002,acceptable,same_evidence,insufficient_evidence,0.0625,0.0625,0.125
low_support,23,1055875086541698602,2,16,0.05,0.15000000000000002,acceptable,framework,insufficient_evidence,0.0625,0.0625,0.125
low_support,24,4373630228008588071,2,16,0.05,0.15000000000000002,acceptable,pooled,insufficient_evidence,0.0625,0.0625,0.0625
low_support,24,4373630228008588071,2,16,0.05,0.15000000000000002,acceptable,per_feature,insufficient_evidence,0.0625,0.0625,0.0625
low_support,24,4373630228008588071,2,16,0.05,0.15000000000000002,acceptable,same_evidence,insufficient_evidence,0.0625,0.0625,0.0625
low_support,24,4373630228008588071,2,16,0.05,0.15000000000000002,acceptable,framework,insufficient_evidence,0.0625,0.0625,0.0625
low_support,25,881523055646700372,2,16,0.05,0.15000000000000002,acceptable,pooled,insufficient_evidence,0.03125,0.125,0.0
low_support,25,881523055646700372,2,16,0.05,0.15000000000000002,acceptable,per_feature,insufficient_evidence,0.03125,0.125,0.0
low_support,25,881523055646700372,2,16,0.05,0.15000000000000002,acceptable,same_evidence,insufficient_evidence,0.03125,0.125,0.0
low_support,25,881523055646700372,2,16,0.05,0.15000000000000002,acceptable,framework,insufficient_evidence,0.03125,0.125,0.0
low_support,26,267130739011280884,2,16,0.05,0.15000000000000002,acceptable,pooled,insufficient_evidence,0.0,0.0,0.0
low_support,26,267130739011280884,2,16,0.05,0.15000000000000002,acceptable,per_feature,insufficient_evidence,0.0,0.0,0.0
low_support,26,267130739011280884,2,16,0.05,0.15000000000000002,acceptable,same_evidence,insufficient_evidence,0.0,0.0,0.0
low_support,26,267130739011280884,2,16,0.05,0.15000000000000002,acceptable,framework,insufficient_evidence,0.0,0.0,0.0
low_support,27,3216725894429879663,2,16,0.05,0.15000000000000002,acceptable,pooled,insufficient_evidence,0.03125,0.0625,0.0625
low_support,27,3216725894429879663,2,16,0.05,0.15000000000000002,acceptable,per_feature,insufficient_evidence,0.03125,0.0625,0.0625
low_support,27,3216725894429879663,2,16,0.05,0.15000000000000002,acceptable,same_evidence,insufficient_evidence,0.03125,0.0625,0.0625
low_support,27,3216725894429879663,2,16,0.05,0.15000000000000002,acceptable,framework,insufficient_evidence,0.03125,0.0625,0.0625
low_support,28,612985034199655689,2,16,0.05,0.15000000000000002,acceptable,pooled,insufficient_evidence,0.0,0.0,0.0625
low_support,28,612985034199655689,2,16,0.05,0.15000000000000002,acceptable,per_feature,insufficient_evidence,0.0,0.0,0.0625
low_support,28,612985034199655689,2,16,0.05,0.15000000000000002,acceptable,same_evidence,insufficient_evidence,0.0,0.0,0.0625
low_support,28,612985034199655689,2,16,0.05,0.15000000000000002,acceptable,framework,insufficient_evidence,0.0,0.0,0.0625
low_support,29,2053749426881996139,2,16,0.05,0.15000000000000002,acceptable,pooled,insufficient_evidence,0.03125,0.0625,0.0625
low_support,29,2053749426881996139,2,16,0.05,0.15000000000000002,acceptable,per_feature,insufficient_evidence,0.03125,0.0625,0.0625
low_support,29,2053749426881996139,2,16,0.05,0.15000000000000002,acceptable,same_evidence,insufficient_evidence,0.03125,0.0625,0.0625
low_support,29,2053749426881996139,2,16,0.05,0.15000000000000002,acceptable,framework,insufficient_evidence,0.03125,0.0625,0.0625
low_support,30,2292459216177968243,2,16,0.05,0.15000000000000002,acceptable,pooled,insufficient_evidence,0.21875,0.25,0.1875
low_support,30,2292459216177968243,2,16,0.05,0.15000000000000002,acceptable,per_feature,insufficient_evidence,0.21875,0.25,0.1875
low_support,30,2292459216177968243,2,16,0.05,0.15000000000000002,acceptable,same_evidence,insufficient_evidence,0.21875,0.25,0.1875
low_support,30,2292459216177968243,2,16,0.05,0.15000000000000002,acceptable,framework,insufficient_evidence,0.21875,0.25,0.1875
low_support,31,2757851724180232711,2,16,0.05,0.15000000000000002,acceptable,pooled,insufficient_evidence,0.21875,0.25,0.125
low_support,31,2757851724180232711,2,16,0.05,0.15000000000000002,acceptable,per_feature,insufficient_evidence,0.21875,0.25,0.125
low_support,31,2757851724180232711,2,16,0.05,0.15000000000000002,acceptable,same_evidence,insufficient_evidence,0.21875,0.25,0.125
low_support,31,2757851724180232711,2,16,0.05,0.15000000000000002,acceptable,framework,insufficient_evidence,0.21875,0.25,0.125
low_support,32,2624464852116524019,2,16,0.05,0.15000000000000002,acceptable,pooled,insufficient_evidence,0.03125,0.0625,0.0625
low_support,32,2624464852116524019,2,16,0.05,0.15000000000000002,acceptable,per_feature,insufficient_evidence,0.03125,0.0625,0.0625
low_support,32,2624464852116524019,2,16,0.05,0.15000000000000002,acceptable,same_evidence,insufficient_evidence,0.03125,0.0625,0.0625
low_support,32,2624464852116524019,2,16,0.05,0.15000000000000002,acceptable,framework,insufficient_evidence,0.03125,0.0625,0.0625
low_support,33,443755474385071819,2,16,0.05,0.15000000000000002,acceptable,pooled,insufficient_evidence,0.09375,0.125,0.0625
low_support,33,443755474385071819,2,16,0.05,0.15000000000000002,acceptable,per_feature,insufficient_evidence,0.09375,0.125,0.0625
low_support,33,443755474385071819,2,16,0.05,0.15000000000000002,acceptable,same_evidence,insufficient_evidence,0.09375,0.125,0.0625
low_support,33,443755474385071819,2,16,0.05,0.15000000000000002,acceptable,framework,insufficient_evidence,0.09375,0.125,0.0625
low_support,34,785269977284231585,2,16,0.05,0.15000000000000002,acceptable,pooled,insufficient_evidence,0.03125,0.0625,0.0
low_support,34,785269977284231585,2,16,0.05,0.15000000000000002,acceptable,per_feature,insufficient_evidence,0.03125,0.0625,0.0
low_support,34,785269977284231585,2,16,0.05,0.15000000000000002,acceptable,same_evidence,insufficient_evidence,0.03125,0.0625,0.0
low_support,34,785269977284231585,2,16,0.05,0.15000000000000002,acceptable,framework,insufficient_evidence,0.03125,0.0625,0.0
low_support,35,3649346980435253643,2,16,0.05,0.15000000000000002,acceptable,pooled,insufficient_evidence,0.0,0.0,0.0
low_support,35,3649346980435253643,2,16,0.05,0.15000000000000002,acceptable,per_feature,insufficient_evidence,0.0,0.0,0.0
low_support,35,3649346980435253643,2,16,0.05,0.15000000000000002,acceptable,same_evidence,insufficient_evidence,0.0,0.0,0.0
low_support,35,3649346980435253643,2,16,0.05,0.15000000000000002,acceptable,framework,insufficient_evidence,0.0,0.0,0.0
low_support,36,3594569840019931601,2,16,0.05,0.15000000000000002,acceptable,pooled,insufficient_evidence,0.0625,0.125,0.0
low_support,36,3594569840019931601,2,16,0.05,0.15000000000000002,acceptable,per_feature,insufficient_evidence,0.0625,0.125,0.0
low_support,36,3594569840019931601,2,16,0.05,0.15000000000000002,acceptable,same_evidence,insufficient_evidence,0.0625,0.125,0.0
low_support,36,3594569840019931601,2,16,0.05,0.15000000000000002,acceptable,framework,insufficient_evidence,0.0625,0.125,0.0
low_support,37,3472227254565348998,2,16,0.05,0.15000000000000002,acceptable,pooled,insufficient_evidence,0.15625,0.25,0.0625
low_support,37,3472227254565348998,2,16,0.05,0.15000000000000002,acceptable,per_feature,insufficient_evidence,0.15625,0.25,0.0625
low_support,37,3472227254565348998,2,16,0.05,0.15000000000000002,acceptable,same_evidence,insufficient_evidence,0.15625,0.25,0.0625
low_support,37,3472227254565348998,2,16,0.05,0.15000000000000002,acceptable,framework,insufficient_evidence,0.15625,0.25,0.0625
low_support,38,1924246799504713495,2,16,0.05,0.15000000000000002,acceptable,pooled,insufficient_evidence,0.09375,0.25,0.125
low_support,38,1924246799504713495,2,16,0.05,0.15000000000000002,acceptable,per_feature,insufficient_evidence,0.09375,0.25,0.125
low_support,38,1924246799504713495,2,16,0.05,0.15000000000000002,acceptable,same_evidence,insufficient_evidence,0.09375,0.25,0.125
low_support,38,1924246799504713495,2,16,0.05,0.15000000000000002,acceptable,framework,insufficient_evidence,0.09375,0.25,0.125
low_support,39,1523445413837106872,2,16,0.05,0.15000000000000002,acceptable,pooled,insufficient_evidence,0.09375,0.125,0.0625
low_support,39,1523445413837106872,2,16,0.05,0.15000000000000002,acceptable,per_feature,insufficient_evidence,0.09375,0.125,0.0625
low_support,39,1523445413837106872,2,16,0.05,0.15000000000000002,acceptable,same_evidence,insufficient_evidence,0.09375,0.125,0.0625
low_support,39,1523445413837106872,2,16,0.05,0.15000000000000002,acceptable,framework,insufficient_evidence,0.09375,0.125,0.0625
low_support,40,125510473708335902,2,16,0.05,0.15000000000000002,acceptable,pooled,insufficient_evidence,0.15625,0.1875,0.125
low_support,40,125510473708335902,2,16,0.05,0.15000000000000002,acceptable,per_feature,insufficient_evidence,0.15625,0.1875,0.125
low_support,40,125510473708335902,2,16,0.05,0.15000000000000002,acceptable,same_evidence,insufficient_evidence,0.15625,0.1875,0.125
low_support,40,125510473708335902,2,16,0.05,0.15000000000000002,acceptable,framework,insufficient_evidence,0.15625,0.1875,0.125
low_support,41,2867937110281927774,2,16,0.05,0.15000000000000002,acceptable,pooled,insufficient_evidence,0.125,0.125,0.0625
low_support,41,2867937110281927774,2,16,0.05,0.15000000000000002,acceptable,per_feature,insufficient_evidence,0.125,0.125,0.0625
low_support,41,2867937110281927774,2,16,0.05,0.15000000000000002,acceptable,same_evidence,insufficient_evidence,0.125,0.125,0.0625
low_support,41,2867937110281927774,2,16,0.05,0.15000000000000002,acceptable,framework,insufficient_evidence,0.125,0.125,0.0625
low_support,42,160138511821921894,2,16,0.05,0.15000000000000002,acceptable,pooled,insufficient_evidence,0.0,0.0625,0.0
low_support,42,160138511821921894,2,16,0.05,0.15000000000000002,acceptable,per_feature,insufficient_evidence,0.0,0.0625,0.0
low_support,42,160138511821921894,2,16,0.05,0.15000000000000002,acceptable,same_evidence,insufficient_evidence,0.0,0.0625,0.0
low_support,42,160138511821921894,2,16,0.05,0.15000000000000002,acceptable,framework,insufficient_evidence,0.0,0.0625,0.0
low_support,43,3154999693762634172,2,16,0.05,0.15000000000000002,acceptable,pooled,insufficient_evidence,0.0625,0.0625,0.0625
low_support,43,3154999693762634172,2,16,0.05,0.15000000000000002,acceptable,per_feature,insufficient_evidence,0.0625,0.0625,0.0625
low_support,43,3154999693762634172,2,16,0.05,0.15000000000000002,acceptable,same_evidence,insufficient_evidence,0.0625,0.0625,0.0625
low_support,43,3154999693762634172,2,16,0.05,0.15000000000000002,acceptable,framework,insufficient_evidence,0.0625,0.0625,0.0625
low_support,44,717783812411448030,2,16,0.05,0.15000000000000002,acceptable,pooled,insufficient_evidence,0.09375,0.125,0.0
low_support,44,717783812411448030,2,16,0.05,0.15000000000000002,acceptable,per_feature,insufficient_evidence,0.09375,0.125,0.0
low_support,44,717783812411448030,2,16,0.05,0.15000000000000002,acceptable,same_evidence,insufficient_evidence,0.09375,0.125,0.0
low_support,44,717783812411448030,2,16,0.05,0.15000000000000002,acceptable,framework,insufficient_evidence,0.09375,0.125,0.0
low_support,45,2949837281404518200,2,16,0.05,0.15000000000000002,acceptable,pooled,insufficient_evidence,0.125,0.1875,0.0625
low_support,45,2949837281404518200,2,16,0.05,0.15000000000000002,acceptable,per_feature,insufficient_evidence,0.125,0.1875,0.0625
low_support,45,2949837281404518200,2,16,0.05,0.15000000000000002,acceptable,same_evidence,insufficient_evidence,0.125,0.1875,0.0625
low_support,45,2949837281404518200,2,16,0.05,0.15000000000000002,acceptable,framework,insufficient_evidence,0.125,0.1875,0.0625
low_support,46,3396647529960008951,2,16,0.05,0.15000000000000002,acceptable,pooled,insufficient_evidence,0.15625,0.1875,0.0625
low_support,46,3396647529960008951,2,16,0.05,0.15000000000000002,acceptable,per_feature,insufficient_evidence,0.15625,0.1875,0.0625
low_support,46,3396647529960008951,2,16,0.05,0.15000000000000002,acceptable,same_evidence,insufficient_evidence,0.15625,0.1875,0.0625
low_support,46,3396647529960008951,2,16,0.05,0.15000000000000002,acceptable,framework,insufficient_evidence,0.15625,0.1875,0.0625
low_support,47,396767102619319256,2,16,0.05,0.15000000000000002,acceptable,pooled,insufficient_evidence,0.03125,0.0625,0.0
low_support,47,396767102619319256,2,16,0.05,0.15000000000000002,acceptable,per_feature,insufficient_evidence,0.03125,0.0625,0.0
low_support,47,396767102619319256,2,16,0.05,0.15000000000000002,acceptable,same_evidence,insufficient_evidence,0.03125,0.0625,0.0
low_support,47,396767102619319256,2,16,0.05,0.15000000000000002,acceptable,framework,insufficient_evidence,0.03125,0.0625,0.0
low_support,48,1525215189063975393,2,16,0.05,0.15000000000000002,acceptable,pooled,insufficient_evidence,0.0625,0.125,0.0
low_support,48,1525215189063975393,2,16,0.05,0.15000000000000002,acceptable,per_feature,insufficient_evidence,0.0625,0.125,0.0
low_support,48,1525215189063975393,2,16,0.05,0.15000000000000002,acceptable,same_evidence,insufficient_evidence,0.0625,0.125,0.0
low_support,48,1525215189063975393,2,16,0.05,0.15000000000000002,acceptable,framework,insufficient_evidence,0.0625,0.125,0.0
low_support,49,2498218911342428450,2,16,0.05,0.15000000000000002,acceptable,pooled,insufficient_evidence,0.0,0.0,0.0625
low_support,49,2498218911342428450,2,16,0.05,0.15000000000000002,acceptable,per_feature,insufficient_evidence,0.0,0.0,0.0625
low_support,49,2498218911342428450,2,16,0.05,0.15000000000000002,acceptable,same_evidence,insufficient_evidence,0.0,0.0,0.0625
low_support,49,2498218911342428450,2,16,0.05,0.15000000000000002,acceptable,framework,insufficient_evidence,0.0,0.0,0.0625
low_support,50,3323630198528502498,2,16,0.05,0.15000000000000002,acceptable,pooled,insufficient_evidence,0.03125,0.0625,0.0625
low_support,50,3323630198528502498,2,16,0.05,0.15000000000000002,acceptable,per_feature,insufficient_evidence,0.03125,0.0625,0.0625
low_support,50,3323630198528502498,2,16,0.05,0.15000000000000002,acceptable,same_evidence,insufficient_evidence,0.03125,0.0625,0.0625
low_support,50,3323630198528502498,2,16,0.05,0.15000000000000002,acceptable,framework,insufficient_evidence,0.03125,0.0625,0.0625
low_support,51,499458647621203042,2,16,0.05,0.15000000000000002,acceptable,pooled,insufficient_evidence,0.03125,0.0625,0.0
low_support,51,499458647621203042,2,16,0.05,0.15000000000000002,acceptable,per_feature,insufficient_evidence,0.03125,0.0625,0.0
low_support,51,499458647621203042,2,16,0.05,0.15000000000000002,acceptable,same_evidence,insufficient_evidence,0.03125,0.0625,0.0
low_support,51,499458647621203042,2,16,0.05,0.15000000000000002,acceptable,framework,insufficient_evidence,0.03125,0.0625,0.0
low_support,52,3372942440514931278,2,16,0.05,0.15000000000000002,acceptable,pooled,insufficient_evidence,0.0,0.0625,0.0
low_support,52,3372942440514931278,2,16,0.05,0.15000000000000002,acceptable,per_feature,insufficient_evidence,0.0,0.0625,0.0
low_support,52,3372942440514931278,2,16,0.05,0.15000000000000002,acceptable,same_evidence,insufficient_evidence,0.0,0.0625,0.0
low_support,52,3372942440514931278,2,16,0.05,0.15000000000000002,acceptable,framework,insufficient_evidence,0.0,0.0625,0.0
low_support,53,1598457829469933232,2,16,0.05,0.15000000000000002,acceptable,pooled,insufficient_evidence,0.09375,0.1875,0.0625
low_support,53,1598457829469933232,2,16,0.05,0.15000000000000002,acceptable,per_feature,insufficient_evidence,0.09375,0.1875,0.0625
low_support,53,1598457829469933232,2,16,0.05,0.15000000000000002,acceptable,same_evidence,insufficient_evidence,0.09375,0.1875,0.0625
low_support,53,1598457829469933232,2,16,0.05,0.15000000000000002,acceptable,framework,insufficient_evidence,0.09375,0.1875,0.0625
low_support,54,1629664495618849411,2,16,0.05,0.15000000000000002,acceptable,pooled,insufficient_evidence,0.0,0.0625,0.0625
low_support,54,1629664495618849411,2,16,0.05,0.15000000000000002,acceptable,per_feature,insufficient_evidence,0.0,0.0625,0.0625
low_support,54,1629664495618849411,2,16,0.05,0.15000000000000002,acceptable,same_evidence,insufficient_evidence,0.0,0.0625,0.0625
low_support,54,1629664495618849411,2,16,0.05,0.15000000000000002,acceptable,framework,insufficient_evidence,0.0,0.0625,0.0625
low_support,55,1844967121165799054,2,16,0.05,0.15000000000000002,acceptable,pooled,insufficient_evidence,0.03125,0.0625,0.0
low_support,55,1844967121165799054,2,16,0.05,0.15000000000000002,acceptable,per_feature,insufficient_evidence,0.03125,0.0625,0.0
low_support,55,1844967121165799054,2,16,0.05,0.15000000000000002,acceptable,same_evidence,insufficient_evidence,0.03125,0.0625,0.0
low_support,55,1844967121165799054,2,16,0.05,0.15000000000000002,acceptable,framework,insufficient_evidence,0.03125,0.0625,0.0
low_support,56,3097367093500135853,2,16,0.05,0.15000000000000002,acceptable,pooled,insufficient_evidence,0.09375,0.1875,0.0625
low_support,56,3097367093500135853,2,16,0.05,0.15000000000000002,acceptable,per_feature,insufficient_evidence,0.09375,0.1875,0.0625
low_support,56,3097367093500135853,2,16,0.05,0.15000000000000002,acceptable,same_evidence,insufficient_evidence,0.09375,0.1875,0.0625
low_support,56,3097367093500135853,2,16,0.05,0.15000000000000002,acceptable,framework,insufficient_evidence,0.09375,0.1875,0.0625
low_support,57,2855767366725920529,2,16,0.05,0.15000000000000002,acceptable,pooled,insufficient_evidence,0.125,0.125,0.125
low_support,57,2855767366725920529,2,16,0.05,0.15000000000000002,acceptable,per_feature,insufficient_evidence,0.125,0.125,0.125
low_support,57,2855767366725920529,2,16,0.05,0.15000000000000002,acceptable,same_evidence,insufficient_evidence,0.125,0.125,0.125
low_support,57,2855767366725920529,2,16,0.05,0.15000000000000002,acceptable,framework,insufficient_evidence,0.125,0.125,0.125
low_support,58,1009241071172601465,2,16,0.05,0.15000000000000002,acceptable,pooled,insufficient_evidence,0.03125,0.0625,0.0625
low_support,58,1009241071172601465,2,16,0.05,0.15000000000000002,acceptable,per_feature,insufficient_evidence,0.03125,0.0625,0.0625
low_support,58,1009241071172601465,2,16,0.05,0.15000000000000002,acceptable,same_evidence,insufficient_evidence,0.03125,0.0625,0.0625
low_support,58,1009241071172601465,2,16,0.05,0.15000000000000002,acceptable,framework,insufficient_evidence,0.03125,0.0625,0.0625
low_support,59,816310494210168201,2,16,0.05,0.15000000000000002,acceptable,pooled,insufficient_evidence,0.03125,0.125,0.0
low_support,59,816310494210168201,2,16,0.05,0.15000000000000002,acceptable,per_feature,insufficient_evidence,0.03125,0.125,0.0
low_support,59,816310494210168201,2,16,0.05,0.15000000000000002,acceptable,same_evidence,insufficient_evidence,0.03125,0.125,0.0
low_support,59,816310494210168201,2,16,0.05,0.15000000000000002,acceptable,framework,insufficient_evidence,0.03125,0.125,0.0
low_support,60,1442506120286368793,2,16,0.05,0.15000000000000002,acceptable,pooled,insufficient_evidence,0.125,0.1875,0.0625
low_support,60,1442506120286368793,2,16,0.05,0.15000000000000002,acceptable,per_feature,insufficient_evidence,0.125,0.1875,0.0625
low_support,60,1442506120286368793,2,16,0.05,0.15000000000000002,acceptable,same_evidence,insufficient_evidence,0.125,0.1875,0.0625
low_support,60,1442506120286368793,2,16,0.05,0.15000000000000002,acceptable,framework,insufficient_evidence,0.125,0.1875,0.0625
low_support,61,1132613442322620125,2,16,0.05,0.15000000000000002,acceptable,pooled,insufficient_evidence,0.1875,0.25,0.125
low_support,61,1132613442322620125,2,16,0.05,0.15000000000000002,acceptable,per_feature,insufficient_evidence,0.1875,0.25,0.125
low_support,61,1132613442322620125,2,16,0.05,0.15000000000000002,acceptable,same_evidence,insufficient_evidence,0.1875,0.25,0.125
low_support,61,1132613442322620125,2,16,0.05,0.15000000000000002,acceptable,framework,insufficient_evidence,0.1875,0.25,0.125
low_support,62,3514116347496753712,2,16,0.05,0.15000000000000002,acceptable,pooled,insufficient_evidence,0.0,0.0625,0.0625
low_support,62,3514116347496753712,2,16,0.05,0.15000000000000002,acceptable,per_feature,insufficient_evidence,0.0,0.0625,0.0625
low_support,62,3514116347496753712,2,16,0.05,0.15000000000000002,acceptable,same_evidence,insufficient_evidence,0.0,0.0625,0.0625
low_support,62,3514116347496753712,2,16,0.05,0.15000000000000002,acceptable,framework,insufficient_evidence,0.0,0.0625,0.0625
low_support,63,763868651259431574,2,16,0.05,0.15000000000000002,acceptable,pooled,insufficient_evidence,0.125,0.125,0.0625
low_support,63,763868651259431574,2,16,0.05,0.15000000000000002,acceptable,per_feature,insufficient_evidence,0.125,0.125,0.0625
low_support,63,763868651259431574,2,16,0.05,0.15000000000000002,acceptable,same_evidence,insufficient_evidence,0.125,0.125,0.0625
low_support,63,763868651259431574,2,16,0.05,0.15000000000000002,acceptable,framework,insufficient_evidence,0.125,0.125,0.0625
low_support,64,1274710650653048102,2,16,0.05,0.15000000000000002,acceptable,pooled,insufficient_evidence,0.09375,0.125,0.125
low_support,64,1274710650653048102,2,16,0.05,0.15000000000000002,acceptable,per_feature,insufficient_evidence,0.09375,0.125,0.125
low_support,64,1274710650653048102,2,16,0.05,0.15000000000000002,acceptable,same_evidence,insufficient_evidence,0.09375,0.125,0.125
low_support,64,1274710650653048102,2,16,0.05,0.15000000000000002,acceptable,framework,insufficient_evidence,0.09375,0.125,0.125
low_support,65,3594077673547159903,2,16,0.05,0.15000000000000002,acceptable,pooled,insufficient_evidence,0.09375,0.1875,0.125
low_support,65,3594077673547159903,2,16,0.05,0.15000000000000002,acceptable,per_feature,insufficient_evidence,0.09375,0.1875,0.125
low_support,65,3594077673547159903,2,16,0.05,0.15000000000000002,acceptable,same_evidence,insufficient_evidence,0.09375,0.1875,0.125
low_support,65,3594077673547159903,2,16,0.05,0.15000000000000002,acceptable,framework,insufficient_evidence,0.09375,0.1875,0.125
low_support,66,124518949867138672,2,16,0.05,0.15000000000000002,acceptable,pooled,insufficient_evidence,0.0,0.0625,0.0625
low_support,66,124518949867138672,2,16,0.05,0.15000000000000002,acceptable,per_feature,insufficient_evidence,0.0,0.0625,0.0625
low_support,66,124518949867138672,2,16,0.05,0.15000000000000002,acceptable,same_evidence,insufficient_evidence,0.0,0.0625,0.0625
low_support,66,124518949867138672,2,16,0.05,0.15000000000000002,acceptable,framework,insufficient_evidence,0.0,0.0625,0.0625
low_support,67,2261548630132692147,2,16,0.05,0.15000000000000002,acceptable,pooled,insufficient_evidence,0.15625,0.1875,0.0625
low_support,67,2261548630132692147,2,16,0.05,0.15000000000000002,acceptable,per_feature,insufficient_evidence,0.15625,0.1875,0.0625
low_support,67,2261548630132692147,2,16,0.05,0.15000000000000002,acceptable,same_evidence,insufficient_evidence,0.15625,0.1875,0.0625
low_support,67,2261548630132692147,2,16,0.05,0.15000000000000002,acceptable,framework,insufficient_evidence,0.15625,0.1875,0.0625
low_support,68,1801446400264909287,2,16,0.05,0.15000000000000002,acceptable,pooled,insufficient_evidence,0.03125,0.0625,0.0
low_support,68,1801446400264909287,2,16,0.05,0.15000000000000002,acceptable,per_feature,insufficient_evidence,0.03125,0.0625,0.0
low_support,68,1801446400264909287,2,16,0.05,0.15000000000000002,acceptable,same_evidence,insufficient_evidence,0.03125,0.0625,0.0
low_support,68,1801446400264909287,2,16,0.05,0.15000000000000002,acceptable,framework,insufficient_evidence,0.03125,0.0625,0.0
low_support,69,61191133246967592,2,16,0.05,0.15000000000000002,acceptable,pooled,insufficient_evidence,0.0,0.0,0.0
low_support,69,61191133246967592,2,16,0.05,0.15000000000000002,acceptable,per_feature,insufficient_evidence,0.0,0.0,0.0
low_support,69,61191133246967592,2,16,0.05,0.15000000000000002,acceptable,same_evidence,insufficient_evidence,0.0,0.0,0.0
low_support,69,61191133246967592,2,16,0.05,0.15000000000000002,acceptable,framework,insufficient_evidence,0.0,0.0,0.0
low_support,70,829205670973338174,2,16,0.05,0.15000000000000002,acceptable,pooled,insufficient_evidence,0.09375,0.125,0.0
low_support,70,829205670973338174,2,16,0.05,0.15000000000000002,acceptable,per_feature,insufficient_evidence,0.09375,0.125,0.0
low_support,70,829205670973338174,2,16,0.05,0.15000000000000002,acceptable,same_evidence,insufficient_evidence,0.09375,0.125,0.0
low_support,70,829205670973338174,2,16,0.05,0.15000000000000002,acceptable,framework,insufficient_evidence,0.09375,0.125,0.0
low_support,71,4018075907614370850,2,16,0.05,0.15000000000000002,acceptable,pooled,insufficient_evidence,0.03125,0.125,0.0
low_support,71,4018075907614370850,2,16,0.05,0.15000000000000002,acceptable,per_feature,insufficient_evidence,0.03125,0.125,0.0
low_support,71,4018075907614370850,2,16,0.05,0.15000000000000002,acceptable,same_evidence,insufficient_evidence,0.03125,0.125,0.0
low_support,71,4018075907614370850,2,16,0.05,0.15000000000000002,acceptable,framework,insufficient_evidence,0.03125,0.125,0.0
low_support,72,593688345907127400,2,16,0.05,0.15000000000000002,acceptable,pooled,insufficient_evidence,0.15625,0.1875,0.125
low_support,72,593688345907127400,2,16,0.05,0.15000000000000002,acceptable,per_feature,insufficient_evidence,0.15625,0.1875,0.125
low_support,72,593688345907127400,2,16,0.05,0.15000000000000002,acceptable,same_evidence,insufficient_evidence,0.15625,0.1875,0.125
low_support,72,593688345907127400,2,16,0.05,0.15000000000000002,acceptable,framework,insufficient_evidence,0.15625,0.1875,0.125
low_support,73,2189056446288583903,2,16,0.05,0.15000000000000002,acceptable,pooled,insufficient_evidence,0.03125,0.0625,0.0625
low_support,73,2189056446288583903,2,16,0.05,0.15000000000000002,acceptable,per_feature,insufficient_evidence,0.03125,0.0625,0.0625
low_support,73,2189056446288583903,2,16,0.05,0.15000000000000002,acceptable,same_evidence,insufficient_evidence,0.03125,0.0625,0.0625
low_support,73,2189056446288583903,2,16,0.05,0.15000000000000002,acceptable,framework,insufficient_evidence,0.03125,0.0625,0.0625
low_support,74,336280767213553732,2,16,0.05,0.15000000000000002,acceptable,pooled,insufficient_evidence,0.09375,0.125,0.0
low_support,74,336280767213553732,2,16,0.05,0.15000000000000002,acceptable,per_feature,insufficient_evidence,0.09375,0.125,0.0
low_support,74,336280767213553732,2,16,0.05,0.15000000000000002,acceptable,same_evidence,insufficient_evidence,0.09375,0.125,0.0
low_support,74,336280767213553732,2,16,0.05,0.15000000000000002,acceptable,framework,insufficient_evidence,0.09375,0.125,0.0
low_support,75,4063380838509587181,2,16,0.05,0.15000000000000002,acceptable,pooled,insufficient_evidence,0.09375,0.125,0.0625
low_support,75,4063380838509587181,2,16,0.05,0.15000000000000002,acceptable,per_feature,insufficient_evidence,0.09375,0.125,0.0625
low_support,75,4063380838509587181,2,16,0.05,0.15000000000000002,acceptable,same_evidence,insufficient_evidence,0.09375,0.125,0.0625
low_support,75,4063380838509587181,2,16,0.05,0.15000000000000002,acceptable,framework,insufficient_evidence,0.09375,0.125,0.0625
low_support,76,698105719530830857,2,16,0.05,0.15000000000000002,acceptable,pooled,insufficient_evidence,0.125,0.125,0.0625
low_support,76,698105719530830857,2,16,0.05,0.15000000000000002,acceptable,per_feature,insufficient_evidence,0.125,0.125,0.0625
low_support,76,698105719530830857,2,16,0.05,0.15000000000000002,acceptable,same_evidence,insufficient_evidence,0.125,0.125,0.0625
low_support,76,698105719530830857,2,16,0.05,0.15000000000000002,acceptable,framework,insufficient_evidence,0.125,0.125,0.0625
low_support,77,3528919467788486593,2,16,0.05,0.15000000000000002,acceptable,pooled,insufficient_evidence,0.09375,0.125,0.0625
low_support,77,3528919467788486593,2,16,0.05,0.15000000000000002,acceptable,per_feature,insufficient_evidence,0.09375,0.125,0.0625
low_support,77,3528919467788486593,2,16,0.05,0.15000000000000002,acceptable,same_evidence,insufficient_evidence,0.09375,0.125,0.0625
low_support,77,3528919467788486593,2,16,0.05,0.15000000000000002,acceptable,framework,insufficient_evidence,0.09375,0.125,0.0625
low_support,78,287300454855288312,2,16,0.05,0.15000000000000002,acceptable,pooled,insufficient_evidence,0.03125,0.0625,0.0
low_support,78,287300454855288312,2,16,0.05,0.15000000000000002,acceptable,per_feature,insufficient_evidence,0.03125,0.0625,0.0
low_support,78,287300454855288312,2,16,0.05,0.15000000000000002,acceptable,same_evidence,insufficient_evidence,0.03125,0.0625,0.0
low_support,78,287300454855288312,2,16,0.05,0.15000000000000002,acceptable,framework,insufficient_evidence,0.03125,0.0625,0.0
low_support,79,2707161590913856128,2,16,0.05,0.15000000000000002,acceptable,pooled,insufficient_evidence,0.03125,0.0625,0.125
low_support,79,2707161590913856128,2,16,0.05,0.15000000000000002,acceptable,per_feature,insufficient_evidence,0.03125,0.0625,0.125
low_support,79,2707161590913856128,2,16,0.05,0.15000000000000002,acceptable,same_evidence,insufficient_evidence,0.03125,0.0625,0.125
low_support,79,2707161590913856128,2,16,0.05,0.15000000000000002,acceptable,framework,insufficient_evidence,0.03125,0.0625,0.125
low_support,80,3101364577605600588,2,16,0.05,0.15000000000000002,acceptable,pooled,insufficient_evidence,0.03125,0.0625,0.0
low_support,80,3101364577605600588,2,16,0.05,0.15000000000000002,acceptable,per_feature,insufficient_evidence,0.03125,0.0625,0.0
low_support,80,3101364577605600588,2,16,0.05,0.15000000000000002,acceptable,same_evidence,insufficient_evidence,0.03125,0.0625,0.0
low_support,80,3101364577605600588,2,16,0.05,0.15000000000000002,acceptable,framework,insufficient_evidence,0.03125,0.0625,0.0
low_support,81,3421468967017487689,2,16,0.05,0.15000000000000002,acceptable,pooled,insufficient_evidence,0.03125,0.0625,0.0625
low_support,81,3421468967017487689,2,16,0.05,0.15000000000000002,acceptable,per_feature,insufficient_evidence,0.03125,0.0625,0.0625
low_support,81,3421468967017487689,2,16,0.05,0.15000000000000002,acceptable,same_evidence,insufficient_evidence,0.03125,0.0625,0.0625
low_support,81,3421468967017487689,2,16,0.05,0.15000000000000002,acceptable,framework,insufficient_evidence,0.03125,0.0625,0.0625
low_support,82,1997611243802264504,2,16,0.05,0.15000000000000002,acceptable,pooled,insufficient_evidence,0.09375,0.1875,0.0625
low_support,82,1997611243802264504,2,16,0.05,0.15000000000000002,acceptable,per_feature,insufficient_evidence,0.09375,0.1875,0.0625
low_support,82,1997611243802264504,2,16,0.05,0.15000000000000002,acceptable,same_evidence,insufficient_evidence,0.09375,0.1875,0.0625
low_support,82,1997611243802264504,2,16,0.05,0.15000000000000002,acceptable,framework,insufficient_evidence,0.09375,0.1875,0.0625
low_support,83,2815669510215331396,2,16,0.05,0.15000000000000002,acceptable,pooled,insufficient_evidence,0.0,0.125,0.0625
low_support,83,2815669510215331396,2,16,0.05,0.15000000000000002,acceptable,per_feature,insufficient_evidence,0.0,0.125,0.0625
low_support,83,2815669510215331396,2,16,0.05,0.15000000000000002,acceptable,same_evidence,insufficient_evidence,0.0,0.125,0.0625
low_support,83,2815669510215331396,2,16,0.05,0.15000000000000002,acceptable,framework,insufficient_evidence,0.0,0.125,0.0625
low_support,84,3975260581285974889,2,16,0.05,0.15000000000000002,acceptable,pooled,insufficient_evidence,0.09375,0.1875,0.0
low_support,84,3975260581285974889,2,16,0.05,0.15000000000000002,acceptable,per_feature,insufficient_evidence,0.09375,0.1875,0.0
low_support,84,3975260581285974889,2,16,0.05,0.15000000000000002,acceptable,same_evidence,insufficient_evidence,0.09375,0.1875,0.0
low_support,84,3975260581285974889,2,16,0.05,0.15000000000000002,acceptable,framework,insufficient_evidence,0.09375,0.1875,0.0
low_support,85,4503992885599729909,2,16,0.05,0.15000000000000002,acceptable,pooled,insufficient_evidence,0.0625,0.125,0.0625
low_support,85,4503992885599729909,2,16,0.05,0.15000000000000002,acceptable,per_feature,insufficient_evidence,0.0625,0.125,0.0625
low_support,85,4503992885599729909,2,16,0.05,0.15000000000000002,acceptable,same_evidence,insufficient_evidence,0.0625,0.125,0.0625
low_support,85,4503992885599729909,2,16,0.05,0.15000000000000002,acceptable,framework,insufficient_evidence,0.0625,0.125,0.0625
low_support,86,2094888412870150083,2,16,0.05,0.15000000000000002,acceptable,pooled,insufficient_evidence,0.09375,0.125,0.1875
low_support,86,2094888412870150083,2,16,0.05,0.15000000000000002,acceptable,per_feature,insufficient_evidence,0.09375,0.125,0.1875
low_support,86,2094888412870150083,2,16,0.05,0.15000000000000002,acceptable,same_evidence,insufficient_evidence,0.09375,0.125,0.1875
low_support,86,2094888412870150083,2,16,0.05,0.15000000000000002,acceptable,framework,insufficient_evidence,0.09375,0.125,0.1875
low_support,87,3963256292374792452,2,16,0.05,0.15000000000000002,acceptable,pooled,insufficient_evidence,0.15625,0.1875,0.125
low_support,87,3963256292374792452,2,16,0.05,0.15000000000000002,acceptable,per_feature,insufficient_evidence,0.15625,0.1875,0.125
low_support,87,3963256292374792452,2,16,0.05,0.15000000000000002,acceptable,same_evidence,insufficient_evidence,0.15625,0.1875,0.125
low_support,87,3963256292374792452,2,16,0.05,0.15000000000000002,acceptable,framework,insufficient_evidence,0.15625,0.1875,0.125
low_support,88,259029045245916964,2,16,0.05,0.15000000000000002,acceptable,pooled,insufficient_evidence,0.0625,0.125,0.0625
low_support,88,259029045245916964,2,16,0.05,0.15000000000000002,acceptable,per_feature,insufficient_evidence,0.0625,0.125,0.0625
low_support,88,259029045245916964,2,16,0.05,0.15000000000000002,acceptable,same_evidence,insufficient_evidence,0.0625,0.125,0.0625
low_support,88,259029045245916964,2,16,0.05,0.15000000000000002,acceptable,framework,insufficient_evidence,0.0625,0.125,0.0625
low_support,89,2491119733638407906,2,16,0.05,0.15000000000000002,acceptable,pooled,insufficient_evidence,0.125,0.1875,0.0625
low_support,89,2491119733638407906,2,16,0.05,0.15000000000000002,acceptable,per_feature,insufficient_evidence,0.125,0.1875,0.0625
low_support,89,2491119733638407906,2,16,0.05,0.15000000000000002,acceptable,same_evidence,insufficient_evidence,0.125,0.1875,0.0625
low_support,89,2491119733638407906,2,16,0.05,0.15000000000000002,acceptable,framework,insufficient_evidence,0.125,0.1875,0.0625
low_support,90,533889846083240139,2,16,0.05,0.15000000000000002,acceptable,pooled,insufficient_evidence,0.0625,0.125,0.0
low_support,90,533889846083240139,2,16,0.05,0.15000000000000002,acceptable,per_feature,insufficient_evidence,0.0625,0.125,0.0
low_support,90,533889846083240139,2,16,0.05,0.15000000000000002,acceptable,same_evidence,insufficient_evidence,0.0625,0.125,0.0
low_support,90,533889846083240139,2,16,0.05,0.15000000000000002,acceptable,framework,insufficient_evidence,0.0625,0.125,0.0
low_support,91,2220162344400487364,2,16,0.05,0.15000000000000002,acceptable,pooled,insufficient_evidence,0.0,0.0625,0.0
low_support,91,2220162344400487364,2,16,0.05,0.15000000000000002,acceptable,per_feature,insufficient_evidence,0.0,0.0625,0.0
low_support,91,2220162344400487364,2,16,0.05,0.15000000000000002,acceptable,same_evidence,insufficient_evidence,0.0,0.0625,0.0
low_support,91,2220162344400487364,2,16,0.05,0.15000000000000002,acceptable,framework,insufficient_evidence,0.0,0.0625,0.0
low_support,92,2810745685420960742,2,16,0.05,0.15000000000000002,acceptable,pooled,insufficient_evidence,0.0,0.0625,0.0
low_support,92,2810745685420960742,2,16,0.05,0.15000000000000002,acceptable,per_feature,insufficient_evidence,0.0,0.0625,0.0
low_support,92,2810745685420960742,2,16,0.05,0.15000000000000002,acceptable,same_evidence,insufficient_evidence,0.0,0.0625,0.0
low_support,92,2810745685420960742,2,16,0.05,0.15000000000000002,acceptable,framework,insufficient_evidence,0.0,0.0625,0.0
low_support,93,4289574091393090312,2,16,0.05,0.15000000000000002,acceptable,pooled,insufficient_evidence,0.03125,0.0625,0.0
low_support,93,4289574091393090312,2,16,0.05,0.15000000000000002,acceptable,per_feature,insufficient_evidence,0.03125,0.0625,0.0
low_support,93,4289574091393090312,2,16,0.05,0.15000000000000002,acceptable,same_evidence,insufficient_evidence,0.03125,0.0625,0.0
low_support,93,4289574091393090312,2,16,0.05,0.15000000000000002,acceptable,framework,insufficient_evidence,0.03125,0.0625,0.0
low_support,94,1155903052322245142,2,16,0.05,0.15000000000000002,acceptable,pooled,insufficient_evidence,0.03125,0.0625,0.0625
low_support,94,1155903052322245142,2,16,0.05,0.15000000000000002,acceptable,per_feature,insufficient_evidence,0.03125,0.0625,0.0625
low_support,94,1155903052322245142,2,16,0.05,0.15000000000000002,acceptable,same_evidence,insufficient_evidence,0.03125,0.0625,0.0625
low_support,94,1155903052322245142,2,16,0.05,0.15000000000000002,acceptable,framework,insufficient_evidence,0.03125,0.0625,0.0625
low_support,95,1936363828434343683,2,16,0.05,0.15000000000000002,acceptable,pooled,insufficient_evidence,0.0625,0.0625,0.0625
low_support,95,1936363828434343683,2,16,0.05,0.15000000000000002,acceptable,per_feature,insufficient_evidence,0.0625,0.0625,0.0625
low_support,95,1936363828434343683,2,16,0.05,0.15000000000000002,acceptable,same_evidence,insufficient_evidence,0.0625,0.0625,0.0625
low_support,95,1936363828434343683,2,16,0.05,0.15000000000000002,acceptable,framework,insufficient_evidence,0.0625,0.0625,0.0625
low_support,96,2224522162372865974,2,16,0.05,0.15000000000000002,acceptable,pooled,insufficient_evidence,0.03125,0.0625,0.0
low_support,96,2224522162372865974,2,16,0.05,0.15000000000000002,acceptable,per_feature,insufficient_evidence,0.03125,0.0625,0.0
low_support,96,2224522162372865974,2,16,0.05,0.15000000000000002,acceptable,same_evidence,insufficient_evidence,0.03125,0.0625,0.0
low_support,96,2224522162372865974,2,16,0.05,0.15000000000000002,acceptable,framework,insufficient_evidence,0.03125,0.0625,0.0
low_support,97,3948834790717533969,2,16,0.05,0.15000000000000002,acceptable,pooled,insufficient_evidence,0.03125,0.0625,0.0625
low_support,97,3948834790717533969,2,16,0.05,0.15000000000000002,acceptable,per_feature,insufficient_evidence,0.03125,0.0625,0.0625
low_support,97,3948834790717533969,2,16,0.05,0.15000000000000002,acceptable,same_evidence,insufficient_evidence,0.03125,0.0625,0.0625
low_support,97,3948834790717533969,2,16,0.05,0.15000000000000002,acceptable,framework,insufficient_evidence,0.03125,0.0625,0.0625
low_support,98,841657910781516333,2,16,0.05,0.15000000000000002,acceptable,pooled,insufficient_evidence,0.0625,0.0625,0.0625
low_support,98,841657910781516333,2,16,0.05,0.15000000000000002,acceptable,per_feature,insufficient_evidence,0.0625,0.0625,0.0625
low_support,98,841657910781516333,2,16,0.05,0.15000000000000002,acceptable,same_evidence,insufficient_evidence,0.0625,0.0625,0.0625
low_support,98,841657910781516333,2,16,0.05,0.15000000000000002,acceptable,framework,insufficient_evidence,0.0625,0.0625,0.0625
low_support,99,1987670566710413690,2,16,0.05,0.15000000000000002,acceptable,pooled,insufficient_evidence,0.03125,0.0625,0.0625
low_support,99,1987670566710413690,2,16,0.05,0.15000000000000002,acceptable,per_feature,insufficient_evidence,0.03125,0.0625,0.0625
low_support,99,1987670566710413690,2,16,0.05,0.15000000000000002,acceptable,same_evidence,insufficient_evidence,0.03125,0.0625,0.0625
low_support,99,1987670566710413690,2,16,0.05,0.15000000000000002,acceptable,framework,insufficient_evidence,0.03125,0.0625,0.0625
low_support,0,2930246345400139798,2,16,0.045,0.15500000000000003,acceptable,pooled,insufficient_evidence,0.03125,0.0625,0.0625
low_support,0,2930246345400139798,2,16,0.045,0.15500000000000003,acceptable,per_feature,insufficient_evidence,0.03125,0.0625,0.0625
low_support,0,2930246345400139798,2,16,0.045,0.15500000000000003,acceptable,same_evidence,insufficient_evidence,0.03125,0.0625,0.0625
low_support,0,2930246345400139798,2,16,0.045,0.15500000000000003,acceptable,framework,insufficient_evidence,0.03125,0.0625,0.0625
low_support,1,2673997280290036473,2,16,0.045,0.15500000000000003,acceptable,pooled,insufficient_evidence,0.03125,0.0625,0.0
low_support,1,2673997280290036473,2,16,0.045,0.15500000000000003,acceptable,per_feature,insufficient_evidence,0.03125,0.0625,0.0
low_support,1,2673997280290036473,2,16,0.045,0.15500000000000003,acceptable,same_evidence,insufficient_evidence,0.03125,0.0625,0.0
low_support,1,2673997280290036473,2,16,0.045,0.15500000000000003,acceptable,framework,insufficient_evidence,0.03125,0.0625,0.0
low_support,2,2221860560692486412,2,16,0.045,0.15500000000000003,acceptable,pooled,insufficient_evidence,0.125,0.1875,0.0625
low_support,2,2221860560692486412,2,16,0.045,0.15500000000000003,acceptable,per_feature,insufficient_evidence,0.125,0.1875,0.0625
low_support,2,2221860560692486412,2,16,0.045,0.15500000000000003,acceptable,same_evidence,insufficient_evidence,0.125,0.1875,0.0625
low_support,2,2221860560692486412,2,16,0.045,0.15500000000000003,acceptable,framework,insufficient_evidence,0.125,0.1875,0.0625
low_support,3,565909733393329676,2,16,0.045,0.15500000000000003,acceptable,pooled,insufficient_evidence,0.03125,0.0625,0.0625
low_support,3,565909733393329676,2,16,0.045,0.15500000000000003,acceptable,per_feature,insufficient_evidence,0.03125,0.0625,0.0625
low_support,3,565909733393329676,2,16,0.045,0.15500000000000003,acceptable,same_evidence,insufficient_evidence,0.03125,0.0625,0.0625
low_support,3,565909733393329676,2,16,0.045,0.15500000000000003,acceptable,framework,insufficient_evidence,0.03125,0.0625,0.0625
low_support,4,778354746576786478,2,16,0.045,0.15500000000000003,acceptable,pooled,insufficient_evidence,0.03125,0.0625,0.0625
low_support,4,778354746576786478,2,16,0.045,0.15500000000000003,acceptable,per_feature,insufficient_evidence,0.03125,0.0625,0.0625
low_support,4,778354746576786478,2,16,0.045,0.15500000000000003,acceptable,same_evidence,insufficient_evidence,0.03125,0.0625,0.0625
low_support,4,778354746576786478,2,16,0.045,0.15500000000000003,acceptable,framework,insufficient_evidence,0.03125,0.0625,0.0625
low_support,5,671804969522196597,2,16,0.045,0.15500000000000003,acceptable,pooled,insufficient_evidence,0.0625,0.0625,0.0625
low_support,5,671804969522196597,2,16,0.045,0.15500000000000003,acceptable,per_feature,insufficient_evidence,0.0625,0.0625,0.0625
low_support,5,671804969522196597,2,16,0.045,0.15500000000000003,acceptable,same_evidence,insufficient_evidence,0.0625,0.0625,0.0625
low_support,5,671804969522196597,2,16,0.045,0.15500000000000003,acceptable,framework,insufficient_evidence,0.0625,0.0625,0.0625
low_support,6,877599620334874172,2,16,0.045,0.15500000000000003,acceptable,pooled,insufficient_evidence,0.03125,0.0625,0.0
low_support,6,877599620334874172,2,16,0.045,0.15500000000000003,acceptable,per_feature,insufficient_evidence,0.03125,0.0625,0.0
low_support,6,877599620334874172,2,16,0.045,0.15500000000000003,acceptable,same_evidence,insufficient_evidence,0.03125,0.0625,0.0
low_support,6,877599620334874172,2,16,0.045,0.15500000000000003,acceptable,framework,insufficient_evidence,0.03125,0.0625,0.0
low_support,7,4407740657317244508,2,16,0.045,0.15500000000000003,acceptable,pooled,insufficient_evidence,0.0625,0.125,0.0625
low_support,7,4407740657317244508,2,16,0.045,0.15500000000000003,acceptable,per_feature,insufficient_evidence,0.0625,0.125,0.0625
low_support,7,4407740657317244508,2,16,0.045,0.15500000000000003,acceptable,same_evidence,insufficient_evidence,0.0625,0.125,0.0625
low_support,7,4407740657317244508,2,16,0.045,0.15500000000000003,acceptable,framework,insufficient_evidence,0.0625,0.125,0.0625
low_support,8,3636196155092322618,2,16,0.045,0.15500000000000003,acceptable,pooled,insufficient_evidence,0.0,0.0,0.0
low_support,8,3636196155092322618,2,16,0.045,0.15500000000000003,acceptable,per_feature,insufficient_evidence,0.0,0.0,0.0
low_support,8,3636196155092322618,2,16,0.045,0.15500000000000003,acceptable,same_evidence,insufficient_evidence,0.0,0.0,0.0
low_support,8,3636196155092322618,2,16,0.045,0.15500000000000003,acceptable,framework,insufficient_evidence,0.0,0.0,0.0
low_support,9,2742238121243870029,2,16,0.045,0.15500000000000003,acceptable,pooled,insufficient_evidence,0.03125,0.0625,0.0625
low_support,9,2742238121243870029,2,16,0.045,0.15500000000000003,acceptable,per_feature,insufficient_evidence,0.03125,0.0625,0.0625
low_support,9,2742238121243870029,2,16,0.045,0.15500000000000003,acceptable,same_evidence,insufficient_evidence,0.03125,0.0625,0.0625
low_support,9,2742238121243870029,2,16,0.045,0.15500000000000003,acceptable,framework,insufficient_evidence,0.03125,0.0625,0.0625
low_support,10,3045088176135115066,2,16,0.045,0.15500000000000003,acceptable,pooled,insufficient_evidence,0.0625,0.0625,0.0
low_support,10,3045088176135115066,2,16,0.045,0.15500000000000003,acceptable,per_feature,insufficient_evidence,0.0625,0.0625,0.0
low_support,10,3045088176135115066,2,16,0.045,0.15500000000000003,acceptable,same_evidence,insufficient_evidence,0.0625,0.0625,0.0
low_support,10,3045088176135115066,2,16,0.045,0.15500000000000003,acceptable,framework,insufficient_evidence,0.0625,0.0625,0.0
low_support,11,550309547069102509,2,16,0.045,0.15500000000000003,acceptable,pooled,insufficient_evidence,0.0,0.0,0.0
low_support,11,550309547069102509,2,16,0.045,0.15500000000000003,acceptable,per_feature,insufficient_evidence,0.0,0.0,0.0
low_support,11,550309547069102509,2,16,0.045,0.15500000000000003,acceptable,same_evidence,insufficient_evidence,0.0,0.0,0.0
low_support,11,550309547069102509,2,16,0.045,0.15500000000000003,acceptable,framework,insufficient_evidence,0.0,0.0,0.0
low_support,12,2397800431812253962,2,16,0.045,0.15500000000000003,acceptable,pooled,insufficient_evidence,0.03125,0.0625,0.0
low_support,12,2397800431812253962,2,16,0.045,0.15500000000000003,acceptable,per_feature,insufficient_evidence,0.03125,0.0625,0.0
low_support,12,2397800431812253962,2,16,0.045,0.15500000000000003,acceptable,same_evidence,insufficient_evidence,0.03125,0.0625,0.0
low_support,12,2397800431812253962,2,16,0.045,0.15500000000000003,acceptable,framework,insufficient_evidence,0.03125,0.0625,0.0
low_support,13,1282482185825986296,2,16,0.045,0.15500000000000003,acceptable,pooled,insufficient_evidence,0.03125,0.125,0.0
low_support,13,1282482185825986296,2,16,0.045,0.15500000000000003,acceptable,per_feature,insufficient_evidence,0.03125,0.125,0.0
low_support,13,1282482185825986296,2,16,0.045,0.15500000000000003,acceptable,same_evidence,insufficient_evidence,0.03125,0.125,0.0
low_support,13,1282482185825986296,2,16,0.045,0.15500000000000003,acceptable,framework,insufficient_evidence,0.03125,0.125,0.0
low_support,14,1292593554430072918,2,16,0.045,0.15500000000000003,acceptable,pooled,insufficient_evidence,0.03125,0.0625,0.0
low_support,14,1292593554430072918,2,16,0.045,0.15500000000000003,acceptable,per_feature,insufficient_evidence,0.03125,0.0625,0.0
low_support,14,1292593554430072918,2,16,0.045,0.15500000000000003,acceptable,same_evidence,insufficient_evidence,0.03125,0.0625,0.0
low_support,14,1292593554430072918,2,16,0.045,0.15500000000000003,acceptable,framework,insufficient_evidence,0.03125,0.0625,0.0
low_support,15,1344347902237231318,2,16,0.045,0.15500000000000003,acceptable,pooled,insufficient_evidence,0.03125,0.125,0.125
low_support,15,1344347902237231318,2,16,0.045,0.15500000000000003,acceptable,per_feature,insufficient_evidence,0.03125,0.125,0.125
low_support,15,1344347902237231318,2,16,0.045,0.15500000000000003,acceptable,same_evidence,insufficient_evidence,0.03125,0.125,0.125
low_support,15,1344347902237231318,2,16,0.045,0.15500000000000003,acceptable,framework,insufficient_evidence,0.03125,0.125,0.125
low_support,16,2830993199440242543,2,16,0.045,0.15500000000000003,acceptable,pooled,insufficient_evidence,0.03125,0.0625,0.0625
low_support,16,2830993199440242543,2,16,0.045,0.15500000000000003,acceptable,per_feature,insufficient_evidence,0.03125,0.0625,0.0625
low_support,16,2830993199440242543,2,16,0.045,0.15500000000000003,acceptable,same_evidence,insufficient_evidence,0.03125,0.0625,0.0625
low_support,16,2830993199440242543,2,16,0.045,0.15500000000000003,acceptable,framework,insufficient_evidence,0.03125,0.0625,0.0625
low_support,17,466217804394631151,2,16,0.045,0.15500000000000003,acceptable,pooled,insufficient_evidence,0.03125,0.125,0.0
low_support,17,466217804394631151,2,16,0.045,0.15500000000000003,acceptable,per_feature,insufficient_evidence,0.03125,0.125,0.0
low_support,17,466217804394631151,2,16,0.045,0.15500000000000003,acceptable,same_evidence,insufficient_evidence,0.03125,0.125,0.0
low_support,17,466217804394631151,2,16,0.045,0.15500000000000003,acceptable,framework,insufficient_evidence,0.03125,0.125,0.0
low_support,18,1701537806099621652,2,16,0.045,0.15500000000000003,acceptable,pooled,insufficient_evidence,0.1875,0.1875,0.0625
low_support,18,1701537806099621652,2,16,0.045,0.15500000000000003,acceptable,per_feature,insufficient_evidence,0.1875,0.1875,0.0625
low_support,18,1701537806099621652,2,16,0.045,0.15500000000000003,acceptable,same_evidence,insufficient_evidence,0.1875,0.1875,0.0625
low_support,18,1701537806099621652,2,16,0.045,0.15500000000000003,acceptable,framework,insufficient_evidence,0.1875,0.1875,0.0625
low_support,19,1170542813894916821,2,16,0.045,0.15500000000000003,acceptable,pooled,insufficient_evidence,0.09375,0.1875,0.0625
low_support,19,1170542813894916821,2,16,0.045,0.15500000000000003,acceptable,per_feature,insufficient_evidence,0.09375,0.1875,0.0625
low_support,19,1170542813894916821,2,16,0.045,0.15500000000000003,acceptable,same_evidence,insufficient_evidence,0.09375,0.1875,0.0625
low_support,19,1170542813894916821,2,16,0.045,0.15500000000000003,acceptable,framework,insufficient_evidence,0.09375,0.1875,0.0625
low_support,20,4179261401284474506,2,16,0.045,0.15500000000000003,acceptable,pooled,insufficient_evidence,0.1875,0.3125,0.1875
low_support,20,4179261401284474506,2,16,0.045,0.15500000000000003,acceptable,per_feature,insufficient_evidence,0.1875,0.3125,0.1875
low_support,20,4179261401284474506,2,16,0.045,0.15500000000000003,acceptable,same_evidence,insufficient_evidence,0.1875,0.3125,0.1875
low_support,20,4179261401284474506,2,16,0.045,0.15500000000000003,acceptable,framework,insufficient_evidence,0.1875,0.3125,0.1875
low_support,21,2929369425089883639,2,16,0.045,0.15500000000000003,acceptable,pooled,insufficient_evidence,0.0625,0.125,0.0625
low_support,21,2929369425089883639,2,16,0.045,0.15500000000000003,acceptable,per_feature,insufficient_evidence,0.0625,0.125,0.0625
low_support,21,2929369425089883639,2,16,0.045,0.15500000000000003,acceptable,same_evidence,insufficient_evidence,0.0625,0.125,0.0625
low_support,21,2929369425089883639,2,16,0.045,0.15500000000000003,acceptable,framework,insufficient_evidence,0.0625,0.125,0.0625
low_support,22,3812827369535015124,2,16,0.045,0.15500000000000003,acceptable,pooled,insufficient_evidence,0.1875,0.25,0.125
low_support,22,3812827369535015124,2,16,0.045,0.15500000000000003,acceptable,per_feature,insufficient_evidence,0.1875,0.25,0.125
low_support,22,3812827369535015124,2,16,0.045,0.15500000000000003,acceptable,same_evidence,insufficient_evidence,0.1875,0.25,0.125
low_support,22,3812827369535015124,2,16,0.045,0.15500000000000003,acceptable,framework,insufficient_evidence,0.1875,0.25,0.125
low_support,23,615021903800620458,2,16,0.045,0.15500000000000003,acceptable,pooled,insufficient_evidence,0.125,0.1875,0.125
low_support,23,615021903800620458,2,16,0.045,0.15500000000000003,acceptable,per_feature,insufficient_evidence,0.125,0.1875,0.125
low_support,23,615021903800620458,2,16,0.045,0.15500000000000003,acceptable,same_evidence,insufficient_evidence,0.125,0.1875,0.125
low_support,23,615021903800620458,2,16,0.045,0.15500000000000003,acceptable,framework,insufficient_evidence,0.125,0.1875,0.125
low_support,24,4303224239479935105,2,16,0.045,0.15500000000000003,acceptable,pooled,insufficient_evidence,0.15625,0.1875,0.0625
low_support,24,4303224239479935105,2,16,0.045,0.15500000000000003,acceptable,per_feature,insufficient_evidence,0.15625,0.1875,0.0625
low_support,24,4303224239479935105,2,16,0.045,0.15500000000000003,acceptable,same_evidence,insufficient_evidence,0.15625,0.1875,0.0625
low_support,24,4303224239479935105,2,16,0.045,0.15500000000000003,acceptable,framework,insufficient_evidence,0.15625,0.1875,0.0625
low_support,25,2206085998582828819,2,16,0.045,0.15500000000000003,acceptable,pooled,insufficient_evidence,0.0625,0.1875,0.0625
low_support,25,2206085998582828819,2,16,0.045,0.15500000000000003,acceptable,per_feature,insufficient_evidence,0.0625,0.1875,0.0625
low_support,25,2206085998582828819,2,16,0.045,0.15500000000000003,acceptable,same_evidence,insufficient_evidence,0.0625,0.1875,0.0625
low_support,25,2206085998582828819,2,16,0.045,0.15500000000000003,acceptable,framework,insufficient_evidence,0.0625,0.1875,0.0625
low_support,26,1126429201275308418,2,16,0.045,0.15500000000000003,acceptable,pooled,insufficient_evidence,0.125,0.1875,0.125
low_support,26,1126429201275308418,2,16,0.045,0.15500000000000003,acceptable,per_feature,insufficient_evidence,0.125,0.1875,0.125
low_support,26,1126429201275308418,2,16,0.045,0.15500000000000003,acceptable,same_evidence,insufficient_evidence,0.125,0.1875,0.125
low_support,26,1126429201275308418,2,16,0.045,0.15500000000000003,acceptable,framework,insufficient_evidence,0.125,0.1875,0.125
low_support,27,3056169688297405180,2,16,0.045,0.15500000000000003,acceptable,pooled,insufficient_evidence,0.0,0.0,0.0
low_support,27,3056169688297405180,2,16,0.045,0.15500000000000003,acceptable,per_feature,insufficient_evidence,0.0,0.0,0.0
low_support,27,3056169688297405180,2,16,0.045,0.15500000000000003,acceptable,same_evidence,insufficient_evidence,0.0,0.0,0.0
low_support,27,3056169688297405180,2,16,0.045,0.15500000000000003,acceptable,framework,insufficient_evidence,0.0,0.0,0.0
low_support,28,3856880069209718039,2,16,0.045,0.15500000000000003,acceptable,pooled,insufficient_evidence,0.09375,0.125,0.0625
low_support,28,3856880069209718039,2,16,0.045,0.15500000000000003,acceptable,per_feature,insufficient_evidence,0.09375,0.125,0.0625
low_support,28,3856880069209718039,2,16,0.045,0.15500000000000003,acceptable,same_evidence,insufficient_evidence,0.09375,0.125,0.0625
low_support,28,3856880069209718039,2,16,0.045,0.15500000000000003,acceptable,framework,insufficient_evidence,0.09375,0.125,0.0625
low_support,29,89342155706338635,2,16,0.045,0.15500000000000003,acceptable,pooled,insufficient_evidence,0.03125,0.0625,0.0625
low_support,29,89342155706338635,2,16,0.045,0.15500000000000003,acceptable,per_feature,insufficient_evidence,0.03125,0.0625,0.0625
low_support,29,89342155706338635,2,16,0.045,0.15500000000000003,acceptable,same_evidence,insufficient_evidence,0.03125,0.0625,0.0625
low_support,29,89342155706338635,2,16,0.045,0.15500000000000003,acceptable,framework,insufficient_evidence,0.03125,0.0625,0.0625
low_support,30,1865635276907426759,2,16,0.045,0.15500000000000003,acceptable,pooled,insufficient_evidence,0.09375,0.125,0.0
low_support,30,1865635276907426759,2,16,0.045,0.15500000000000003,acceptable,per_feature,insufficient_evidence,0.09375,0.125,0.0
low_support,30,1865635276907426759,2,16,0.045,0.15500000000000003,acceptable,same_evidence,insufficient_evidence,0.09375,0.125,0.0
low_support,30,1865635276907426759,2,16,0.045,0.15500000000000003,acceptable,framework,insufficient_evidence,0.09375,0.125,0.0
low_support,31,2197150897909694746,2,16,0.045,0.15500000000000003,acceptable,pooled,insufficient_evidence,0.125,0.1875,0.0
low_support,31,2197150897909694746,2,16,0.045,0.15500000000000003,acceptable,per_feature,insufficient_evidence,0.125,0.1875,0.0
low_support,31,2197150897909694746,2,16,0.045,0.15500000000000003,acceptable,same_evidence,insufficient_evidence,0.125,0.1875,0.0
low_support,31,2197150897909694746,2,16,0.045,0.15500000000000003,acceptable,framework,insufficient_evidence,0.125,0.1875,0.0
low_support,32,2062886242351606011,2,16,0.045,0.15500000000000003,acceptable,pooled,insufficient_evidence,0.03125,0.125,0.0
low_support,32,2062886242351606011,2,16,0.045,0.15500000000000003,acceptable,per_feature,insufficient_evidence,0.03125,0.125,0.0
low_support,32,2062886242351606011,2,16,0.045,0.15500000000000003,acceptable,same_evidence,insufficient_evidence,0.03125,0.125,0.0
low_support,32,2062886242351606011,2,16,0.045,0.15500000000000003,acceptable,framework,insufficient_evidence,0.03125,0.125,0.0
low_support,33,2900103937880130619,2,16,0.045,0.15500000000000003,acceptable,pooled,insufficient_evidence,0.0625,0.125,0.0
low_support,33,2900103937880130619,2,16,0.045,0.15500000000000003,acceptable,per_feature,insufficient_evidence,0.0625,0.125,0.0
low_support,33,2900103937880130619,2,16,0.045,0.15500000000000003,acceptable,same_evidence,insufficient_evidence,0.0625,0.125,0.0
low_support,33,2900103937880130619,2,16,0.045,0.15500000000000003,acceptable,framework,insufficient_evidence,0.0625,0.125,0.0
low_support,34,3663001620069806352,2,16,0.045,0.15500000000000003,acceptable,pooled,insufficient_evidence,0.09375,0.125,0.0625
low_support,34,3663001620069806352,2,16,0.045,0.15500000000000003,acceptable,per_feature,insufficient_evidence,0.09375,0.125,0.0625
low_support,34,3663001620069806352,2,16,0.045,0.15500000000000003,acceptable,same_evidence,insufficient_evidence,0.09375,0.125,0.0625
low_support,34,3663001620069806352,2,16,0.045,0.15500000000000003,acceptable,framework,insufficient_evidence,0.09375,0.125,0.0625
low_support,35,2213244869275501233,2,16,0.045,0.15500000000000003,acceptable,pooled,insufficient_evidence,0.0,0.0,0.0625
low_support,35,2213244869275501233,2,16,0.045,0.15500000000000003,acceptable,per_feature,insufficient_evidence,0.0,0.0,0.0625
low_support,35,2213244869275501233,2,16,0.045,0.15500000000000003,acceptable,same_evidence,insufficient_evidence,0.0,0.0,0.0625
low_support,35,2213244869275501233,2,16,0.045,0.15500000000000003,acceptable,framework,insufficient_evidence,0.0,0.0,0.0625
low_support,36,1903491723558829479,2,16,0.045,0.15500000000000003,acceptable,pooled,insufficient_evidence,0.09375,0.125,0.0625
low_support,36,1903491723558829479,2,16,0.045,0.15500000000000003,acceptable,per_feature,insufficient_evidence,0.09375,0.125,0.0625
low_support,36,1903491723558829479,2,16,0.045,0.15500000000000003,acceptable,same_evidence,insufficient_evidence,0.09375,0.125,0.0625
low_support,36,1903491723558829479,2,16,0.045,0.15500000000000003,acceptable,framework,insufficient_evidence,0.09375,0.125,0.0625
low_support,37,681645916064013236,2,16,0.045,0.15500000000000003,acceptable,pooled,insufficient_evidence,0.09375,0.125,0.0625
low_support,37,681645916064013236,2,16,0.045,0.15500000000000003,acceptable,per_feature,insufficient_evidence,0.09375,0.125,0.0625
low_support,37,681645916064013236,2,16,0.045,0.15500000000000003,acceptable,same_evidence,insufficient_evidence,0.09375,0.125,0.0625
low_support,37,681645916064013236,2,16,0.045,0.15500000000000003,acceptable,framework,insufficient_evidence,0.09375,0.125,0.0625
low_support,38,1942290952266971247,2,16,0.045,0.15500000000000003,acceptable,pooled,insufficient_evidence,0.0625,0.125,0.0625
low_support,38,1942290952266971247,2,16,0.045,0.15500000000000003,acceptable,per_feature,insufficient_evidence,0.0625,0.125,0.0625
low_support,38,1942290952266971247,2,16,0.045,0.15500000000000003,acceptable,same_evidence,insufficient_evidence,0.0625,0.125,0.0625
low_support,38,1942290952266971247,2,16,0.045,0.15500000000000003,acceptable,framework,insufficient_evidence,0.0625,0.125,0.0625
low_support,39,4054282232986376442,2,16,0.045,0.15500000000000003,acceptable,pooled,insufficient_evidence,0.0,0.0625,0.0625
low_support,39,4054282232986376442,2,16,0.045,0.15500000000000003,acceptable,per_feature,insufficient_evidence,0.0,0.0625,0.0625
low_support,39,4054282232986376442,2,16,0.045,0.15500000000000003,acceptable,same_evidence,insufficient_evidence,0.0,0.0625,0.0625
low_support,39,4054282232986376442,2,16,0.045,0.15500000000000003,acceptable,framework,insufficient_evidence,0.0,0.0625,0.0625
low_support,40,3111563126561395308,2,16,0.045,0.15500000000000003,acceptable,pooled,insufficient_evidence,0.0625,0.0625,0.0625
low_support,40,3111563126561395308,2,16,0.045,0.15500000000000003,acceptable,per_feature,insufficient_evidence,0.0625,0.0625,0.0625
low_support,40,3111563126561395308,2,16,0.045,0.15500000000000003,acceptable,same_evidence,insufficient_evidence,0.0625,0.0625,0.0625
low_support,40,3111563126561395308,2,16,0.045,0.15500000000000003,acceptable,framework,insufficient_evidence,0.0625,0.0625,0.0625
low_support,41,3704608475193771578,2,16,0.045,0.15500000000000003,acceptable,pooled,insufficient_evidence,0.03125,0.125,0.0
low_support,41,3704608475193771578,2,16,0.045,0.15500000000000003,acceptable,per_feature,insufficient_evidence,0.03125,0.125,0.0
low_support,41,3704608475193771578,2,16,0.045,0.15500000000000003,acceptable,same_evidence,insufficient_evidence,0.03125,0.125,0.0
low_support,41,3704608475193771578,2,16,0.045,0.15500000000000003,acceptable,framework,insufficient_evidence,0.03125,0.125,0.0
low_support,42,1689764879663993970,2,16,0.045,0.15500000000000003,acceptable,pooled,insufficient_evidence,0.0,0.0,0.0
low_support,42,1689764879663993970,2,16,0.045,0.15500000000000003,acceptable,per_feature,insufficient_evidence,0.0,0.0,0.0
low_support,42,1689764879663993970,2,16,0.045,0.15500000000000003,acceptable,same_evidence,insufficient_evidence,0.0,0.0,0.0
low_support,42,1689764879663993970,2,16,0.045,0.15500000000000003,acceptable,framework,insufficient_evidence,0.0,0.0,0.0
low_support,43,1530977393283341889,2,16,0.045,0.15500000000000003,acceptable,pooled,insufficient_evidence,0.0625,0.125,0.0
low_support,43,1530977393283341889,2,16,0.045,0.15500000000000003,acceptable,per_feature,insufficient_evidence,0.0625,0.125,0.0
low_support,43,1530977393283341889,2,16,0.045,0.15500000000000003,acceptable,same_evidence,insufficient_evidence,0.0625,0.125,0.0
low_support,43,1530977393283341889,2,16,0.045,0.15500000000000003,acceptable,framework,insufficient_evidence,0.0625,0.125,0.0
low_support,44,1165944963309219257,2,16,0.045,0.15500000000000003,acceptable,pooled,insufficient_evidence,0.0,0.0,0.0
low_support,44,1165944963309219257,2,16,0.045,0.15500000000000003,acceptable,per_feature,insufficient_evidence,0.0,0.0,0.0
low_support,44,1165944963309219257,2,16,0.045,0.15500000000000003,acceptable,same_evidence,insufficient_evidence,0.0,0.0,0.0
low_support,44,1165944963309219257,2,16,0.045,0.15500000000000003,acceptable,framework,insufficient_evidence,0.0,0.0,0.0
low_support,45,1168997508214028807,2,16,0.045,0.15500000000000003,acceptable,pooled,insufficient_evidence,0.0625,0.125,0.0625
low_support,45,1168997508214028807,2,16,0.045,0.15500000000000003,acceptable,per_feature,insufficient_evidence,0.0625,0.125,0.0625
low_support,45,1168997508214028807,2,16,0.045,0.15500000000000003,acceptable,same_evidence,insufficient_evidence,0.0625,0.125,0.0625
low_support,45,1168997508214028807,2,16,0.045,0.15500000000000003,acceptable,framework,insufficient_evidence,0.0625,0.125,0.0625
low_support,46,412447275184638007,2,16,0.045,0.15500000000000003,acceptable,pooled,insufficient_evidence,0.0625,0.0625,0.0625
low_support,46,412447275184638007,2,16,0.045,0.15500000000000003,acceptable,per_feature,insufficient_evidence,0.0625,0.0625,0.0625
low_support,46,412447275184638007,2,16,0.045,0.15500000000000003,acceptable,same_evidence,insufficient_evidence,0.0625,0.0625,0.0625
low_support,46,412447275184638007,2,16,0.045,0.15500000000000003,acceptable,framework,insufficient_evidence,0.0625,0.0625,0.0625
low_support,47,802573347417587074,2,16,0.045,0.15500000000000003,acceptable,pooled,insufficient_evidence,0.0,0.0,0.0625
low_support,47,802573347417587074,2,16,0.045,0.15500000000000003,acceptable,per_feature,insufficient_evidence,0.0,0.0,0.0625
low_support,47,802573347417587074,2,16,0.045,0.15500000000000003,acceptable,same_evidence,insufficient_evidence,0.0,0.0,0.0625
low_support,47,802573347417587074,2,16,0.045,0.15500000000000003,acceptable,framework,insufficient_evidence,0.0,0.0,0.0625
low_support,48,119454696843739493,2,16,0.045,0.15500000000000003,acceptable,pooled,insufficient_evidence,0.0625,0.125,0.0625
low_support,48,119454696843739493,2,16,0.045,0.15500000000000003,acceptable,per_feature,insufficient_evidence,0.0625,0.125,0.0625
low_support,48,119454696843739493,2,16,0.045,0.15500000000000003,acceptable,same_evidence,insufficient_evidence,0.0625,0.125,0.0625
low_support,48,119454696843739493,2,16,0.045,0.15500000000000003,acceptable,framework,insufficient_evidence,0.0625,0.125,0.0625
low_support,49,1693936140562690960,2,16,0.045,0.15500000000000003,acceptable,pooled,insufficient_evidence,0.125,0.125,0.0
low_support,49,1693936140562690960,2,16,0.045,0.15500000000000003,acceptable,per_feature,insufficient_evidence,0.125,0.125,0.0
low_support,49,1693936140562690960,2,16,0.045,0.15500000000000003,acceptable,same_evidence,insufficient_evidence,0.125,0.125,0.0
low_support,49,1693936140562690960,2,16,0.045,0.15500000000000003,acceptable,framework,insufficient_evidence,0.125,0.125,0.0
low_support,50,2862285979781918877,2,16,0.045,0.15500000000000003,acceptable,pooled,insufficient_evidence,0.21875,0.25,0.1875
low_support,50,2862285979781918877,2,16,0.045,0.15500000000000003,acceptable,per_feature,insufficient_evidence,0.21875,0.25,0.1875
low_support,50,2862285979781918877,2,16,0.045,0.15500000000000003,acceptable,same_evidence,insufficient_evidence,0.21875,0.25,0.1875
low_support,50,2862285979781918877,2,16,0.045,0.15500000000000003,acceptable,framework,insufficient_evidence,0.21875,0.25,0.1875
low_support,51,1167496755217258767,2,16,0.045,0.15500000000000003,acceptable,pooled,insufficient_evidence,0.03125,0.0625,0.0625
low_support,51,1167496755217258767,2,16,0.045,0.15500000000000003,acceptable,per_feature,insufficient_evidence,0.03125,0.0625,0.0625
low_support,51,1167496755217258767,2,16,0.045,0.15500000000000003,acceptable,same_evidence,insufficient_evidence,0.03125,0.0625,0.0625
low_support,51,1167496755217258767,2,16,0.045,0.15500000000000003,acceptable,framework,insufficient_evidence,0.03125,0.0625,0.0625
low_support,52,3909932455250613139,2,16,0.045,0.15500000000000003,acceptable,pooled,insufficient_evidence,0.1875,0.1875,0.1875
low_support,52,3909932455250613139,2,16,0.045,0.15500000000000003,acceptable,per_feature,insufficient_evidence,0.1875,0.1875,0.1875
low_support,52,3909932455250613139,2,16,0.045,0.15500000000000003,acceptable,same_evidence,insufficient_evidence,0.1875,0.1875,0.1875
low_support,52,3909932455250613139,2,16,0.045,0.15500000000000003,acceptable,framework,insufficient_evidence,0.1875,0.1875,0.1875
low_support,53,3764516058482619284,2,16,0.045,0.15500000000000003,acceptable,pooled,insufficient_evidence,0.0,0.125,0.0625
low_support,53,3764516058482619284,2,16,0.045,0.15500000000000003,acceptable,per_feature,insufficient_evidence,0.0,0.125,0.0625
low_support,53,3764516058482619284,2,16,0.045,0.15500000000000003,acceptable,same_evidence,insufficient_evidence,0.0,0.125,0.0625
low_support,53,3764516058482619284,2,16,0.045,0.15500000000000003,acceptable,framework,insufficient_evidence,0.0,0.125,0.0625
low_support,54,33489558892433445,2,16,0.045,0.15500000000000003,acceptable,pooled,insufficient_evidence,0.125,0.125,0.0625
low_support,54,33489558892433445,2,16,0.045,0.15500000000000003,acceptable,per_feature,insufficient_evidence,0.125,0.125,0.0625
low_support,54,33489558892433445,2,16,0.045,0.15500000000000003,acceptable,same_evidence,insufficient_evidence,0.125,0.125,0.0625
low_support,54,33489558892433445,2,16,0.045,0.15500000000000003,acceptable,framework,insufficient_evidence,0.125,0.125,0.0625
low_support,55,4569457873041005875,2,16,0.045,0.15500000000000003,acceptable,pooled,insufficient_evidence,0.125,0.1875,0.0625
low_support,55,4569457873041005875,2,16,0.045,0.15500000000000003,acceptable,per_feature,insufficient_evidence,0.125,0.1875,0.0625
low_support,55,4569457873041005875,2,16,0.045,0.15500000000000003,acceptable,same_evidence,insufficient_evidence,0.125,0.1875,0.0625
low_support,55,4569457873041005875,2,16,0.045,0.15500000000000003,acceptable,framework,insufficient_evidence,0.125,0.1875,0.0625
low_support,56,886661611532108722,2,16,0.045,0.15500000000000003,acceptable,pooled,insufficient_evidence,0.0625,0.125,0.0625
low_support,56,886661611532108722,2,16,0.045,0.15500000000000003,acceptable,per_feature,insufficient_evidence,0.0625,0.125,0.0625
low_support,56,886661611532108722,2,16,0.045,0.15500000000000003,acceptable,same_evidence,insufficient_evidence,0.0625,0.125,0.0625
low_support,56,886661611532108722,2,16,0.045,0.15500000000000003,acceptable,framework,insufficient_evidence,0.0625,0.125,0.0625
low_support,57,1186962573007285626,2,16,0.045,0.15500000000000003,acceptable,pooled,insufficient_evidence,0.09375,0.125,0.0625
low_support,57,1186962573007285626,2,16,0.045,0.15500000000000003,acceptable,per_feature,insufficient_evidence,0.09375,0.125,0.0625
low_support,57,1186962573007285626,2,16,0.045,0.15500000000000003,acceptable,same_evidence,insufficient_evidence,0.09375,0.125,0.0625
low_support,57,1186962573007285626,2,16,0.045,0.15500000000000003,acceptable,framework,insufficient_evidence,0.09375,0.125,0.0625
low_support,58,3341638515868177980,2,16,0.045,0.15500000000000003,acceptable,pooled,insufficient_evidence,0.0,0.0625,0.0
low_support,58,3341638515868177980,2,16,0.045,0.15500000000000003,acceptable,per_feature,insufficient_evidence,0.0,0.0625,0.0
low_support,58,3341638515868177980,2,16,0.045,0.15500000000000003,acceptable,same_evidence,insufficient_evidence,0.0,0.0625,0.0
low_support,58,3341638515868177980,2,16,0.045,0.15500000000000003,acceptable,framework,insufficient_evidence,0.0,0.0625,0.0
low_support,59,1358360725365989388,2,16,0.045,0.15500000000000003,acceptable,pooled,insufficient_evidence,0.03125,0.0625,0.0
low_support,59,1358360725365989388,2,16,0.045,0.15500000000000003,acceptable,per_feature,insufficient_evidence,0.03125,0.0625,0.0
low_support,59,1358360725365989388,2,16,0.045,0.15500000000000003,acceptable,same_evidence,insufficient_evidence,0.03125,0.0625,0.0
low_support,59,1358360725365989388,2,16,0.045,0.15500000000000003,acceptable,framework,insufficient_evidence,0.03125,0.0625,0.0
low_support,60,3586008557627657058,2,16,0.045,0.15500000000000003,acceptable,pooled,insufficient_evidence,0.0625,0.1875,0.0625
low_support,60,3586008557627657058,2,16,0.045,0.15500000000000003,acceptable,per_feature,insufficient_evidence,0.0625,0.1875,0.0625
low_support,60,3586008557627657058,2,16,0.045,0.15500000000000003,acceptable,same_evidence,insufficient_evidence,0.0625,0.1875,0.0625
low_support,60,3586008557627657058,2,16,0.045,0.15500000000000003,acceptable,framework,insufficient_evidence,0.0625,0.1875,0.0625
low_support,61,927639680688109179,2,16,0.045,0.15500000000000003,acceptable,pooled,insufficient_evidence,0.0625,0.0625,0.0625
low_support,61,927639680688109179,2,16,0.045,0.15500000000000003,acceptable,per_feature,insufficient_evidence,0.0625,0.0625,0.0625
low_support,61,927639680688109179,2,16,0.045,0.15500000000000003,acceptable,same_evidence,insufficient_evidence,0.0625,0.0625,0.0625
low_support,61,927639680688109179,2,16,0.045,0.15500000000000003,acceptable,framework,insufficient_evidence,0.0625,0.0625,0.0625
low_support,62,2177544265557862556,2,16,0.045,0.15500000000000003,acceptable,pooled,insufficient_evidence,0.125,0.1875,0.0625
low_support,62,2177544265557862556,2,16,0.045,0.15500000000000003,acceptable,per_feature,insufficient_evidence,0.125,0.1875,0.0625
low_support,62,2177544265557862556,2,16,0.045,0.15500000000000003,acceptable,same_evidence,insufficient_evidence,0.125,0.1875,0.0625
low_support,62,2177544265557862556,2,16,0.045,0.15500000000000003,acceptable,framework,insufficient_evidence,0.125,0.1875,0.0625
low_support,63,2630848457890167692,2,16,0.045,0.15500000000000003,acceptable,pooled,insufficient_evidence,0.0,0.0625,0.0
low_support,63,2630848457890167692,2,16,0.045,0.15500000000000003,acceptable,per_feature,insufficient_evidence,0.0,0.0625,0.0
low_support,63,2630848457890167692,2,16,0.045,0.15500000000000003,acceptable,same_evidence,insufficient_evidence,0.0,0.0625,0.0
low_support,63,2630848457890167692,2,16,0.045,0.15500000000000003,acceptable,framework,insufficient_evidence,0.0,0.0625,0.0
low_support,64,4462496801920396555,2,16,0.045,0.15500000000000003,acceptable,pooled,insufficient_evidence,0.03125,0.0625,0.125
low_support,64,4462496801920396555,2,16,0.045,0.15500000000000003,acceptable,per_feature,insufficient_evidence,0.03125,0.0625,0.125
low_support,64,4462496801920396555,2,16,0.045,0.15500000000000003,acceptable,same_evidence,insufficient_evidence,0.03125,0.0625,0.125
low_support,64,4462496801920396555,2,16,0.045,0.15500000000000003,acceptable,framework,insufficient_evidence,0.03125,0.0625,0.125
low_support,65,1203460969223335848,2,16,0.045,0.15500000000000003,acceptable,pooled,insufficient_evidence,0.125,0.125,0.125
low_support,65,1203460969223335848,2,16,0.045,0.15500000000000003,acceptable,per_feature,insufficient_evidence,0.125,0.125,0.125
low_support,65,1203460969223335848,2,16,0.045,0.15500000000000003,acceptable,same_evidence,insufficient_evidence,0.125,0.125,0.125
low_support,65,1203460969223335848,2,16,0.045,0.15500000000000003,acceptable,framework,insufficient_evidence,0.125,0.125,0.125
low_support,66,4372699369313525397,2,16,0.045,0.15500000000000003,acceptable,pooled,insufficient_evidence,0.0,0.0,0.0
low_support,66,4372699369313525397,2,16,0.045,0.15500000000000003,acceptable,per_feature,insufficient_evidence,0.0,0.0,0.0
low_support,66,4372699369313525397,2,16,0.045,0.15500000000000003,acceptable,same_evidence,insufficient_evidence,0.0,0.0,0.0
low_support,66,4372699369313525397,2,16,0.045,0.15500000000000003,acceptable,framework,insufficient_evidence,0.0,0.0,0.0
low_support,67,802118562526913100,2,16,0.045,0.15500000000000003,acceptable,pooled,insufficient_evidence,0.09375,0.125,0.0625
low_support,67,802118562526913100,2,16,0.045,0.15500000000000003,acceptable,per_feature,insufficient_evidence,0.09375,0.125,0.0625
low_support,67,802118562526913100,2,16,0.045,0.15500000000000003,acceptable,same_evidence,insufficient_evidence,0.09375,0.125,0.0625
low_support,67,802118562526913100,2,16,0.045,0.15500000000000003,acceptable,framework,insufficient_evidence,0.09375,0.125,0.0625
low_support,68,414415722958361016,2,16,0.045,0.15500000000000003,acceptable,pooled,insufficient_evidence,0.03125,0.0625,0.0625
low_support,68,414415722958361016,2,16,0.045,0.15500000000000003,acceptable,per_feature,insufficient_evidence,0.03125,0.0625,0.0625
low_support,68,414415722958361016,2,16,0.045,0.15500000000000003,acceptable,same_evidence,insufficient_evidence,0.03125,0.0625,0.0625
low_support,68,414415722958361016,2,16,0.045,0.15500000000000003,acceptable,framework,insufficient_evidence,0.03125,0.0625,0.0625
low_support,69,1983988127292422883,2,16,0.045,0.15500000000000003,acceptable,pooled,insufficient_evidence,0.15625,0.1875,0.125
low_support,69,1983988127292422883,2,16,0.045,0.15500000000000003,acceptable,per_feature,insufficient_evidence,0.15625,0.1875,0.125
low_support,69,1983988127292422883,2,16,0.045,0.15500000000000003,acceptable,same_evidence,insufficient_evidence,0.15625,0.1875,0.125
low_support,69,1983988127292422883,2,16,0.045,0.15500000000000003,acceptable,framework,insufficient_evidence,0.15625,0.1875,0.125
low_support,70,591681813905329812,2,16,0.045,0.15500000000000003,acceptable,pooled,insufficient_evidence,0.28125,0.3125,0.25
low_support,70,591681813905329812,2,16,0.045,0.15500000000000003,acceptable,per_feature,insufficient_evidence,0.28125,0.3125,0.25
low_support,70,591681813905329812,2,16,0.045,0.15500000000000003,acceptable,same_evidence,insufficient_evidence,0.28125,0.3125,0.25
low_support,70,591681813905329812,2,16,0.045,0.15500000000000003,acceptable,framework,insufficient_evidence,0.28125,0.3125,0.25
low_support,71,4241755158891459894,2,16,0.045,0.15500000000000003,acceptable,pooled,insufficient_evidence,0.125,0.125,0.125
low_support,71,4241755158891459894,2,16,0.045,0.15500000000000003,acceptable,per_feature,insufficient_evidence,0.125,0.125,0.125
low_support,71,4241755158891459894,2,16,0.045,0.15500000000000003,acceptable,same_evidence,insufficient_evidence,0.125,0.125,0.125
low_support,71,4241755158891459894,2,16,0.045,0.15500000000000003,acceptable,framework,insufficient_evidence,0.125,0.125,0.125
low_support,72,929427794222425047,2,16,0.045,0.15500000000000003,acceptable,pooled,insufficient_evidence,0.09375,0.1875,0.125
low_support,72,929427794222425047,2,16,0.045,0.15500000000000003,acceptable,per_feature,insufficient_evidence,0.09375,0.1875,0.125
low_support,72,929427794222425047,2,16,0.045,0.15500000000000003,acceptable,same_evidence,insufficient_evidence,0.09375,0.1875,0.125
low_support,72,929427794222425047,2,16,0.045,0.15500000000000003,acceptable,framework,insufficient_evidence,0.09375,0.1875,0.125
low_support,73,1363647792184870174,2,16,0.045,0.15500000000000003,acceptable,pooled,insufficient_evidence,0.125,0.1875,0.0625
low_support,73,1363647792184870174,2,16,0.045,0.15500000000000003,acceptable,per_feature,insufficient_evidence,0.125,0.1875,0.0625
low_support,73,1363647792184870174,2,16,0.045,0.15500000000000003,acceptable,same_evidence,insufficient_evidence,0.125,0.1875,0.0625
low_support,73,1363647792184870174,2,16,0.045,0.15500000000000003,acceptable,framework,insufficient_evidence,0.125,0.1875,0.0625
low_support,74,1215129344841103560,2,16,0.045,0.15500000000000003,acceptable,pooled,insufficient_evidence,0.0625,0.125,0.0
low_support,74,1215129344841103560,2,16,0.045,0.15500000000000003,acceptable,per_feature,insufficient_evidence,0.0625,0.125,0.0
low_support,74,1215129344841103560,2,16,0.045,0.15500000000000003,acceptable,same_evidence,insufficient_evidence,0.0625,0.125,0.0
low_support,74,1215129344841103560,2,16,0.045,0.15500000000000003,acceptable,framework,insufficient_evidence,0.0625,0.125,0.0
low_support,75,3920684711105910763,2,16,0.045,0.15500000000000003,acceptable,pooled,insufficient_evidence,0.1875,0.1875,0.125
low_support,75,3920684711105910763,2,16,0.045,0.15500000000000003,acceptable,per_feature,insufficient_evidence,0.1875,0.1875,0.125
low_support,75,3920684711105910763,2,16,0.045,0.15500000000000003,acceptable,same_evidence,insufficient_evidence,0.1875,0.1875,0.125
low_support,75,3920684711105910763,2,16,0.045,0.15500000000000003,acceptable,framework,insufficient_evidence,0.1875,0.1875,0.125
low_support,76,65265968493579722,2,16,0.045,0.15500000000000003,acceptable,pooled,insufficient_evidence,0.3125,0.375,0.25
low_support,76,65265968493579722,2,16,0.045,0.15500000000000003,acceptable,per_feature,insufficient_evidence,0.3125,0.375,0.25
low_support,76,65265968493579722,2,16,0.045,0.15500000000000003,acceptable,same_evidence,insufficient_evidence,0.3125,0.375,0.25
low_support,76,65265968493579722,2,16,0.045,0.15500000000000003,acceptable,framework,insufficient_evidence,0.3125,0.375,0.25
low_support,77,4037884724806172479,2,16,0.045,0.15500000000000003,acceptable,pooled,insufficient_evidence,0.15625,0.1875,0.125
low_support,77,4037884724806172479,2,16,0.045,0.15500000000000003,acceptable,per_feature,insufficient_evidence,0.15625,0.1875,0.125
low_support,77,4037884724806172479,2,16,0.045,0.15500000000000003,acceptable,same_evidence,insufficient_evidence,0.15625,0.1875,0.125
low_support,77,4037884724806172479,2,16,0.045,0.15500000000000003,acceptable,framework,insufficient_evidence,0.15625,0.1875,0.125
low_support,78,3425810168562097724,2,16,0.045,0.15500000000000003,acceptable,pooled,insufficient_evidence,0.03125,0.0625,0.0625
low_support,78,3425810168562097724,2,16,0.045,0.15500000000000003,acceptable,per_feature,insufficient_evidence,0.03125,0.0625,0.0625
low_support,78,3425810168562097724,2,16,0.045,0.15500000000000003,acceptable,same_evidence,insufficient_evidence,0.03125,0.0625,0.0625
low_support,78,3425810168562097724,2,16,0.045,0.15500000000000003,acceptable,framework,insufficient_evidence,0.03125,0.0625,0.0625
low_support,79,1849936654408539480,2,16,0.045,0.15500000000000003,acceptable,pooled,insufficient_evidence,0.0,0.0625,0.0
low_support,79,1849936654408539480,2,16,0.045,0.15500000000000003,acceptable,per_feature,insufficient_evidence,0.0,0.0625,0.0
low_support,79,1849936654408539480,2,16,0.045,0.15500000000000003,acceptable,same_evidence,insufficient_evidence,0.0,0.0625,0.0
low_support,79,1849936654408539480,2,16,0.045,0.15500000000000003,acceptable,framework,insufficient_evidence,0.0,0.0625,0.0
low_support,80,876450892206072319,2,16,0.045,0.15500000000000003,acceptable,pooled,insufficient_evidence,0.0625,0.125,0.0625
low_support,80,876450892206072319,2,16,0.045,0.15500000000000003,acceptable,per_feature,insufficient_evidence,0.0625,0.125,0.0625
low_support,80,876450892206072319,2,16,0.045,0.15500000000000003,acceptable,same_evidence,insufficient_evidence,0.0625,0.125,0.0625
low_support,80,876450892206072319,2,16,0.045,0.15500000000000003,acceptable,framework,insufficient_evidence,0.0625,0.125,0.0625
low_support,81,3009437681487927588,2,16,0.045,0.15500000000000003,acceptable,pooled,insufficient_evidence,0.15625,0.1875,0.0625
low_support,81,3009437681487927588,2,16,0.045,0.15500000000000003,acceptable,per_feature,insufficient_evidence,0.15625,0.1875,0.0625
low_support,81,3009437681487927588,2,16,0.045,0.15500000000000003,acceptable,same_evidence,insufficient_evidence,0.15625,0.1875,0.0625
low_support,81,3009437681487927588,2,16,0.045,0.15500000000000003,acceptable,framework,insufficient_evidence,0.15625,0.1875,0.0625
low_support,82,92625886397605236,2,16,0.045,0.15500000000000003,acceptable,pooled,insufficient_evidence,0.125,0.125,0.125
low_support,82,92625886397605236,2,16,0.045,0.15500000000000003,acceptable,per_feature,insufficient_evidence,0.125,0.125,0.125
low_support,82,92625886397605236,2,16,0.045,0.15500000000000003,acceptable,same_evidence,insufficient_evidence,0.125,0.125,0.125
low_support,82,92625886397605236,2,16,0.045,0.15500000000000003,acceptable,framework,insufficient_evidence,0.125,0.125,0.125
low_support,83,2587313781902659397,2,16,0.045,0.15500000000000003,acceptable,pooled,insufficient_evidence,0.0625,0.0625,0.0625
low_support,83,2587313781902659397,2,16,0.045,0.15500000000000003,acceptable,per_feature,insufficient_evidence,0.0625,0.0625,0.0625
low_support,83,2587313781902659397,2,16,0.045,0.15500000000000003,acceptable,same_evidence,insufficient_evidence,0.0625,0.0625,0.0625
low_support,83,2587313781902659397,2,16,0.045,0.15500000000000003,acceptable,framework,insufficient_evidence,0.0625,0.0625,0.0625
low_support,84,1011689598528553129,2,16,0.045,0.15500000000000003,acceptable,pooled,insufficient_evidence,0.0625,0.0625,0.0625
low_support,84,1011689598528553129,2,16,0.045,0.15500000000000003,acceptable,per_feature,insufficient_evidence,0.0625,0.0625,0.0625
low_support,84,1011689598528553129,2,16,0.045,0.15500000000000003,acceptable,same_evidence,insufficient_evidence,0.0625,0.0625,0.0625
low_support,84,1011689598528553129,2,16,0.045,0.15500000000000003,acceptable,framework,insufficient_evidence,0.0625,0.0625,0.0625
low_support,85,1752520719681159515,2,16,0.045,0.15500000000000003,acceptable,pooled,insufficient_evidence,0.125,0.25,0.0
low_support,85,1752520719681159515,2,16,0.045,0.15500000000000003,acceptable,per_feature,insufficient_evidence,0.125,0.25,0.0
low_support,85,1752520719681159515,2,16,0.045,0.15500000000000003,acceptable,same_evidence,insufficient_evidence,0.125,0.25,0.0
low_support,85,1752520719681159515,2,16,0.045,0.15500000000000003,acceptable,framework,insufficient_evidence,0.125,0.25,0.0
low_support,86,29741096300511986,2,16,0.045,0.15500000000000003,acceptable,pooled,insufficient_evidence,0.0625,0.0625,0.0
low_support,86,29741096300511986,2,16,0.045,0.15500000000000003,acceptable,per_feature,insufficient_evidence,0.0625,0.0625,0.0
low_support,86,29741096300511986,2,16,0.045,0.15500000000000003,acceptable,same_evidence,insufficient_evidence,0.0625,0.0625,0.0
low_support,86,29741096300511986,2,16,0.045,0.15500000000000003,acceptable,framework,insufficient_evidence,0.0625,0.0625,0.0
low_support,87,1191529383290434705,2,16,0.045,0.15500000000000003,acceptable,pooled,insufficient_evidence,0.0625,0.1875,0.125
low_support,87,1191529383290434705,2,16,0.045,0.15500000000000003,acceptable,per_feature,insufficient_evidence,0.0625,0.1875,0.125
low_support,87,1191529383290434705,2,16,0.045,0.15500000000000003,acceptable,same_evidence,insufficient_evidence,0.0625,0.1875,0.125
low_support,87,1191529383290434705,2,16,0.045,0.15500000000000003,acceptable,framework,insufficient_evidence,0.0625,0.1875,0.125
low_support,88,1303328302905772730,2,16,0.045,0.15500000000000003,acceptable,pooled,insufficient_evidence,0.03125,0.125,0.0625
low_support,88,1303328302905772730,2,16,0.045,0.15500000000000003,acceptable,per_feature,insufficient_evidence,0.03125,0.125,0.0625
low_support,88,1303328302905772730,2,16,0.045,0.15500000000000003,acceptable,same_evidence,insufficient_evidence,0.03125,0.125,0.0625
low_support,88,1303328302905772730,2,16,0.045,0.15500000000000003,acceptable,framework,insufficient_evidence,0.03125,0.125,0.0625
low_support,89,1636603648742871029,2,16,0.045,0.15500000000000003,acceptable,pooled,insufficient_evidence,0.0625,0.0625,0.125
low_support,89,1636603648742871029,2,16,0.045,0.15500000000000003,acceptable,per_feature,insufficient_evidence,0.0625,0.0625,0.125
low_support,89,1636603648742871029,2,16,0.045,0.15500000000000003,acceptable,same_evidence,insufficient_evidence,0.0625,0.0625,0.125
low_support,89,1636603648742871029,2,16,0.045,0.15500000000000003,acceptable,framework,insufficient_evidence,0.0625,0.0625,0.125
low_support,90,4405752802999680811,2,16,0.045,0.15500000000000003,acceptable,pooled,insufficient_evidence,0.03125,0.0625,0.0625
low_support,90,4405752802999680811,2,16,0.045,0.15500000000000003,acceptable,per_feature,insufficient_evidence,0.03125,0.0625,0.0625
low_support,90,4405752802999680811,2,16,0.045,0.15500000000000003,acceptable,same_evidence,insufficient_evidence,0.03125,0.0625,0.0625
low_support,90,4405752802999680811,2,16,0.045,0.15500000000000003,acceptable,framework,insufficient_evidence,0.03125,0.0625,0.0625
low_support,91,4440133218676456421,2,16,0.045,0.15500000000000003,acceptable,pooled,insufficient_evidence,0.03125,0.0625,0.0
low_support,91,4440133218676456421,2,16,0.045,0.15500000000000003,acceptable,per_feature,insufficient_evidence,0.03125,0.0625,0.0
low_support,91,4440133218676456421,2,16,0.045,0.15500000000000003,acceptable,same_evidence,insufficient_evidence,0.03125,0.0625,0.0
low_support,91,4440133218676456421,2,16,0.045,0.15500000000000003,acceptable,framework,insufficient_evidence,0.03125,0.0625,0.0
low_support,92,1192065165234712531,2,16,0.045,0.15500000000000003,acceptable,pooled,insufficient_evidence,0.03125,0.0625,0.0625
low_support,92,1192065165234712531,2,16,0.045,0.15500000000000003,acceptable,per_feature,insufficient_evidence,0.03125,0.0625,0.0625
low_support,92,1192065165234712531,2,16,0.045,0.15500000000000003,acceptable,same_evidence,insufficient_evidence,0.03125,0.0625,0.0625
low_support,92,1192065165234712531,2,16,0.045,0.15500000000000003,acceptable,framework,insufficient_evidence,0.03125,0.0625,0.0625
low_support,93,2400634532692779411,2,16,0.045,0.15500000000000003,acceptable,pooled,insufficient_evidence,0.15625,0.1875,0.0625
low_support,93,2400634532692779411,2,16,0.045,0.15500000000000003,acceptable,per_feature,insufficient_evidence,0.15625,0.1875,0.0625
low_support,93,2400634532692779411,2,16,0.045,0.15500000000000003,acceptable,same_evidence,insufficient_evidence,0.15625,0.1875,0.0625
low_support,93,2400634532692779411,2,16,0.045,0.15500000000000003,acceptable,framework,insufficient_evidence,0.15625,0.1875,0.0625
low_support,94,3558528624201655103,2,16,0.045,0.15500000000000003,acceptable,pooled,insufficient_evidence,0.0625,0.0625,0.0
low_support,94,3558528624201655103,2,16,0.045,0.15500000000000003,acceptable,per_feature,insufficient_evidence,0.0625,0.0625,0.0
low_support,94,3558528624201655103,2,16,0.045,0.15500000000000003,acceptable,same_evidence,insufficient_evidence,0.0625,0.0625,0.0
low_support,94,3558528624201655103,2,16,0.045,0.15500000000000003,acceptable,framework,insufficient_evidence,0.0625,0.0625,0.0
low_support,95,1433877668878153684,2,16,0.045,0.15500000000000003,acceptable,pooled,insufficient_evidence,0.125,0.125,0.0625
low_support,95,1433877668878153684,2,16,0.045,0.15500000000000003,acceptable,per_feature,insufficient_evidence,0.125,0.125,0.0625
low_support,95,1433877668878153684,2,16,0.045,0.15500000000000003,acceptable,same_evidence,insufficient_evidence,0.125,0.125,0.0625
low_support,95,1433877668878153684,2,16,0.045,0.15500000000000003,acceptable,framework,insufficient_evidence,0.125,0.125,0.0625
low_support,96,2145925932177435805,2,16,0.045,0.15500000000000003,acceptable,pooled,insufficient_evidence,0.03125,0.0625,0.0625
low_support,96,2145925932177435805,2,16,0.045,0.15500000000000003,acceptable,per_feature,insufficient_evidence,0.03125,0.0625,0.0625
low_support,96,2145925932177435805,2,16,0.045,0.15500000000000003,acceptable,same_evidence,insufficient_evidence,0.03125,0.0625,0.0625
low_support,96,2145925932177435805,2,16,0.045,0.15500000000000003,acceptable,framework,insufficient_evidence,0.03125,0.0625,0.0625
low_support,97,2326711034298624209,2,16,0.045,0.15500000000000003,acceptable,pooled,insufficient_evidence,0.03125,0.0625,0.0
low_support,97,2326711034298624209,2,16,0.045,0.15500000000000003,acceptable,per_feature,insufficient_evidence,0.03125,0.0625,0.0
low_support,97,2326711034298624209,2,16,0.045,0.15500000000000003,acceptable,same_evidence,insufficient_evidence,0.03125,0.0625,0.0
low_support,97,2326711034298624209,2,16,0.045,0.15500000000000003,acceptable,framework,insufficient_evidence,0.03125,0.0625,0.0
low_support,98,3480733013977279451,2,16,0.045,0.15500000000000003,acceptable,pooled,insufficient_evidence,0.125,0.1875,0.125
low_support,98,3480733013977279451,2,16,0.045,0.15500000000000003,acceptable,per_feature,insufficient_evidence,0.125,0.1875,0.125
low_support,98,3480733013977279451,2,16,0.045,0.15500000000000003,acceptable,same_evidence,insufficient_evidence,0.125,0.1875,0.125
low_support,98,3480733013977279451,2,16,0.045,0.15500000000000003,acceptable,framework,insufficient_evidence,0.125,0.1875,0.125
low_support,99,1929694095966507354,2,16,0.045,0.15500000000000003,acceptable,pooled,insufficient_evidence,0.09375,0.25,0.0625
low_support,99,1929694095966507354,2,16,0.045,0.15500000000000003,acceptable,per_feature,insufficient_evidence,0.09375,0.25,0.0625
low_support,99,1929694095966507354,2,16,0.045,0.15500000000000003,acceptable,same_evidence,insufficient_evidence,0.09375,0.25,0.0625
low_support,99,1929694095966507354,2,16,0.045,0.15500000000000003,acceptable,framework,insufficient_evidence,0.09375,0.25,0.0625
low_support,0,847250974252148917,2,16,0.03,0.17,unacceptable,pooled,insufficient_evidence,0.15625,0.25,0.0625
low_support,0,847250974252148917,2,16,0.03,0.17,unacceptable,per_feature,insufficient_evidence,0.15625,0.25,0.0625
low_support,0,847250974252148917,2,16,0.03,0.17,unacceptable,same_evidence,insufficient_evidence,0.15625,0.25,0.0625
low_support,0,847250974252148917,2,16,0.03,0.17,unacceptable,framework,insufficient_evidence,0.15625,0.25,0.0625
low_support,1,799033922019676299,2,16,0.03,0.17,unacceptable,pooled,insufficient_evidence,0.125,0.1875,0.0
low_support,1,799033922019676299,2,16,0.03,0.17,unacceptable,per_feature,insufficient_evidence,0.125,0.1875,0.0
low_support,1,799033922019676299,2,16,0.03,0.17,unacceptable,same_evidence,insufficient_evidence,0.125,0.1875,0.0
low_support,1,799033922019676299,2,16,0.03,0.17,unacceptable,framework,insufficient_evidence,0.125,0.1875,0.0
low_support,2,1988204133005577736,2,16,0.03,0.17,unacceptable,pooled,insufficient_evidence,0.0625,0.125,0.0
low_support,2,1988204133005577736,2,16,0.03,0.17,unacceptable,per_feature,insufficient_evidence,0.0625,0.125,0.0
low_support,2,1988204133005577736,2,16,0.03,0.17,unacceptable,same_evidence,insufficient_evidence,0.0625,0.125,0.0
low_support,2,1988204133005577736,2,16,0.03,0.17,unacceptable,framework,insufficient_evidence,0.0625,0.125,0.0
low_support,3,2472949852610981159,2,16,0.03,0.17,unacceptable,pooled,insufficient_evidence,0.09375,0.1875,0.0625
low_support,3,2472949852610981159,2,16,0.03,0.17,unacceptable,per_feature,insufficient_evidence,0.09375,0.1875,0.0625
low_support,3,2472949852610981159,2,16,0.03,0.17,unacceptable,same_evidence,insufficient_evidence,0.09375,0.1875,0.0625
low_support,3,2472949852610981159,2,16,0.03,0.17,unacceptable,framework,insufficient_evidence,0.09375,0.1875,0.0625
low_support,4,2963804620000836332,2,16,0.03,0.17,unacceptable,pooled,insufficient_evidence,0.0625,0.1875,0.0
low_support,4,2963804620000836332,2,16,0.03,0.17,unacceptable,per_feature,insufficient_evidence,0.0625,0.1875,0.0
low_support,4,2963804620000836332,2,16,0.03,0.17,unacceptable,same_evidence,insufficient_evidence,0.0625,0.1875,0.0
low_support,4,2963804620000836332,2,16,0.03,0.17,unacceptable,framework,insufficient_evidence,0.0625,0.1875,0.0
low_support,5,4121963115933832273,2,16,0.03,0.17,unacceptable,pooled,insufficient_evidence,0.125,0.125,0.0625
low_support,5,4121963115933832273,2,16,0.03,0.17,unacceptable,per_feature,insufficient_evidence,0.125,0.125,0.0625
low_support,5,4121963115933832273,2,16,0.03,0.17,unacceptable,same_evidence,insufficient_evidence,0.125,0.125,0.0625
low_support,5,4121963115933832273,2,16,0.03,0.17,unacceptable,framework,insufficient_evidence,0.125,0.125,0.0625
low_support,6,949418898185372250,2,16,0.03,0.17,unacceptable,pooled,insufficient_evidence,0.0625,0.0625,0.0625
low_support,6,949418898185372250,2,16,0.03,0.17,unacceptable,per_feature,insufficient_evidence,0.0625,0.0625,0.0625
low_support,6,949418898185372250,2,16,0.03,0.17,unacceptable,same_evidence,insufficient_evidence,0.0625,0.0625,0.0625
low_support,6,949418898185372250,2,16,0.03,0.17,unacceptable,framework,insufficient_evidence,0.0625,0.0625,0.0625
low_support,7,50355510827931223,2,16,0.03,0.17,unacceptable,pooled,insufficient_evidence,0.15625,0.25,0.125
low_support,7,50355510827931223,2,16,0.03,0.17,unacceptable,per_feature,insufficient_evidence,0.15625,0.25,0.125
low_support,7,50355510827931223,2,16,0.03,0.17,unacceptable,same_evidence,insufficient_evidence,0.15625,0.25,0.125
low_support,7,50355510827931223,2,16,0.03,0.17,unacceptable,framework,insufficient_evidence,0.15625,0.25,0.125
low_support,8,4527205429815519721,2,16,0.03,0.17,unacceptable,pooled,insufficient_evidence,0.03125,0.0625,0.0
low_support,8,4527205429815519721,2,16,0.03,0.17,unacceptable,per_feature,insufficient_evidence,0.03125,0.0625,0.0
low_support,8,4527205429815519721,2,16,0.03,0.17,unacceptable,same_evidence,insufficient_evidence,0.03125,0.0625,0.0
low_support,8,4527205429815519721,2,16,0.03,0.17,unacceptable,framework,insufficient_evidence,0.03125,0.0625,0.0
low_support,9,2362784985769269354,2,16,0.03,0.17,unacceptable,pooled,insufficient_evidence,0.0625,0.1875,0.0
low_support,9,2362784985769269354,2,16,0.03,0.17,unacceptable,per_feature,insufficient_evidence,0.0625,0.1875,0.0
low_support,9,2362784985769269354,2,16,0.03,0.17,unacceptable,same_evidence,insufficient_evidence,0.0625,0.1875,0.0
low_support,9,2362784985769269354,2,16,0.03,0.17,unacceptable,framework,insufficient_evidence,0.0625,0.1875,0.0
low_support,10,970617119781795659,2,16,0.03,0.17,unacceptable,pooled,insufficient_evidence,0.03125,0.0625,0.0625
low_support,10,970617119781795659,2,16,0.03,0.17,unacceptable,per_feature,insufficient_evidence,0.03125,0.0625,0.0625
low_support,10,970617119781795659,2,16,0.03,0.17,unacceptable,same_evidence,insufficient_evidence,0.03125,0.0625,0.0625
low_support,10,970617119781795659,2,16,0.03,0.17,unacceptable,framework,insufficient_evidence,0.03125,0.0625,0.0625
low_support,11,1820614634848062525,2,16,0.03,0.17,unacceptable,pooled,insufficient_evidence,0.09375,0.125,0.0625
low_support,11,1820614634848062525,2,16,0.03,0.17,unacceptable,per_feature,insufficient_evidence,0.09375,0.125,0.0625
low_support,11,1820614634848062525,2,16,0.03,0.17,unacceptable,same_evidence,insufficient_evidence,0.09375,0.125,0.0625
low_support,11,1820614634848062525,2,16,0.03,0.17,unacceptable,framework,insufficient_evidence,0.09375,0.125,0.0625
low_support,12,4296691680896502090,2,16,0.03,0.17,unacceptable,pooled,insufficient_evidence,0.09375,0.1875,0.0625
low_support,12,4296691680896502090,2,16,0.03,0.17,unacceptable,per_feature,insufficient_evidence,0.09375,0.1875,0.0625
low_support,12,4296691680896502090,2,16,0.03,0.17,unacceptable,same_evidence,insufficient_evidence,0.09375,0.1875,0.0625
low_support,12,4296691680896502090,2,16,0.03,0.17,unacceptable,framework,insufficient_evidence,0.09375,0.1875,0.0625
low_support,13,3177696161712696982,2,16,0.03,0.17,unacceptable,pooled,insufficient_evidence,0.0,0.0,0.0625
low_support,13,3177696161712696982,2,16,0.03,0.17,unacceptable,per_feature,insufficient_evidence,0.0,0.0,0.0625
low_support,13,3177696161712696982,2,16,0.03,0.17,unacceptable,same_evidence,insufficient_evidence,0.0,0.0,0.0625
low_support,13,3177696161712696982,2,16,0.03,0.17,unacceptable,framework,insufficient_evidence,0.0,0.0,0.0625
low_support,14,3785439182525586479,2,16,0.03,0.17,unacceptable,pooled,insufficient_evidence,0.1875,0.1875,0.125
low_support,14,3785439182525586479,2,16,0.03,0.17,unacceptable,per_feature,insufficient_evidence,0.1875,0.1875,0.125
low_support,14,3785439182525586479,2,16,0.03,0.17,unacceptable,same_evidence,insufficient_evidence,0.1875,0.1875,0.125
low_support,14,3785439182525586479,2,16,0.03,0.17,unacceptable,framework,insufficient_evidence,0.1875,0.1875,0.125
low_support,15,827053775941402083,2,16,0.03,0.17,unacceptable,pooled,insufficient_evidence,0.0625,0.0625,0.0
low_support,15,827053775941402083,2,16,0.03,0.17,unacceptable,per_feature,insufficient_evidence,0.0625,0.0625,0.0
low_support,15,827053775941402083,2,16,0.03,0.17,unacceptable,same_evidence,insufficient_evidence,0.0625,0.0625,0.0
low_support,15,827053775941402083,2,16,0.03,0.17,unacceptable,framework,insufficient_evidence,0.0625,0.0625,0.0
low_support,16,1601597410449857605,2,16,0.03,0.17,unacceptable,pooled,insufficient_evidence,0.0625,0.125,0.0625
low_support,16,1601597410449857605,2,16,0.03,0.17,unacceptable,per_feature,insufficient_evidence,0.0625,0.125,0.0625
low_support,16,1601597410449857605,2,16,0.03,0.17,unacceptable,same_evidence,insufficient_evidence,0.0625,0.125,0.0625
low_support,16,1601597410449857605,2,16,0.03,0.17,unacceptable,framework,insufficient_evidence,0.0625,0.125,0.0625
low_support,17,580932086433815715,2,16,0.03,0.17,unacceptable,pooled,insufficient_evidence,0.0,0.0625,0.0
low_support,17,580932086433815715,2,16,0.03,0.17,unacceptable,per_feature,insufficient_evidence,0.0,0.0625,0.0
low_support,17,580932086433815715,2,16,0.03,0.17,unacceptable,same_evidence,insufficient_evidence,0.0,0.0625,0.0
low_support,17,580932086433815715,2,16,0.03,0.17,unacceptable,framework,insufficient_evidence,0.0,0.0625,0.0
low_support,18,1117745819993436562,2,16,0.03,0.17,unacceptable,pooled,insufficient_evidence,0.0,0.0625,0.0
low_support,18,1117745819993436562,2,16,0.03,0.17,unacceptable,per_feature,insufficient_evidence,0.0,0.0625,0.0
low_support,18,1117745819993436562,2,16,0.03,0.17,unacceptable,same_evidence,insufficient_evidence,0.0,0.0625,0.0
low_support,18,1117745819993436562,2,16,0.03,0.17,unacceptable,framework,insufficient_evidence,0.0,0.0625,0.0
low_support,19,2409592698893057071,2,16,0.03,0.17,unacceptable,pooled,insufficient_evidence,0.03125,0.0625,0.0625
low_support,19,2409592698893057071,2,16,0.03,0.17,unacceptable,per_feature,insufficient_evidence,0.03125,0.0625,0.0625
low_support,19,2409592698893057071,2,16,0.03,0.17,unacceptable,same_evidence,insufficient_evidence,0.03125,0.0625,0.0625
low_support,19,2409592698893057071,2,16,0.03,0.17,unacceptable,framework,insufficient_evidence,0.03125,0.0625,0.0625
low_support,20,2039712158341357691,2,16,0.03,0.17,unacceptable,pooled,insufficient_evidence,0.09375,0.125,0.0625
low_support,20,2039712158341357691,2,16,0.03,0.17,unacceptable,per_feature,insufficient_evidence,0.09375,0.125,0.0625
low_support,20,2039712158341357691,2,16,0.03,0.17,unacceptable,same_evidence,insufficient_evidence,0.09375,0.125,0.0625
low_support,20,2039712158341357691,2,16,0.03,0.17,unacceptable,framework,insufficient_evidence,0.09375,0.125,0.0625
low_support,21,380437867358045044,2,16,0.03,0.17,unacceptable,pooled,insufficient_evidence,0.0625,0.0625,0.0625
low_support,21,380437867358045044,2,16,0.03,0.17,unacceptable,per_feature,insufficient_evidence,0.0625,0.0625,0.0625
low_support,21,380437867358045044,2,16,0.03,0.17,unacceptable,same_evidence,insufficient_evidence,0.0625,0.0625,0.0625
low_support,21,380437867358045044,2,16,0.03,0.17,unacceptable,framework,insufficient_evidence,0.0625,0.0625,0.0625
low_support,22,1750401959356942082,2,16,0.03,0.17,unacceptable,pooled,insufficient_evidence,0.125,0.1875,0.0625
low_support,22,1750401959356942082,2,16,0.03,0.17,unacceptable,per_feature,insufficient_evidence,0.125,0.1875,0.0625
low_support,22,1750401959356942082,2,16,0.03,0.17,unacceptable,same_evidence,insufficient_evidence,0.125,0.1875,0.0625
low_support,22,1750401959356942082,2,16,0.03,0.17,unacceptable,framework,insufficient_evidence,0.125,0.1875,0.0625
low_support,23,2127738708770167542,2,16,0.03,0.17,unacceptable,pooled,insufficient_evidence,0.0625,0.0625,0.0
low_support,23,2127738708770167542,2,16,0.03,0.17,unacceptable,per_feature,insufficient_evidence,0.0625,0.0625,0.0
low_support,23,2127738708770167542,2,16,0.03,0.17,unacceptable,same_evidence,insufficient_evidence,0.0625,0.0625,0.0
low_support,23,2127738708770167542,2,16,0.03,0.17,unacceptable,framework,insufficient_evidence,0.0625,0.0625,0.0
low_support,24,646421752542795741,2,16,0.03,0.17,unacceptable,pooled,insufficient_evidence,0.03125,0.0625,0.0625
low_support,24,646421752542795741,2,16,0.03,0.17,unacceptable,per_feature,insufficient_evidence,0.03125,0.0625,0.0625
low_support,24,646421752542795741,2,16,0.03,0.17,unacceptable,same_evidence,insufficient_evidence,0.03125,0.0625,0.0625
low_support,24,646421752542795741,2,16,0.03,0.17,unacceptable,framework,insufficient_evidence,0.03125,0.0625,0.0625
low_support,25,2421210880932729264,2,16,0.03,0.17,unacceptable,pooled,insufficient_evidence,0.0625,0.125,0.0625
low_support,25,2421210880932729264,2,16,0.03,0.17,unacceptable,per_feature,insufficient_evidence,0.0625,0.125,0.0625
low_support,25,2421210880932729264,2,16,0.03,0.17,unacceptable,same_evidence,insufficient_evidence,0.0625,0.125,0.0625
low_support,25,2421210880932729264,2,16,0.03,0.17,unacceptable,framework,insufficient_evidence,0.0625,0.125,0.0625
low_support,26,2907082634656359039,2,16,0.03,0.17,unacceptable,pooled,insufficient_evidence,0.03125,0.0625,0.0625
low_support,26,2907082634656359039,2,16,0.03,0.17,unacceptable,per_feature,insufficient_evidence,0.03125,0.0625,0.0625
low_support,26,2907082634656359039,2,16,0.03,0.17,unacceptable,same_evidence,insufficient_evidence,0.03125,0.0625,0.0625
low_support,26,2907082634656359039,2,16,0.03,0.17,unacceptable,framework,insufficient_evidence,0.03125,0.0625,0.0625
low_support,27,774847983389178783,2,16,0.03,0.17,unacceptable,pooled,insufficient_evidence,0.0,0.0625,0.0625
low_support,27,774847983389178783,2,16,0.03,0.17,unacceptable,per_feature,insufficient_evidence,0.0,0.0625,0.0625
low_support,27,774847983389178783,2,16,0.03,0.17,unacceptable,same_evidence,insufficient_evidence,0.0,0.0625,0.0625
low_support,27,774847983389178783,2,16,0.03,0.17,unacceptable,framework,insufficient_evidence,0.0,0.0625,0.0625
low_support,28,562117061347744791,2,16,0.03,0.17,unacceptable,pooled,insufficient_evidence,0.03125,0.125,0.0625
low_support,28,562117061347744791,2,16,0.03,0.17,unacceptable,per_feature,insufficient_evidence,0.03125,0.125,0.0625
low_support,28,562117061347744791,2,16,0.03,0.17,unacceptable,same_evidence,insufficient_evidence,0.03125,0.125,0.0625
low_support,28,562117061347744791,2,16,0.03,0.17,unacceptable,framework,insufficient_evidence,0.03125,0.125,0.0625
low_support,29,1658936486849830497,2,16,0.03,0.17,unacceptable,pooled,insufficient_evidence,0.125,0.1875,0.125
low_support,29,1658936486849830497,2,16,0.03,0.17,unacceptable,per_feature,insufficient_evidence,0.125,0.1875,0.125
low_support,29,1658936486849830497,2,16,0.03,0.17,unacceptable,same_evidence,insufficient_evidence,0.125,0.1875,0.125
low_support,29,1658936486849830497,2,16,0.03,0.17,unacceptable,framework,insufficient_evidence,0.125,0.1875,0.125
low_support,30,3065209344563962174,2,16,0.03,0.17,unacceptable,pooled,insufficient_evidence,0.0,0.0,0.0625
low_support,30,3065209344563962174,2,16,0.03,0.17,unacceptable,per_feature,insufficient_evidence,0.0,0.0,0.0625
low_support,30,3065209344563962174,2,16,0.03,0.17,unacceptable,same_evidence,insufficient_evidence,0.0,0.0,0.0625
low_support,30,3065209344563962174,2,16,0.03,0.17,unacceptable,framework,insufficient_evidence,0.0,0.0,0.0625
low_support,31,4464523619551939269,2,16,0.03,0.17,unacceptable,pooled,insufficient_evidence,0.03125,0.0625,0.0625
low_support,31,4464523619551939269,2,16,0.03,0.17,unacceptable,per_feature,insufficient_evidence,0.03125,0.0625,0.0625
low_support,31,4464523619551939269,2,16,0.03,0.17,unacceptable,same_evidence,insufficient_evidence,0.03125,0.0625,0.0625
low_support,31,4464523619551939269,2,16,0.03,0.17,unacceptable,framework,insufficient_evidence,0.03125,0.0625,0.0625
low_support,32,3948141526715920637,2,16,0.03,0.17,unacceptable,pooled,insufficient_evidence,0.09375,0.125,0.0625
low_support,32,3948141526715920637,2,16,0.03,0.17,unacceptable,per_feature,insufficient_evidence,0.09375,0.125,0.0625
low_support,32,3948141526715920637,2,16,0.03,0.17,unacceptable,same_evidence,insufficient_evidence,0.09375,0.125,0.0625
low_support,32,3948141526715920637,2,16,0.03,0.17,unacceptable,framework,insufficient_evidence,0.09375,0.125,0.0625
low_support,33,260359453337191765,2,16,0.03,0.17,unacceptable,pooled,insufficient_evidence,0.0625,0.125,0.0
low_support,33,260359453337191765,2,16,0.03,0.17,unacceptable,per_feature,insufficient_evidence,0.0625,0.125,0.0
low_support,33,260359453337191765,2,16,0.03,0.17,unacceptable,same_evidence,insufficient_evidence,0.0625,0.125,0.0
low_support,33,260359453337191765,2,16,0.03,0.17,unacceptable,framework,insufficient_evidence,0.0625,0.125,0.0
low_support,34,4263123066381670620,2,16,0.03,0.17,unacceptable,pooled,insufficient_evidence,0.03125,0.0625,0.125
low_support,34,4263123066381670620,2,16,0.03,0.17,unacceptable,per_feature,insufficient_evidence,0.03125,0.0625,0.125
low_support,34,4263123066381670620,2,16,0.03,0.17,unacceptable,same_evidence,insufficient_evidence,0.03125,0.0625,0.125
low_support,34,4263123066381670620,2,16,0.03,0.17,unacceptable,framework,insufficient_evidence,0.03125,0.0625,0.125
low_support,35,2647847954837942576,2,16,0.03,0.17,unacceptable,pooled,insufficient_evidence,0.03125,0.0625,0.0
low_support,35,2647847954837942576,2,16,0.03,0.17,unacceptable,per_feature,insufficient_evidence,0.03125,0.0625,0.0
low_support,35,2647847954837942576,2,16,0.03,0.17,unacceptable,same_evidence,insufficient_evidence,0.03125,0.0625,0.0
low_support,35,2647847954837942576,2,16,0.03,0.17,unacceptable,framework,insufficient_evidence,0.03125,0.0625,0.0
low_support,36,2491888052218029209,2,16,0.03,0.17,unacceptable,pooled,insufficient_evidence,0.0625,0.0625,0.0625
low_support,36,2491888052218029209,2,16,0.03,0.17,unacceptable,per_feature,insufficient_evidence,0.0625,0.0625,0.0625
low_support,36,2491888052218029209,2,16,0.03,0.17,unacceptable,same_evidence,insufficient_evidence,0.0625,0.0625,0.0625
low_support,36,2491888052218029209,2,16,0.03,0.17,unacceptable,framework,insufficient_evidence,0.0625,0.0625,0.0625
low_support,37,3026684305241467116,2,16,0.03,0.17,unacceptable,pooled,insufficient_evidence,0.03125,0.0625,0.0
low_support,37,3026684305241467116,2,16,0.03,0.17,unacceptable,per_feature,insufficient_evidence,0.03125,0.0625,0.0
low_support,37,3026684305241467116,2,16,0.03,0.17,unacceptable,same_evidence,insufficient_evidence,0.03125,0.0625,0.0
low_support,37,3026684305241467116,2,16,0.03,0.17,unacceptable,framework,insufficient_evidence,0.03125,0.0625,0.0
low_support,38,2530107610610157459,2,16,0.03,0.17,unacceptable,pooled,insufficient_evidence,0.0625,0.125,0.0625
low_support,38,2530107610610157459,2,16,0.03,0.17,unacceptable,per_feature,insufficient_evidence,0.0625,0.125,0.0625
low_support,38,2530107610610157459,2,16,0.03,0.17,unacceptable,same_evidence,insufficient_evidence,0.0625,0.125,0.0625
low_support,38,2530107610610157459,2,16,0.03,0.17,unacceptable,framework,insufficient_evidence,0.0625,0.125,0.0625
low_support,39,1167647651856974518,2,16,0.03,0.17,unacceptable,pooled,insufficient_evidence,0.03125,0.0625,0.0625
low_support,39,1167647651856974518,2,16,0.03,0.17,unacceptable,per_feature,insufficient_evidence,0.03125,0.0625,0.0625
low_support,39,1167647651856974518,2,16,0.03,0.17,unacceptable,same_evidence,insufficient_evidence,0.03125,0.0625,0.0625
low_support,39,1167647651856974518,2,16,0.03,0.17,unacceptable,framework,insufficient_evidence,0.03125,0.0625,0.0625
low_support,40,3350597978513799400,2,16,0.03,0.17,unacceptable,pooled,insufficient_evidence,0.03125,0.125,0.0
low_support,40,3350597978513799400,2,16,0.03,0.17,unacceptable,per_feature,insufficient_evidence,0.03125,0.125,0.0
low_support,40,3350597978513799400,2,16,0.03,0.17,unacceptable,same_evidence,insufficient_evidence,0.03125,0.125,0.0
low_support,40,3350597978513799400,2,16,0.03,0.17,unacceptable,framework,insufficient_evidence,0.03125,0.125,0.0
low_support,41,2939637061630788888,2,16,0.03,0.17,unacceptable,pooled,insufficient_evidence,0.15625,0.1875,0.0625
low_support,41,2939637061630788888,2,16,0.03,0.17,unacceptable,per_feature,insufficient_evidence,0.15625,0.1875,0.0625
low_support,41,2939637061630788888,2,16,0.03,0.17,unacceptable,same_evidence,insufficient_evidence,0.15625,0.1875,0.0625
low_support,41,2939637061630788888,2,16,0.03,0.17,unacceptable,framework,insufficient_evidence,0.15625,0.1875,0.0625
low_support,42,4532395959641679735,2,16,0.03,0.17,unacceptable,pooled,insufficient_evidence,0.09375,0.125,0.0625
low_support,42,4532395959641679735,2,16,0.03,0.17,unacceptable,per_feature,insufficient_evidence,0.09375,0.125,0.0625
low_support,42,4532395959641679735,2,16,0.03,0.17,unacceptable,same_evidence,insufficient_evidence,0.09375,0.125,0.0625
low_support,42,4532395959641679735,2,16,0.03,0.17,unacceptable,framework,insufficient_evidence,0.09375,0.125,0.0625
low_support,43,295034609380927816,2,16,0.03,0.17,unacceptable,pooled,insufficient_evidence,0.03125,0.0625,0.125
low_support,43,295034609380927816,2,16,0.03,0.17,unacceptable,per_feature,insufficient_evidence,0.03125,0.0625,0.125
low_support,43,295034609380927816,2,16,0.03,0.17,unacceptable,same_evidence,insufficient_evidence,0.03125,0.0625,0.125
low_support,43,295034609380927816,2,16,0.03,0.17,unacceptable,framework,insufficient_evidence,0.03125,0.0625,0.125
low_support,44,558154403441503415,2,16,0.03,0.17,unacceptable,pooled,insufficient_evidence,0.125,0.1875,0.125
low_support,44,558154403441503415,2,16,0.03,0.17,unacceptable,per_feature,insufficient_evidence,0.125,0.1875,0.125
low_support,44,558154403441503415,2,16,0.03,0.17,unacceptable,same_evidence,insufficient_evidence,0.125,0.1875,0.125
low_support,44,558154403441503415,2,16,0.03,0.17,unacceptable,framework,insufficient_evidence,0.125,0.1875,0.125
low_support,45,4065236553166394511,2,16,0.03,0.17,unacceptable,pooled,insufficient_evidence,0.03125,0.0625,0.0625
low_support,45,4065236553166394511,2,16,0.03,0.17,unacceptable,per_feature,insufficient_evidence,0.03125,0.0625,0.0625
low_support,45,4065236553166394511,2,16,0.03,0.17,unacceptable,same_evidence,insufficient_evidence,0.03125,0.0625,0.0625
low_support,45,4065236553166394511,2,16,0.03,0.17,unacceptable,framework,insufficient_evidence,0.03125,0.0625,0.0625
low_support,46,603670017355157995,2,16,0.03,0.17,unacceptable,pooled,insufficient_evidence,0.0625,0.125,0.0625
low_support,46,603670017355157995,2,16,0.03,0.17,unacceptable,per_feature,insufficient_evidence,0.0625,0.125,0.0625
low_support,46,603670017355157995,2,16,0.03,0.17,unacceptable,same_evidence,insufficient_evidence,0.0625,0.125,0.0625
low_support,46,603670017355157995,2,16,0.03,0.17,unacceptable,framework,insufficient_evidence,0.0625,0.125,0.0625
low_support,47,1705742303428358198,2,16,0.03,0.17,unacceptable,pooled,insufficient_evidence,0.09375,0.125,0.0625
low_support,47,1705742303428358198,2,16,0.03,0.17,unacceptable,per_feature,insufficient_evidence,0.09375,0.125,0.0625
low_support,47,1705742303428358198,2,16,0.03,0.17,unacceptable,same_evidence,insufficient_evidence,0.09375,0.125,0.0625
low_support,47,1705742303428358198,2,16,0.03,0.17,unacceptable,framework,insufficient_evidence,0.09375,0.125,0.0625
low_support,48,2257353872714271276,2,16,0.03,0.17,unacceptable,pooled,insufficient_evidence,0.0,0.0,0.0625
low_support,48,2257353872714271276,2,16,0.03,0.17,unacceptable,per_feature,insufficient_evidence,0.0,0.0,0.0625
low_support,48,2257353872714271276,2,16,0.03,0.17,unacceptable,same_evidence,insufficient_evidence,0.0,0.0,0.0625
low_support,48,2257353872714271276,2,16,0.03,0.17,unacceptable,framework,insufficient_evidence,0.0,0.0,0.0625
low_support,49,1226214976656313396,2,16,0.03,0.17,unacceptable,pooled,insufficient_evidence,0.0,0.0625,0.0
low_support,49,1226214976656313396,2,16,0.03,0.17,unacceptable,per_feature,insufficient_evidence,0.0,0.0625,0.0
low_support,49,1226214976656313396,2,16,0.03,0.17,unacceptable,same_evidence,insufficient_evidence,0.0,0.0625,0.0
low_support,49,1226214976656313396,2,16,0.03,0.17,unacceptable,framework,insufficient_evidence,0.0,0.0625,0.0
low_support,50,3126023634198406348,2,16,0.03,0.17,unacceptable,pooled,insufficient_evidence,0.0625,0.0625,0.0625
low_support,50,3126023634198406348,2,16,0.03,0.17,unacceptable,per_feature,insufficient_evidence,0.0625,0.0625,0.0625
low_support,50,3126023634198406348,2,16,0.03,0.17,unacceptable,same_evidence,insufficient_evidence,0.0625,0.0625,0.0625
low_support,50,3126023634198406348,2,16,0.03,0.17,unacceptable,framework,insufficient_evidence,0.0625,0.0625,0.0625
low_support,51,1097164634060386839,2,16,0.03,0.17,unacceptable,pooled,insufficient_evidence,0.25,0.25,0.25
low_support,51,1097164634060386839,2,16,0.03,0.17,unacceptable,per_feature,insufficient_evidence,0.25,0.25,0.25
low_support,51,1097164634060386839,2,16,0.03,0.17,unacceptable,same_evidence,insufficient_evidence,0.25,0.25,0.25
low_support,51,1097164634060386839,2,16,0.03,0.17,unacceptable,framework,insufficient_evidence,0.25,0.25,0.25
low_support,52,3002898965617031266,2,16,0.03,0.17,unacceptable,pooled,insufficient_evidence,0.09375,0.125,0.125
low_support,52,3002898965617031266,2,16,0.03,0.17,unacceptable,per_feature,insufficient_evidence,0.09375,0.125,0.125
low_support,52,3002898965617031266,2,16,0.03,0.17,unacceptable,same_evidence,insufficient_evidence,0.09375,0.125,0.125
low_support,52,3002898965617031266,2,16,0.03,0.17,unacceptable,framework,insufficient_evidence,0.09375,0.125,0.125
low_support,53,316824302687129846,2,16,0.03,0.17,unacceptable,pooled,insufficient_evidence,0.03125,0.0625,0.0
low_support,53,316824302687129846,2,16,0.03,0.17,unacceptable,per_feature,insufficient_evidence,0.03125,0.0625,0.0
low_support,53,316824302687129846,2,16,0.03,0.17,unacceptable,same_evidence,insufficient_evidence,0.03125,0.0625,0.0
low_support,53,316824302687129846,2,16,0.03,0.17,unacceptable,framework,insufficient_evidence,0.03125,0.0625,0.0
low_support,54,431338845884612758,2,16,0.03,0.17,unacceptable,pooled,insufficient_evidence,0.03125,0.0625,0.0625
low_support,54,431338845884612758,2,16,0.03,0.17,unacceptable,per_feature,insufficient_evidence,0.03125,0.0625,0.0625
low_support,54,431338845884612758,2,16,0.03,0.17,unacceptable,same_evidence,insufficient_evidence,0.03125,0.0625,0.0625
low_support,54,431338845884612758,2,16,0.03,0.17,unacceptable,framework,insufficient_evidence,0.03125,0.0625,0.0625
low_support,55,1132656513086384870,2,16,0.03,0.17,unacceptable,pooled,insufficient_evidence,0.03125,0.125,0.0625
low_support,55,1132656513086384870,2,16,0.03,0.17,unacceptable,per_feature,insufficient_evidence,0.03125,0.125,0.0625
low_support,55,1132656513086384870,2,16,0.03,0.17,unacceptable,same_evidence,insufficient_evidence,0.03125,0.125,0.0625
low_support,55,1132656513086384870,2,16,0.03,0.17,unacceptable,framework,insufficient_evidence,0.03125,0.125,0.0625
low_support,56,3480611887217445170,2,16,0.03,0.17,unacceptable,pooled,insufficient_evidence,0.03125,0.125,0.0625
low_support,56,3480611887217445170,2,16,0.03,0.17,unacceptable,per_feature,insufficient_evidence,0.03125,0.125,0.0625
low_support,56,3480611887217445170,2,16,0.03,0.17,unacceptable,same_evidence,insufficient_evidence,0.03125,0.125,0.0625
low_support,56,3480611887217445170,2,16,0.03,0.17,unacceptable,framework,insufficient_evidence,0.03125,0.125,0.0625
low_support,57,3520241902182238463,2,16,0.03,0.17,unacceptable,pooled,insufficient_evidence,0.03125,0.0625,0.0
low_support,57,3520241902182238463,2,16,0.03,0.17,unacceptable,per_feature,insufficient_evidence,0.03125,0.0625,0.0
low_support,57,3520241902182238463,2,16,0.03,0.17,unacceptable,same_evidence,insufficient_evidence,0.03125,0.0625,0.0
low_support,57,3520241902182238463,2,16,0.03,0.17,unacceptable,framework,insufficient_evidence,0.03125,0.0625,0.0
low_support,58,3461400783012216781,2,16,0.03,0.17,unacceptable,pooled,insufficient_evidence,0.03125,0.0625,0.0625
low_support,58,3461400783012216781,2,16,0.03,0.17,unacceptable,per_feature,insufficient_evidence,0.03125,0.0625,0.0625
low_support,58,3461400783012216781,2,16,0.03,0.17,unacceptable,same_evidence,insufficient_evidence,0.03125,0.0625,0.0625
low_support,58,3461400783012216781,2,16,0.03,0.17,unacceptable,framework,insufficient_evidence,0.03125,0.0625,0.0625
low_support,59,1785077280852312700,2,16,0.03,0.17,unacceptable,pooled,insufficient_evidence,0.09375,0.125,0.0625
low_support,59,1785077280852312700,2,16,0.03,0.17,unacceptable,per_feature,insufficient_evidence,0.09375,0.125,0.0625
low_support,59,1785077280852312700,2,16,0.03,0.17,unacceptable,same_evidence,insufficient_evidence,0.09375,0.125,0.0625
low_support,59,1785077280852312700,2,16,0.03,0.17,unacceptable,framework,insufficient_evidence,0.09375,0.125,0.0625
low_support,60,3839519473279964458,2,16,0.03,0.17,unacceptable,pooled,insufficient_evidence,0.125,0.1875,0.0
low_support,60,3839519473279964458,2,16,0.03,0.17,unacceptable,per_feature,insufficient_evidence,0.125,0.1875,0.0
low_support,60,3839519473279964458,2,16,0.03,0.17,unacceptable,same_evidence,insufficient_evidence,0.125,0.1875,0.0
low_support,60,3839519473279964458,2,16,0.03,0.17,unacceptable,framework,insufficient_evidence,0.125,0.1875,0.0
low_support,61,4475617930706133385,2,16,0.03,0.17,unacceptable,pooled,insufficient_evidence,0.0,0.0625,0.0
low_support,61,4475617930706133385,2,16,0.03,0.17,unacceptable,per_feature,insufficient_evidence,0.0,0.0625,0.0
low_support,61,4475617930706133385,2,16,0.03,0.17,unacceptable,same_evidence,insufficient_evidence,0.0,0.0625,0.0
low_support,61,4475617930706133385,2,16,0.03,0.17,unacceptable,framework,insufficient_evidence,0.0,0.0625,0.0
low_support,62,3149976209246418537,2,16,0.03,0.17,unacceptable,pooled,insufficient_evidence,0.0,0.0625,0.0625
low_support,62,3149976209246418537,2,16,0.03,0.17,unacceptable,per_feature,insufficient_evidence,0.0,0.0625,0.0625
low_support,62,3149976209246418537,2,16,0.03,0.17,unacceptable,same_evidence,insufficient_evidence,0.0,0.0625,0.0625
low_support,62,3149976209246418537,2,16,0.03,0.17,unacceptable,framework,insufficient_evidence,0.0,0.0625,0.0625
low_support,63,3700114277296846491,2,16,0.03,0.17,unacceptable,pooled,insufficient_evidence,0.03125,0.0625,0.0625
low_support,63,3700114277296846491,2,16,0.03,0.17,unacceptable,per_feature,insufficient_evidence,0.03125,0.0625,0.0625
low_support,63,3700114277296846491,2,16,0.03,0.17,unacceptable,same_evidence,insufficient_evidence,0.03125,0.0625,0.0625
low_support,63,3700114277296846491,2,16,0.03,0.17,unacceptable,framework,insufficient_evidence,0.03125,0.0625,0.0625
low_support,64,1397965833732454602,2,16,0.03,0.17,unacceptable,pooled,insufficient_evidence,0.09375,0.125,0.0625
low_support,64,1397965833732454602,2,16,0.03,0.17,unacceptable,per_feature,insufficient_evidence,0.09375,0.125,0.0625
low_support,64,1397965833732454602,2,16,0.03,0.17,unacceptable,same_evidence,insufficient_evidence,0.09375,0.125,0.0625
low_support,64,1397965833732454602,2,16,0.03,0.17,unacceptable,framework,insufficient_evidence,0.09375,0.125,0.0625
low_support,65,1202827680510977996,2,16,0.03,0.17,unacceptable,pooled,insufficient_evidence,0.03125,0.0625,0.0
low_support,65,1202827680510977996,2,16,0.03,0.17,unacceptable,per_feature,insufficient_evidence,0.03125,0.0625,0.0
low_support,65,1202827680510977996,2,16,0.03,0.17,unacceptable,same_evidence,insufficient_evidence,0.03125,0.0625,0.0
low_support,65,1202827680510977996,2,16,0.03,0.17,unacceptable,framework,insufficient_evidence,0.03125,0.0625,0.0
low_support,66,2345132350562331648,2,16,0.03,0.17,unacceptable,pooled,insufficient_evidence,0.03125,0.0625,0.0625
low_support,66,2345132350562331648,2,16,0.03,0.17,unacceptable,per_feature,insufficient_evidence,0.03125,0.0625,0.0625
low_support,66,2345132350562331648,2,16,0.03,0.17,unacceptable,same_evidence,insufficient_evidence,0.03125,0.0625,0.0625
low_support,66,2345132350562331648,2,16,0.03,0.17,unacceptable,framework,insufficient_evidence,0.03125,0.0625,0.0625
low_support,67,2169900590172798747,2,16,0.03,0.17,unacceptable,pooled,insufficient_evidence,0.03125,0.0625,0.0
low_support,67,2169900590172798747,2,16,0.03,0.17,unacceptable,per_feature,insufficient_evidence,0.03125,0.0625,0.0
low_support,67,2169900590172798747,2,16,0.03,0.17,unacceptable,same_evidence,insufficient_evidence,0.03125,0.0625,0.0
low_support,67,2169900590172798747,2,16,0.03,0.17,unacceptable,framework,insufficient_evidence,0.03125,0.0625,0.0
low_support,68,1574990571160107752,2,16,0.03,0.17,unacceptable,pooled,insufficient_evidence,0.03125,0.0625,0.0
low_support,68,1574990571160107752,2,16,0.03,0.17,unacceptable,per_feature,insufficient_evidence,0.03125,0.0625,0.0
low_support,68,1574990571160107752,2,16,0.03,0.17,unacceptable,same_evidence,insufficient_evidence,0.03125,0.0625,0.0
low_support,68,1574990571160107752,2,16,0.03,0.17,unacceptable,framework,insufficient_evidence,0.03125,0.0625,0.0
low_support,69,2477262998627995557,2,16,0.03,0.17,unacceptable,pooled,insufficient_evidence,0.125,0.125,0.0
low_support,69,2477262998627995557,2,16,0.03,0.17,unacceptable,per_feature,insufficient_evidence,0.125,0.125,0.0
low_support,69,2477262998627995557,2,16,0.03,0.17,unacceptable,same_evidence,insufficient_evidence,0.125,0.125,0.0
low_support,69,2477262998627995557,2,16,0.03,0.17,unacceptable,framework,insufficient_evidence,0.125,0.125,0.0
low_support,70,1599666384939846580,2,16,0.03,0.17,unacceptable,pooled,insufficient_evidence,0.09375,0.125,0.0625
low_support,70,1599666384939846580,2,16,0.03,0.17,unacceptable,per_feature,insufficient_evidence,0.09375,0.125,0.0625
low_support,70,1599666384939846580,2,16,0.03,0.17,unacceptable,same_evidence,insufficient_evidence,0.09375,0.125,0.0625
low_support,70,1599666384939846580,2,16,0.03,0.17,unacceptable,framework,insufficient_evidence,0.09375,0.125,0.0625
low_support,71,1605619299710851097,2,16,0.03,0.17,unacceptable,pooled,insufficient_evidence,0.03125,0.0625,0.0
low_support,71,1605619299710851097,2,16,0.03,0.17,unacceptable,per_feature,insufficient_evidence,0.03125,0.0625,0.0
low_support,71,1605619299710851097,2,16,0.03,0.17,unacceptable,same_evidence,insufficient_evidence,0.03125,0.0625,0.0
low_support,71,1605619299710851097,2,16,0.03,0.17,unacceptable,framework,insufficient_evidence,0.03125,0.0625,0.0
low_support,72,2082559291980322553,2,16,0.03,0.17,unacceptable,pooled,insufficient_evidence,0.0625,0.125,0.0
low_support,72,2082559291980322553,2,16,0.03,0.17,unacceptable,per_feature,insufficient_evidence,0.0625,0.125,0.0
low_support,72,2082559291980322553,2,16,0.03,0.17,unacceptable,same_evidence,insufficient_evidence,0.0625,0.125,0.0
low_support,72,2082559291980322553,2,16,0.03,0.17,unacceptable,framework,insufficient_evidence,0.0625,0.125,0.0
low_support,73,824249371524286737,2,16,0.03,0.17,unacceptable,pooled,insufficient_evidence,0.0,0.0625,0.0625
low_support,73,824249371524286737,2,16,0.03,0.17,unacceptable,per_feature,insufficient_evidence,0.0,0.0625,0.0625
low_support,73,824249371524286737,2,16,0.03,0.17,unacceptable,same_evidence,insufficient_evidence,0.0,0.0625,0.0625
low_support,73,824249371524286737,2,16,0.03,0.17,unacceptable,framework,insufficient_evidence,0.0,0.0625,0.0625
low_support,74,4284653297347987912,2,16,0.03,0.17,unacceptable,pooled,insufficient_evidence,0.09375,0.125,0.0
low_support,74,4284653297347987912,2,16,0.03,0.17,unacceptable,per_feature,insufficient_evidence,0.09375,0.125,0.0
low_support,74,4284653297347987912,2,16,0.03,0.17,unacceptable,same_evidence,insufficient_evidence,0.09375,0.125,0.0
low_support,74,4284653297347987912,2,16,0.03,0.17,unacceptable,framework,insufficient_evidence,0.09375,0.125,0.0
low_support,75,1777392570442542966,2,16,0.03,0.17,unacceptable,pooled,insufficient_evidence,0.09375,0.125,0.0625
low_support,75,1777392570442542966,2,16,0.03,0.17,unacceptable,per_feature,insufficient_evidence,0.09375,0.125,0.0625
low_support,75,1777392570442542966,2,16,0.03,0.17,unacceptable,same_evidence,insufficient_evidence,0.09375,0.125,0.0625
low_support,75,1777392570442542966,2,16,0.03,0.17,unacceptable,framework,insufficient_evidence,0.09375,0.125,0.0625
low_support,76,1951990916294119677,2,16,0.03,0.17,unacceptable,pooled,insufficient_evidence,0.0625,0.1875,0.125
low_support,76,1951990916294119677,2,16,0.03,0.17,unacceptable,per_feature,insufficient_evidence,0.0625,0.1875,0.125
low_support,76,1951990916294119677,2,16,0.03,0.17,unacceptable,same_evidence,insufficient_evidence,0.0625,0.1875,0.125
low_support,76,1951990916294119677,2,16,0.03,0.17,unacceptable,framework,insufficient_evidence,0.0625,0.1875,0.125
low_support,77,4340024374075250433,2,16,0.03,0.17,unacceptable,pooled,insufficient_evidence,0.125,0.1875,0.0
low_support,77,4340024374075250433,2,16,0.03,0.17,unacceptable,per_feature,insufficient_evidence,0.125,0.1875,0.0
low_support,77,4340024374075250433,2,16,0.03,0.17,unacceptable,same_evidence,insufficient_evidence,0.125,0.1875,0.0
low_support,77,4340024374075250433,2,16,0.03,0.17,unacceptable,framework,insufficient_evidence,0.125,0.1875,0.0
low_support,78,4231757874114027767,2,16,0.03,0.17,unacceptable,pooled,insufficient_evidence,0.03125,0.0625,0.0
low_support,78,4231757874114027767,2,16,0.03,0.17,unacceptable,per_feature,insufficient_evidence,0.03125,0.0625,0.0
low_support,78,4231757874114027767,2,16,0.03,0.17,unacceptable,same_evidence,insufficient_evidence,0.03125,0.0625,0.0
low_support,78,4231757874114027767,2,16,0.03,0.17,unacceptable,framework,insufficient_evidence,0.03125,0.0625,0.0
low_support,79,1203493934679949192,2,16,0.03,0.17,unacceptable,pooled,insufficient_evidence,0.0625,0.0625,0.0
low_support,79,1203493934679949192,2,16,0.03,0.17,unacceptable,per_feature,insufficient_evidence,0.0625,0.0625,0.0
low_support,79,1203493934679949192,2,16,0.03,0.17,unacceptable,same_evidence,insufficient_evidence,0.0625,0.0625,0.0
low_support,79,1203493934679949192,2,16,0.03,0.17,unacceptable,framework,insufficient_evidence,0.0625,0.0625,0.0
low_support,80,1629324376429355324,2,16,0.03,0.17,unacceptable,pooled,insufficient_evidence,0.125,0.1875,0.125
low_support,80,1629324376429355324,2,16,0.03,0.17,unacceptable,per_feature,insufficient_evidence,0.125,0.1875,0.125
low_support,80,1629324376429355324,2,16,0.03,0.17,unacceptable,same_evidence,insufficient_evidence,0.125,0.1875,0.125
low_support,80,1629324376429355324,2,16,0.03,0.17,unacceptable,framework,insufficient_evidence,0.125,0.1875,0.125
low_support,81,2735648555886098174,2,16,0.03,0.17,unacceptable,pooled,insufficient_evidence,0.0625,0.1875,0.0625
low_support,81,2735648555886098174,2,16,0.03,0.17,unacceptable,per_feature,insufficient_evidence,0.0625,0.1875,0.0625
low_support,81,2735648555886098174,2,16,0.03,0.17,unacceptable,same_evidence,insufficient_evidence,0.0625,0.1875,0.0625
low_support,81,2735648555886098174,2,16,0.03,0.17,unacceptable,framework,insufficient_evidence,0.0625,0.1875,0.0625
low_support,82,2487103054258103406,2,16,0.03,0.17,unacceptable,pooled,insufficient_evidence,0.0625,0.0625,0.0
low_support,82,2487103054258103406,2,16,0.03,0.17,unacceptable,per_feature,insufficient_evidence,0.0625,0.0625,0.0
low_support,82,2487103054258103406,2,16,0.03,0.17,unacceptable,same_evidence,insufficient_evidence,0.0625,0.0625,0.0
low_support,82,2487103054258103406,2,16,0.03,0.17,unacceptable,framework,insufficient_evidence,0.0625,0.0625,0.0
low_support,83,4359246897634785675,2,16,0.03,0.17,unacceptable,pooled,insufficient_evidence,0.125,0.1875,0.0625
low_support,83,4359246897634785675,2,16,0.03,0.17,unacceptable,per_feature,insufficient_evidence,0.125,0.1875,0.0625
low_support,83,4359246897634785675,2,16,0.03,0.17,unacceptable,same_evidence,insufficient_evidence,0.125,0.1875,0.0625
low_support,83,4359246897634785675,2,16,0.03,0.17,unacceptable,framework,insufficient_evidence,0.125,0.1875,0.0625
low_support,84,1781138769979557439,2,16,0.03,0.17,unacceptable,pooled,insufficient_evidence,0.09375,0.125,0.125
low_support,84,1781138769979557439,2,16,0.03,0.17,unacceptable,per_feature,insufficient_evidence,0.09375,0.125,0.125
low_support,84,1781138769979557439,2,16,0.03,0.17,unacceptable,same_evidence,insufficient_evidence,0.09375,0.125,0.125
low_support,84,1781138769979557439,2,16,0.03,0.17,unacceptable,framework,insufficient_evidence,0.09375,0.125,0.125
low_support,85,152009221927250118,2,16,0.03,0.17,unacceptable,pooled,insufficient_evidence,0.0625,0.0625,0.0625
low_support,85,152009221927250118,2,16,0.03,0.17,unacceptable,per_feature,insufficient_evidence,0.0625,0.0625,0.0625
low_support,85,152009221927250118,2,16,0.03,0.17,unacceptable,same_evidence,insufficient_evidence,0.0625,0.0625,0.0625
low_support,85,152009221927250118,2,16,0.03,0.17,unacceptable,framework,insufficient_evidence,0.0625,0.0625,0.0625
low_support,86,247569927994919910,2,16,0.03,0.17,unacceptable,pooled,insufficient_evidence,0.0625,0.0625,0.0625
low_support,86,247569927994919910,2,16,0.03,0.17,unacceptable,per_feature,insufficient_evidence,0.0625,0.0625,0.0625
low_support,86,247569927994919910,2,16,0.03,0.17,unacceptable,same_evidence,insufficient_evidence,0.0625,0.0625,0.0625
low_support,86,247569927994919910,2,16,0.03,0.17,unacceptable,framework,insufficient_evidence,0.0625,0.0625,0.0625
low_support,87,2879413269516642001,2,16,0.03,0.17,unacceptable,pooled,insufficient_evidence,0.03125,0.0625,0.0
low_support,87,2879413269516642001,2,16,0.03,0.17,unacceptable,per_feature,insufficient_evidence,0.03125,0.0625,0.0
low_support,87,2879413269516642001,2,16,0.03,0.17,unacceptable,same_evidence,insufficient_evidence,0.03125,0.0625,0.0
low_support,87,2879413269516642001,2,16,0.03,0.17,unacceptable,framework,insufficient_evidence,0.03125,0.0625,0.0
low_support,88,2289220291364378147,2,16,0.03,0.17,unacceptable,pooled,insufficient_evidence,0.125,0.1875,0.0
low_support,88,2289220291364378147,2,16,0.03,0.17,unacceptable,per_feature,insufficient_evidence,0.125,0.1875,0.0
low_support,88,2289220291364378147,2,16,0.03,0.17,unacceptable,same_evidence,insufficient_evidence,0.125,0.1875,0.0
low_support,88,2289220291364378147,2,16,0.03,0.17,unacceptable,framework,insufficient_evidence,0.125,0.1875,0.0
low_support,89,1444120851984219454,2,16,0.03,0.17,unacceptable,pooled,insufficient_evidence,0.03125,0.125,0.0
low_support,89,1444120851984219454,2,16,0.03,0.17,unacceptable,per_feature,insufficient_evidence,0.03125,0.125,0.0
low_support,89,1444120851984219454,2,16,0.03,0.17,unacceptable,same_evidence,insufficient_evidence,0.03125,0.125,0.0
low_support,89,1444120851984219454,2,16,0.03,0.17,unacceptable,framework,insufficient_evidence,0.03125,0.125,0.0
low_support,90,152970680678754482,2,16,0.03,0.17,unacceptable,pooled,insufficient_evidence,0.0625,0.125,0.0
low_support,90,152970680678754482,2,16,0.03,0.17,unacceptable,per_feature,insufficient_evidence,0.0625,0.125,0.0
low_support,90,152970680678754482,2,16,0.03,0.17,unacceptable,same_evidence,insufficient_evidence,0.0625,0.125,0.0
low_support,90,152970680678754482,2,16,0.03,0.17,unacceptable,framework,insufficient_evidence,0.0625,0.125,0.0
low_support,91,2026589655556254356,2,16,0.03,0.17,unacceptable,pooled,insufficient_evidence,0.03125,0.0625,0.125
low_support,91,2026589655556254356,2,16,0.03,0.17,unacceptable,per_feature,insufficient_evidence,0.03125,0.0625,0.125
low_support,91,2026589655556254356,2,16,0.03,0.17,unacceptable,same_evidence,insufficient_evidence,0.03125,0.0625,0.125
low_support,91,2026589655556254356,2,16,0.03,0.17,unacceptable,framework,insufficient_evidence,0.03125,0.0625,0.125
low_support,92,1518115905487675596,2,16,0.03,0.17,unacceptable,pooled,insufficient_evidence,0.03125,0.0625,0.0625
low_support,92,1518115905487675596,2,16,0.03,0.17,unacceptable,per_feature,insufficient_evidence,0.03125,0.0625,0.0625
low_support,92,1518115905487675596,2,16,0.03,0.17,unacceptable,same_evidence,insufficient_evidence,0.03125,0.0625,0.0625
low_support,92,1518115905487675596,2,16,0.03,0.17,unacceptable,framework,insufficient_evidence,0.03125,0.0625,0.0625
low_support,93,64184838655065464,2,16,0.03,0.17,unacceptable,pooled,insufficient_evidence,0.0625,0.0625,0.0625
low_support,93,64184838655065464,2,16,0.03,0.17,unacceptable,per_feature,insufficient_evidence,0.0625,0.0625,0.0625
low_support,93,64184838655065464,2,16,0.03,0.17,unacceptable,same_evidence,insufficient_evidence,0.0625,0.0625,0.0625
low_support,93,64184838655065464,2,16,0.03,0.17,unacceptable,framework,insufficient_evidence,0.0625,0.0625,0.0625
low_support,94,3404952277295346845,2,16,0.03,0.17,unacceptable,pooled,insufficient_evidence,0.03125,0.0625,0.0
low_support,94,3404952277295346845,2,16,0.03,0.17,unacceptable,per_feature,insufficient_evidence,0.03125,0.0625,0.0
low_support,94,3404952277295346845,2,16,0.03,0.17,unacceptable,same_evidence,insufficient_evidence,0.03125,0.0625,0.0
low_support,94,3404952277295346845,2,16,0.03,0.17,unacceptable,framework,insufficient_evidence,0.03125,0.0625,0.0
low_support,95,1637041433442773104,2,16,0.03,0.17,unacceptable,pooled,insufficient_evidence,0.21875,0.25,0.1875
low_support,95,1637041433442773104,2,16,0.03,0.17,unacceptable,per_feature,insufficient_evidence,0.21875,0.25,0.1875
low_support,95,1637041433442773104,2,16,0.03,0.17,unacceptable,same_evidence,insufficient_evidence,0.21875,0.25,0.1875
low_support,95,1637041433442773104,2,16,0.03,0.17,unacceptable,framework,insufficient_evidence,0.21875,0.25,0.1875
low_support,96,3718583595262881824,2,16,0.03,0.17,unacceptable,pooled,insufficient_evidence,0.09375,0.125,0.0
low_support,96,3718583595262881824,2,16,0.03,0.17,unacceptable,per_feature,insufficient_evidence,0.09375,0.125,0.0
low_support,96,3718583595262881824,2,16,0.03,0.17,unacceptable,same_evidence,insufficient_evidence,0.09375,0.125,0.0
low_support,96,3718583595262881824,2,16,0.03,0.17,unacceptable,framework,insufficient_evidence,0.09375,0.125,0.0
low_support,97,3724716072936389828,2,16,0.03,0.17,unacceptable,pooled,insufficient_evidence,0.0625,0.0625,0.0
low_support,97,3724716072936389828,2,16,0.03,0.17,unacceptable,per_feature,insufficient_evidence,0.0625,0.0625,0.0
low_support,97,3724716072936389828,2,16,0.03,0.17,unacceptable,same_evidence,insufficient_evidence,0.0625,0.0625,0.0
low_support,97,3724716072936389828,2,16,0.03,0.17,unacceptable,framework,insufficient_evidence,0.0625,0.0625,0.0
low_support,98,1777078133899643480,2,16,0.03,0.17,unacceptable,pooled,insufficient_evidence,0.0625,0.125,0.0625
low_support,98,1777078133899643480,2,16,0.03,0.17,unacceptable,per_feature,insufficient_evidence,0.0625,0.125,0.0625
low_support,98,1777078133899643480,2,16,0.03,0.17,unacceptable,same_evidence,insufficient_evidence,0.0625,0.125,0.0625
low_support,98,1777078133899643480,2,16,0.03,0.17,unacceptable,framework,insufficient_evidence,0.0625,0.125,0.0625
low_support,99,4115794630514453392,2,16,0.03,0.17,unacceptable,pooled,insufficient_evidence,0.125,0.1875,0.125
low_support,99,4115794630514453392,2,16,0.03,0.17,unacceptable,per_feature,insufficient_evidence,0.125,0.1875,0.125
low_support,99,4115794630514453392,2,16,0.03,0.17,unacceptable,same_evidence,insufficient_evidence,0.125,0.1875,0.125
low_support,99,4115794630514453392,2,16,0.03,0.17,unacceptable,framework,insufficient_evidence,0.125,0.1875,0.125
low_support,0,1264097778364634027,2,16,0.0,0.2,unacceptable,pooled,insufficient_evidence,0.125,0.25,0.0625
low_support,0,1264097778364634027,2,16,0.0,0.2,unacceptable,per_feature,insufficient_evidence,0.125,0.25,0.0625
low_support,0,1264097778364634027,2,16,0.0,0.2,unacceptable,same_evidence,insufficient_evidence,0.125,0.25,0.0625
low_support,0,1264097778364634027,2,16,0.0,0.2,unacceptable,framework,insufficient_evidence,0.125,0.25,0.0625
low_support,1,191637110814631855,2,16,0.0,0.2,unacceptable,pooled,insufficient_evidence,0.0625,0.1875,0.0625
low_support,1,191637110814631855,2,16,0.0,0.2,unacceptable,per_feature,insufficient_evidence,0.0625,0.1875,0.0625
low_support,1,191637110814631855,2,16,0.0,0.2,unacceptable,same_evidence,insufficient_evidence,0.0625,0.1875,0.0625
low_support,1,191637110814631855,2,16,0.0,0.2,unacceptable,framework,insufficient_evidence,0.0625,0.1875,0.0625
low_support,2,1825917185563589536,2,16,0.0,0.2,unacceptable,pooled,insufficient_evidence,0.03125,0.0625,0.0
low_support,2,1825917185563589536,2,16,0.0,0.2,unacceptable,per_feature,insufficient_evidence,0.03125,0.0625,0.0
low_support,2,1825917185563589536,2,16,0.0,0.2,unacceptable,same_evidence,insufficient_evidence,0.03125,0.0625,0.0
low_support,2,1825917185563589536,2,16,0.0,0.2,unacceptable,framework,insufficient_evidence,0.03125,0.0625,0.0
low_support,3,4144769605538544496,2,16,0.0,0.2,unacceptable,pooled,insufficient_evidence,0.1875,0.25,0.1875
low_support,3,4144769605538544496,2,16,0.0,0.2,unacceptable,per_feature,insufficient_evidence,0.1875,0.25,0.1875
low_support,3,4144769605538544496,2,16,0.0,0.2,unacceptable,same_evidence,insufficient_evidence,0.1875,0.25,0.1875
low_support,3,4144769605538544496,2,16,0.0,0.2,unacceptable,framework,insufficient_evidence,0.1875,0.25,0.1875
low_support,4,1803017652361151717,2,16,0.0,0.2,unacceptable,pooled,insufficient_evidence,0.03125,0.0625,0.0625
low_support,4,1803017652361151717,2,16,0.0,0.2,unacceptable,per_feature,insufficient_evidence,0.03125,0.0625,0.0625
low_support,4,1803017652361151717,2,16,0.0,0.2,unacceptable,same_evidence,insufficient_evidence,0.03125,0.0625,0.0625
low_support,4,1803017652361151717,2,16,0.0,0.2,unacceptable,framework,insufficient_evidence,0.03125,0.0625,0.0625
low_support,5,440407703433863176,2,16,0.0,0.2,unacceptable,pooled,insufficient_evidence,0.0625,0.125,0.0
low_support,5,440407703433863176,2,16,0.0,0.2,unacceptable,per_feature,insufficient_evidence,0.0625,0.125,0.0
low_support,5,440407703433863176,2,16,0.0,0.2,unacceptable,same_evidence,insufficient_evidence,0.0625,0.125,0.0
low_support,5,440407703433863176,2,16,0.0,0.2,unacceptable,framework,insufficient_evidence,0.0625,0.125,0.0
low_support,6,4387534591331979305,2,16,0.0,0.2,unacceptable,pooled,insufficient_evidence,0.03125,0.0625,0.0
low_support,6,4387534591331979305,2,16,0.0,0.2,unacceptable,per_feature,insufficient_evidence,0.03125,0.0625,0.0
low_support,6,4387534591331979305,2,16,0.0,0.2,unacceptable,same_evidence,insufficient_evidence,0.03125,0.0625,0.0
low_support,6,4387534591331979305,2,16,0.0,0.2,unacceptable,framework,insufficient_evidence,0.03125,0.0625,0.0
low_support,7,2364048682074198886,2,16,0.0,0.2,unacceptable,pooled,insufficient_evidence,0.0,0.125,0.0
low_support,7,2364048682074198886,2,16,0.0,0.2,unacceptable,per_feature,insufficient_evidence,0.0,0.125,0.0
low_support,7,2364048682074198886,2,16,0.0,0.2,unacceptable,same_evidence,insufficient_evidence,0.0,0.125,0.0
low_support,7,2364048682074198886,2,16,0.0,0.2,unacceptable,framework,insufficient_evidence,0.0,0.125,0.0
low_support,8,487391857976707178,2,16,0.0,0.2,unacceptable,pooled,insufficient_evidence,0.0625,0.125,0.0625
low_support,8,487391857976707178,2,16,0.0,0.2,unacceptable,per_feature,insufficient_evidence,0.0625,0.125,0.0625
low_support,8,487391857976707178,2,16,0.0,0.2,unacceptable,same_evidence,insufficient_evidence,0.0625,0.125,0.0625
low_support,8,487391857976707178,2,16,0.0,0.2,unacceptable,framework,insufficient_evidence,0.0625,0.125,0.0625
low_support,9,4593711560648294150,2,16,0.0,0.2,unacceptable,pooled,insufficient_evidence,0.0625,0.0625,0.0625
low_support,9,4593711560648294150,2,16,0.0,0.2,unacceptable,per_feature,insufficient_evidence,0.0625,0.0625,0.0625
low_support,9,4593711560648294150,2,16,0.0,0.2,unacceptable,same_evidence,insufficient_evidence,0.0625,0.0625,0.0625
low_support,9,4593711560648294150,2,16,0.0,0.2,unacceptable,framework,insufficient_evidence,0.0625,0.0625,0.0625
low_support,10,1923890773845930256,2,16,0.0,0.2,unacceptable,pooled,insufficient_evidence,0.09375,0.125,0.0625
low_support,10,1923890773845930256,2,16,0.0,0.2,unacceptable,per_feature,insufficient_evidence,0.09375,0.125,0.0625
low_support,10,1923890773845930256,2,16,0.0,0.2,unacceptable,same_evidence,insufficient_evidence,0.09375,0.125,0.0625
low_support,10,1923890773845930256,2,16,0.0,0.2,unacceptable,framework,insufficient_evidence,0.09375,0.125,0.0625
low_support,11,1854784330889156878,2,16,0.0,0.2,unacceptable,pooled,insufficient_evidence,0.03125,0.0625,0.0
low_support,11,1854784330889156878,2,16,0.0,0.2,unacceptable,per_feature,insufficient_evidence,0.03125,0.0625,0.0
low_support,11,1854784330889156878,2,16,0.0,0.2,unacceptable,same_evidence,insufficient_evidence,0.03125,0.0625,0.0
low_support,11,1854784330889156878,2,16,0.0,0.2,unacceptable,framework,insufficient_evidence,0.03125,0.0625,0.0
low_support,12,4540533865554130102,2,16,0.0,0.2,unacceptable,pooled,insufficient_evidence,0.03125,0.0625,0.0625
low_support,12,4540533865554130102,2,16,0.0,0.2,unacceptable,per_feature,insufficient_evidence,0.03125,0.0625,0.0625
low_support,12,4540533865554130102,2,16,0.0,0.2,unacceptable,same_evidence,insufficient_evidence,0.03125,0.0625,0.0625
low_support,12,4540533865554130102,2,16,0.0,0.2,unacceptable,framework,insufficient_evidence,0.03125,0.0625,0.0625
low_support,13,823808733507712714,2,16,0.0,0.2,unacceptable,pooled,insufficient_evidence,0.03125,0.125,0.0
low_support,13,823808733507712714,2,16,0.0,0.2,unacceptable,per_feature,insufficient_evidence,0.03125,0.125,0.0
low_support,13,823808733507712714,2,16,0.0,0.2,unacceptable,same_evidence,insufficient_evidence,0.03125,0.125,0.0
low_support,13,823808733507712714,2,16,0.0,0.2,unacceptable,framework,insufficient_evidence,0.03125,0.125,0.0
low_support,14,259589328100485278,2,16,0.0,0.2,unacceptable,pooled,insufficient_evidence,0.21875,0.375,0.125
low_support,14,259589328100485278,2,16,0.0,0.2,unacceptable,per_feature,insufficient_evidence,0.21875,0.375,0.125
low_support,14,259589328100485278,2,16,0.0,0.2,unacceptable,same_evidence,insufficient_evidence,0.21875,0.375,0.125
low_support,14,259589328100485278,2,16,0.0,0.2,unacceptable,framework,insufficient_evidence,0.21875,0.375,0.125
low_support,15,3110094210712350039,2,16,0.0,0.2,unacceptable,pooled,insufficient_evidence,0.09375,0.1875,0.0
low_support,15,3110094210712350039,2,16,0.0,0.2,unacceptable,per_feature,insufficient_evidence,0.09375,0.1875,0.0
low_support,15,3110094210712350039,2,16,0.0,0.2,unacceptable,same_evidence,insufficient_evidence,0.09375,0.1875,0.0
low_support,15,3110094210712350039,2,16,0.0,0.2,unacceptable,framework,insufficient_evidence,0.09375,0.1875,0.0
low_support,16,57898173620923066,2,16,0.0,0.2,unacceptable,pooled,insufficient_evidence,0.03125,0.125,0.0625
low_support,16,57898173620923066,2,16,0.0,0.2,unacceptable,per_feature,insufficient_evidence,0.03125,0.125,0.0625
low_support,16,57898173620923066,2,16,0.0,0.2,unacceptable,same_evidence,insufficient_evidence,0.03125,0.125,0.0625
low_support,16,57898173620923066,2,16,0.0,0.2,unacceptable,framework,insufficient_evidence,0.03125,0.125,0.0625
low_support,17,1651008757085739056,2,16,0.0,0.2,unacceptable,pooled,insufficient_evidence,0.0,0.0,0.0
low_support,17,1651008757085739056,2,16,0.0,0.2,unacceptable,per_feature,insufficient_evidence,0.0,0.0,0.0
low_support,17,1651008757085739056,2,16,0.0,0.2,unacceptable,same_evidence,insufficient_evidence,0.0,0.0,0.0
low_support,17,1651008757085739056,2,16,0.0,0.2,unacceptable,framework,insufficient_evidence,0.0,0.0,0.0
low_support,18,1253821009418818497,2,16,0.0,0.2,unacceptable,pooled,insufficient_evidence,0.03125,0.125,0.0
low_support,18,1253821009418818497,2,16,0.0,0.2,unacceptable,per_feature,insufficient_evidence,0.03125,0.125,0.0
low_support,18,1253821009418818497,2,16,0.0,0.2,unacceptable,same_evidence,insufficient_evidence,0.03125,0.125,0.0
low_support,18,1253821009418818497,2,16,0.0,0.2,unacceptable,framework,insufficient_evidence,0.03125,0.125,0.0
low_support,19,1739193299255338011,2,16,0.0,0.2,unacceptable,pooled,insufficient_evidence,0.03125,0.1875,0.0625
low_support,19,1739193299255338011,2,16,0.0,0.2,unacceptable,per_feature,insufficient_evidence,0.03125,0.1875,0.0625
low_support,19,1739193299255338011,2,16,0.0,0.2,unacceptable,same_evidence,insufficient_evidence,0.03125,0.1875,0.0625
low_support,19,1739193299255338011,2,16,0.0,0.2,unacceptable,framework,insufficient_evidence,0.03125,0.1875,0.0625
low_support,20,3680348765779800120,2,16,0.0,0.2,unacceptable,pooled,insufficient_evidence,0.03125,0.0625,0.125
low_support,20,3680348765779800120,2,16,0.0,0.2,unacceptable,per_feature,insufficient_evidence,0.03125,0.0625,0.125
low_support,20,3680348765779800120,2,16,0.0,0.2,unacceptable,same_evidence,insufficient_evidence,0.03125,0.0625,0.125
low_support,20,3680348765779800120,2,16,0.0,0.2,unacceptable,framework,insufficient_evidence,0.03125,0.0625,0.125
low_support,21,3490956962187957073,2,16,0.0,0.2,unacceptable,pooled,insufficient_evidence,0.03125,0.0625,0.0625
low_support,21,3490956962187957073,2,16,0.0,0.2,unacceptable,per_feature,insufficient_evidence,0.03125,0.0625,0.0625
low_support,21,3490956962187957073,2,16,0.0,0.2,unacceptable,same_evidence,insufficient_evidence,0.03125,0.0625,0.0625
low_support,21,3490956962187957073,2,16,0.0,0.2,unacceptable,framework,insufficient_evidence,0.03125,0.0625,0.0625
low_support,22,1297232574053757375,2,16,0.0,0.2,unacceptable,pooled,insufficient_evidence,0.0,0.0,0.0625
low_support,22,1297232574053757375,2,16,0.0,0.2,unacceptable,per_feature,insufficient_evidence,0.0,0.0,0.0625
low_support,22,1297232574053757375,2,16,0.0,0.2,unacceptable,same_evidence,insufficient_evidence,0.0,0.0,0.0625
low_support,22,1297232574053757375,2,16,0.0,0.2,unacceptable,framework,insufficient_evidence,0.0,0.0,0.0625
low_support,23,1432306339463513683,2,16,0.0,0.2,unacceptable,pooled,insufficient_evidence,0.0625,0.0625,0.0
low_support,23,1432306339463513683,2,16,0.0,0.2,unacceptable,per_feature,insufficient_evidence,0.0625,0.0625,0.0
low_support,23,1432306339463513683,2,16,0.0,0.2,unacceptable,same_evidence,insufficient_evidence,0.0625,0.0625,0.0
low_support,23,1432306339463513683,2,16,0.0,0.2,unacceptable,framework,insufficient_evidence,0.0625,0.0625,0.0
low_support,24,675218519112984288,2,16,0.0,0.2,unacceptable,pooled,insufficient_evidence,0.03125,0.125,0.0
low_support,24,675218519112984288,2,16,0.0,0.2,unacceptable,per_feature,insufficient_evidence,0.03125,0.125,0.0
low_support,24,675218519112984288,2,16,0.0,0.2,unacceptable,same_evidence,insufficient_evidence,0.03125,0.125,0.0
low_support,24,675218519112984288,2,16,0.0,0.2,unacceptable,framework,insufficient_evidence,0.03125,0.125,0.0
low_support,25,651861524693741225,2,16,0.0,0.2,unacceptable,pooled,insufficient_evidence,0.09375,0.125,0.0625
low_support,25,651861524693741225,2,16,0.0,0.2,unacceptable,per_feature,insufficient_evidence,0.09375,0.125,0.0625
low_support,25,651861524693741225,2,16,0.0,0.2,unacceptable,same_evidence,insufficient_evidence,0.09375,0.125,0.0625
low_support,25,651861524693741225,2,16,0.0,0.2,unacceptable,framework,insufficient_evidence,0.09375,0.125,0.0625
low_support,26,493643485647825416,2,16,0.0,0.2,unacceptable,pooled,insufficient_evidence,0.0,0.0625,0.1875
low_support,26,493643485647825416,2,16,0.0,0.2,unacceptable,per_feature,insufficient_evidence,0.0,0.0625,0.1875
low_support,26,493643485647825416,2,16,0.0,0.2,unacceptable,same_evidence,insufficient_evidence,0.0,0.0625,0.1875
low_support,26,493643485647825416,2,16,0.0,0.2,unacceptable,framework,insufficient_evidence,0.0,0.0625,0.1875
low_support,27,1450298432058836137,2,16,0.0,0.2,unacceptable,pooled,insufficient_evidence,0.125,0.125,0.0
low_support,27,1450298432058836137,2,16,0.0,0.2,unacceptable,per_feature,insufficient_evidence,0.125,0.125,0.0
low_support,27,1450298432058836137,2,16,0.0,0.2,unacceptable,same_evidence,insufficient_evidence,0.125,0.125,0.0
low_support,27,1450298432058836137,2,16,0.0,0.2,unacceptable,framework,insufficient_evidence,0.125,0.125,0.0
low_support,28,2216981401521164880,2,16,0.0,0.2,unacceptable,pooled,insufficient_evidence,0.0625,0.125,0.0625
low_support,28,2216981401521164880,2,16,0.0,0.2,unacceptable,per_feature,insufficient_evidence,0.0625,0.125,0.0625
low_support,28,2216981401521164880,2,16,0.0,0.2,unacceptable,same_evidence,insufficient_evidence,0.0625,0.125,0.0625
low_support,28,2216981401521164880,2,16,0.0,0.2,unacceptable,framework,insufficient_evidence,0.0625,0.125,0.0625
low_support,29,2004204280875030323,2,16,0.0,0.2,unacceptable,pooled,insufficient_evidence,0.125,0.125,0.125
low_support,29,2004204280875030323,2,16,0.0,0.2,unacceptable,per_feature,insufficient_evidence,0.125,0.125,0.125
low_support,29,2004204280875030323,2,16,0.0,0.2,unacceptable,same_evidence,insufficient_evidence,0.125,0.125,0.125
low_support,29,2004204280875030323,2,16,0.0,0.2,unacceptable,framework,insufficient_evidence,0.125,0.125,0.125
low_support,30,2945113600875134504,2,16,0.0,0.2,unacceptable,pooled,insufficient_evidence,0.03125,0.0625,0.0
low_support,30,2945113600875134504,2,16,0.0,0.2,unacceptable,per_feature,insufficient_evidence,0.03125,0.0625,0.0
low_support,30,2945113600875134504,2,16,0.0,0.2,unacceptable,same_evidence,insufficient_evidence,0.03125,0.0625,0.0
low_support,30,2945113600875134504,2,16,0.0,0.2,unacceptable,framework,insufficient_evidence,0.03125,0.0625,0.0
low_support,31,2653322066925292289,2,16,0.0,0.2,unacceptable,pooled,insufficient_evidence,0.0,0.0625,0.0625
low_support,31,2653322066925292289,2,16,0.0,0.2,unacceptable,per_feature,insufficient_evidence,0.0,0.0625,0.0625
low_support,31,2653322066925292289,2,16,0.0,0.2,unacceptable,same_evidence,insufficient_evidence,0.0,0.0625,0.0625
low_support,31,2653322066925292289,2,16,0.0,0.2,unacceptable,framework,insufficient_evidence,0.0,0.0625,0.0625
low_support,32,157914844083874127,2,16,0.0,0.2,unacceptable,pooled,insufficient_evidence,0.03125,0.0625,0.0
low_support,32,157914844083874127,2,16,0.0,0.2,unacceptable,per_feature,insufficient_evidence,0.03125,0.0625,0.0
low_support,32,157914844083874127,2,16,0.0,0.2,unacceptable,same_evidence,insufficient_evidence,0.03125,0.0625,0.0
low_support,32,157914844083874127,2,16,0.0,0.2,unacceptable,framework,insufficient_evidence,0.03125,0.0625,0.0
low_support,33,4158339498577767132,2,16,0.0,0.2,unacceptable,pooled,insufficient_evidence,0.0,0.0625,0.0625
low_support,33,4158339498577767132,2,16,0.0,0.2,unacceptable,per_feature,insufficient_evidence,0.0,0.0625,0.0625
low_support,33,4158339498577767132,2,16,0.0,0.2,unacceptable,same_evidence,insufficient_evidence,0.0,0.0625,0.0625
low_support,33,4158339498577767132,2,16,0.0,0.2,unacceptable,framework,insufficient_evidence,0.0,0.0625,0.0625
low_support,34,3349220691690519459,2,16,0.0,0.2,unacceptable,pooled,insufficient_evidence,0.03125,0.1875,0.0
low_support,34,3349220691690519459,2,16,0.0,0.2,unacceptable,per_feature,insufficient_evidence,0.03125,0.1875,0.0
low_support,34,3349220691690519459,2,16,0.0,0.2,unacceptable,same_evidence,insufficient_evidence,0.03125,0.1875,0.0
low_support,34,3349220691690519459,2,16,0.0,0.2,unacceptable,framework,insufficient_evidence,0.03125,0.1875,0.0
low_support,35,1603905471428515200,2,16,0.0,0.2,unacceptable,pooled,insufficient_evidence,0.03125,0.0625,0.0625
low_support,35,1603905471428515200,2,16,0.0,0.2,unacceptable,per_feature,insufficient_evidence,0.03125,0.0625,0.0625
low_support,35,1603905471428515200,2,16,0.0,0.2,unacceptable,same_evidence,insufficient_evidence,0.03125,0.0625,0.0625
low_support,35,1603905471428515200,2,16,0.0,0.2,unacceptable,framework,insufficient_evidence,0.03125,0.0625,0.0625
low_support,36,2328359055644328050,2,16,0.0,0.2,unacceptable,pooled,insufficient_evidence,0.03125,0.125,0.0625
low_support,36,2328359055644328050,2,16,0.0,0.2,unacceptable,per_feature,insufficient_evidence,0.03125,0.125,0.0625
low_support,36,2328359055644328050,2,16,0.0,0.2,unacceptable,same_evidence,insufficient_evidence,0.03125,0.125,0.0625
low_support,36,2328359055644328050,2,16,0.0,0.2,unacceptable,framework,insufficient_evidence,0.03125,0.125,0.0625
low_support,37,3581616281662233240,2,16,0.0,0.2,unacceptable,pooled,insufficient_evidence,0.0625,0.125,0.0
low_support,37,3581616281662233240,2,16,0.0,0.2,unacceptable,per_feature,insufficient_evidence,0.0625,0.125,0.0
low_support,37,3581616281662233240,2,16,0.0,0.2,unacceptable,same_evidence,insufficient_evidence,0.0625,0.125,0.0
low_support,37,3581616281662233240,2,16,0.0,0.2,unacceptable,framework,insufficient_evidence,0.0625,0.125,0.0
low_support,38,2568274186935894350,2,16,0.0,0.2,unacceptable,pooled,insufficient_evidence,0.03125,0.0625,0.0625
low_support,38,2568274186935894350,2,16,0.0,0.2,unacceptable,per_feature,insufficient_evidence,0.03125,0.0625,0.0625
low_support,38,2568274186935894350,2,16,0.0,0.2,unacceptable,same_evidence,insufficient_evidence,0.03125,0.0625,0.0625
low_support,38,2568274186935894350,2,16,0.0,0.2,unacceptable,framework,insufficient_evidence,0.03125,0.0625,0.0625
low_support,39,2810134154977611570,2,16,0.0,0.2,unacceptable,pooled,insufficient_evidence,0.0625,0.125,0.0625
low_support,39,2810134154977611570,2,16,0.0,0.2,unacceptable,per_feature,insufficient_evidence,0.0625,0.125,0.0625
low_support,39,2810134154977611570,2,16,0.0,0.2,unacceptable,same_evidence,insufficient_evidence,0.0625,0.125,0.0625
low_support,39,2810134154977611570,2,16,0.0,0.2,unacceptable,framework,insufficient_evidence,0.0625,0.125,0.0625
low_support,40,722633087319910672,2,16,0.0,0.2,unacceptable,pooled,insufficient_evidence,0.0,0.0,0.0625
low_support,40,722633087319910672,2,16,0.0,0.2,unacceptable,per_feature,insufficient_evidence,0.0,0.0,0.0625
low_support,40,722633087319910672,2,16,0.0,0.2,unacceptable,same_evidence,insufficient_evidence,0.0,0.0,0.0625
low_support,40,722633087319910672,2,16,0.0,0.2,unacceptable,framework,insufficient_evidence,0.0,0.0,0.0625
low_support,41,649476671900374608,2,16,0.0,0.2,unacceptable,pooled,insufficient_evidence,0.03125,0.125,0.125
low_support,41,649476671900374608,2,16,0.0,0.2,unacceptable,per_feature,insufficient_evidence,0.03125,0.125,0.125
low_support,41,649476671900374608,2,16,0.0,0.2,unacceptable,same_evidence,insufficient_evidence,0.03125,0.125,0.125
low_support,41,649476671900374608,2,16,0.0,0.2,unacceptable,framework,insufficient_evidence,0.03125,0.125,0.125
low_support,42,1818600476420008241,2,16,0.0,0.2,unacceptable,pooled,insufficient_evidence,0.03125,0.0625,0.0625
low_support,42,1818600476420008241,2,16,0.0,0.2,unacceptable,per_feature,insufficient_evidence,0.03125,0.0625,0.0625
low_support,42,1818600476420008241,2,16,0.0,0.2,unacceptable,same_evidence,insufficient_evidence,0.03125,0.0625,0.0625
low_support,42,1818600476420008241,2,16,0.0,0.2,unacceptable,framework,insufficient_evidence,0.03125,0.0625,0.0625
low_support,43,3028318533201726109,2,16,0.0,0.2,unacceptable,pooled,insufficient_evidence,0.0,0.0625,0.125
low_support,43,3028318533201726109,2,16,0.0,0.2,unacceptable,per_feature,insufficient_evidence,0.0,0.0625,0.125
low_support,43,3028318533201726109,2,16,0.0,0.2,unacceptable,same_evidence,insufficient_evidence,0.0,0.0625,0.125
low_support,43,3028318533201726109,2,16,0.0,0.2,unacceptable,framework,insufficient_evidence,0.0,0.0625,0.125
low_support,44,4536560632762851225,2,16,0.0,0.2,unacceptable,pooled,insufficient_evidence,0.125,0.25,0.0
low_support,44,4536560632762851225,2,16,0.0,0.2,unacceptable,per_feature,insufficient_evidence,0.125,0.25,0.0
low_support,44,4536560632762851225,2,16,0.0,0.2,unacceptable,same_evidence,insufficient_evidence,0.125,0.25,0.0
low_support,44,4536560632762851225,2,16,0.0,0.2,unacceptable,framework,insufficient_evidence,0.125,0.25,0.0
low_support,45,1189666153694874659,2,16,0.0,0.2,unacceptable,pooled,insufficient_evidence,0.0,0.0625,0.0
low_support,45,1189666153694874659,2,16,0.0,0.2,unacceptable,per_feature,insufficient_evidence,0.0,0.0625,0.0
low_support,45,1189666153694874659,2,16,0.0,0.2,unacceptable,same_evidence,insufficient_evidence,0.0,0.0625,0.0
low_support,45,1189666153694874659,2,16,0.0,0.2,unacceptable,framework,insufficient_evidence,0.0,0.0625,0.0
low_support,46,1549482315696016036,2,16,0.0,0.2,unacceptable,pooled,insufficient_evidence,0.15625,0.25,0.0
low_support,46,1549482315696016036,2,16,0.0,0.2,unacceptable,per_feature,insufficient_evidence,0.15625,0.25,0.0
low_support,46,1549482315696016036,2,16,0.0,0.2,unacceptable,same_evidence,insufficient_evidence,0.15625,0.25,0.0
low_support,46,1549482315696016036,2,16,0.0,0.2,unacceptable,framework,insufficient_evidence,0.15625,0.25,0.0
low_support,47,1656917796816948485,2,16,0.0,0.2,unacceptable,pooled,insufficient_evidence,0.09375,0.125,0.0
low_support,47,1656917796816948485,2,16,0.0,0.2,unacceptable,per_feature,insufficient_evidence,0.09375,0.125,0.0
low_support,47,1656917796816948485,2,16,0.0,0.2,unacceptable,same_evidence,insufficient_evidence,0.09375,0.125,0.0
low_support,47,1656917796816948485,2,16,0.0,0.2,unacceptable,framework,insufficient_evidence,0.09375,0.125,0.0
low_support,48,3358633853542322192,2,16,0.0,0.2,unacceptable,pooled,insufficient_evidence,0.0625,0.125,0.0
low_support,48,3358633853542322192,2,16,0.0,0.2,unacceptable,per_feature,insufficient_evidence,0.0625,0.125,0.0
low_support,48,3358633853542322192,2,16,0.0,0.2,unacceptable,same_evidence,insufficient_evidence,0.0625,0.125,0.0
low_support,48,3358633853542322192,2,16,0.0,0.2,unacceptable,framework,insufficient_evidence,0.0625,0.125,0.0
low_support,49,401688831664513007,2,16,0.0,0.2,unacceptable,pooled,insufficient_evidence,0.0625,0.125,0.0625
low_support,49,401688831664513007,2,16,0.0,0.2,unacceptable,per_feature,insufficient_evidence,0.0625,0.125,0.0625
low_support,49,401688831664513007,2,16,0.0,0.2,unacceptable,same_evidence,insufficient_evidence,0.0625,0.125,0.0625
low_support,49,401688831664513007,2,16,0.0,0.2,unacceptable,framework,insufficient_evidence,0.0625,0.125,0.0625
low_support,50,2487514603462732006,2,16,0.0,0.2,unacceptable,pooled,insufficient_evidence,0.03125,0.125,0.0
low_support,50,2487514603462732006,2,16,0.0,0.2,unacceptable,per_feature,insufficient_evidence,0.03125,0.125,0.0
low_support,50,2487514603462732006,2,16,0.0,0.2,unacceptable,same_evidence,insufficient_evidence,0.03125,0.125,0.0
low_support,50,2487514603462732006,2,16,0.0,0.2,unacceptable,framework,insufficient_evidence,0.03125,0.125,0.0
low_support,51,3431840450210016609,2,16,0.0,0.2,unacceptable,pooled,insufficient_evidence,0.09375,0.125,0.0625
low_support,51,3431840450210016609,2,16,0.0,0.2,unacceptable,per_feature,insufficient_evidence,0.09375,0.125,0.0625
low_support,51,3431840450210016609,2,16,0.0,0.2,unacceptable,same_evidence,insufficient_evidence,0.09375,0.125,0.0625
low_support,51,3431840450210016609,2,16,0.0,0.2,unacceptable,framework,insufficient_evidence,0.09375,0.125,0.0625
low_support,52,1246744598580462980,2,16,0.0,0.2,unacceptable,pooled,insufficient_evidence,0.03125,0.0625,0.0
low_support,52,1246744598580462980,2,16,0.0,0.2,unacceptable,per_feature,insufficient_evidence,0.03125,0.0625,0.0
low_support,52,1246744598580462980,2,16,0.0,0.2,unacceptable,same_evidence,insufficient_evidence,0.03125,0.0625,0.0
low_support,52,1246744598580462980,2,16,0.0,0.2,unacceptable,framework,insufficient_evidence,0.03125,0.0625,0.0
low_support,53,754360332390609460,2,16,0.0,0.2,unacceptable,pooled,insufficient_evidence,0.0,0.125,0.0
low_support,53,754360332390609460,2,16,0.0,0.2,unacceptable,per_feature,insufficient_evidence,0.0,0.125,0.0
low_support,53,754360332390609460,2,16,0.0,0.2,unacceptable,same_evidence,insufficient_evidence,0.0,0.125,0.0
low_support,53,754360332390609460,2,16,0.0,0.2,unacceptable,framework,insufficient_evidence,0.0,0.125,0.0
low_support,54,2661371008618852666,2,16,0.0,0.2,unacceptable,pooled,insufficient_evidence,0.03125,0.0625,0.0
low_support,54,2661371008618852666,2,16,0.0,0.2,unacceptable,per_feature,insufficient_evidence,0.03125,0.0625,0.0
low_support,54,2661371008618852666,2,16,0.0,0.2,unacceptable,same_evidence,insufficient_evidence,0.03125,0.0625,0.0
low_support,54,2661371008618852666,2,16,0.0,0.2,unacceptable,framework,insufficient_evidence,0.03125,0.0625,0.0
low_support,55,4444155198196606758,2,16,0.0,0.2,unacceptable,pooled,insufficient_evidence,0.03125,0.0625,0.0
low_support,55,4444155198196606758,2,16,0.0,0.2,unacceptable,per_feature,insufficient_evidence,0.03125,0.0625,0.0
low_support,55,4444155198196606758,2,16,0.0,0.2,unacceptable,same_evidence,insufficient_evidence,0.03125,0.0625,0.0
low_support,55,4444155198196606758,2,16,0.0,0.2,unacceptable,framework,insufficient_evidence,0.03125,0.0625,0.0
low_support,56,927513335824027910,2,16,0.0,0.2,unacceptable,pooled,insufficient_evidence,0.0625,0.0625,0.125
low_support,56,927513335824027910,2,16,0.0,0.2,unacceptable,per_feature,insufficient_evidence,0.0625,0.0625,0.125
low_support,56,927513335824027910,2,16,0.0,0.2,unacceptable,same_evidence,insufficient_evidence,0.0625,0.0625,0.125
low_support,56,927513335824027910,2,16,0.0,0.2,unacceptable,framework,insufficient_evidence,0.0625,0.0625,0.125
low_support,57,2436871096179504557,2,16,0.0,0.2,unacceptable,pooled,insufficient_evidence,0.09375,0.3125,0.0
low_support,57,2436871096179504557,2,16,0.0,0.2,unacceptable,per_feature,insufficient_evidence,0.09375,0.3125,0.0
low_support,57,2436871096179504557,2,16,0.0,0.2,unacceptable,same_evidence,insufficient_evidence,0.09375,0.3125,0.0
low_support,57,2436871096179504557,2,16,0.0,0.2,unacceptable,framework,insufficient_evidence,0.09375,0.3125,0.0
low_support,58,1692644493752480136,2,16,0.0,0.2,unacceptable,pooled,insufficient_evidence,0.03125,0.1875,0.0625
low_support,58,1692644493752480136,2,16,0.0,0.2,unacceptable,per_feature,insufficient_evidence,0.03125,0.1875,0.0625
low_support,58,1692644493752480136,2,16,0.0,0.2,unacceptable,same_evidence,insufficient_evidence,0.03125,0.1875,0.0625
low_support,58,1692644493752480136,2,16,0.0,0.2,unacceptable,framework,insufficient_evidence,0.03125,0.1875,0.0625
low_support,59,1299142499757602709,2,16,0.0,0.2,unacceptable,pooled,insufficient_evidence,0.1875,0.25,0.0
low_support,59,1299142499757602709,2,16,0.0,0.2,unacceptable,per_feature,insufficient_evidence,0.1875,0.25,0.0
low_support,59,1299142499757602709,2,16,0.0,0.2,unacceptable,same_evidence,insufficient_evidence,0.1875,0.25,0.0
low_support,59,1299142499757602709,2,16,0.0,0.2,unacceptable,framework,insufficient_evidence,0.1875,0.25,0.0
low_support,60,49291740594448554,2,16,0.0,0.2,unacceptable,pooled,insufficient_evidence,0.09375,0.125,0.0625
low_support,60,49291740594448554,2,16,0.0,0.2,unacceptable,per_feature,insufficient_evidence,0.09375,0.125,0.0625
low_support,60,49291740594448554,2,16,0.0,0.2,unacceptable,same_evidence,insufficient_evidence,0.09375,0.125,0.0625
low_support,60,49291740594448554,2,16,0.0,0.2,unacceptable,framework,insufficient_evidence,0.09375,0.125,0.0625
low_support,61,4158332434011550101,2,16,0.0,0.2,unacceptable,pooled,insufficient_evidence,0.0625,0.125,0.0
low_support,61,4158332434011550101,2,16,0.0,0.2,unacceptable,per_feature,insufficient_evidence,0.0625,0.125,0.0
low_support,61,4158332434011550101,2,16,0.0,0.2,unacceptable,same_evidence,insufficient_evidence,0.0625,0.125,0.0
low_support,61,4158332434011550101,2,16,0.0,0.2,unacceptable,framework,insufficient_evidence,0.0625,0.125,0.0
low_support,62,1816926957778726077,2,16,0.0,0.2,unacceptable,pooled,insufficient_evidence,0.125,0.1875,0.0
low_support,62,1816926957778726077,2,16,0.0,0.2,unacceptable,per_feature,insufficient_evidence,0.125,0.1875,0.0
low_support,62,1816926957778726077,2,16,0.0,0.2,unacceptable,same_evidence,insufficient_evidence,0.125,0.1875,0.0
low_support,62,1816926957778726077,2,16,0.0,0.2,unacceptable,framework,insufficient_evidence,0.125,0.1875,0.0
low_support,63,2526529263820116207,2,16,0.0,0.2,unacceptable,pooled,insufficient_evidence,0.03125,0.0625,0.0
low_support,63,2526529263820116207,2,16,0.0,0.2,unacceptable,per_feature,insufficient_evidence,0.03125,0.0625,0.0
low_support,63,2526529263820116207,2,16,0.0,0.2,unacceptable,same_evidence,insufficient_evidence,0.03125,0.0625,0.0
low_support,63,2526529263820116207,2,16,0.0,0.2,unacceptable,framework,insufficient_evidence,0.03125,0.0625,0.0
low_support,64,4361525512668453704,2,16,0.0,0.2,unacceptable,pooled,insufficient_evidence,0.0,0.0625,0.0625
low_support,64,4361525512668453704,2,16,0.0,0.2,unacceptable,per_feature,insufficient_evidence,0.0,0.0625,0.0625
low_support,64,4361525512668453704,2,16,0.0,0.2,unacceptable,same_evidence,insufficient_evidence,0.0,0.0625,0.0625
low_support,64,4361525512668453704,2,16,0.0,0.2,unacceptable,framework,insufficient_evidence,0.0,0.0625,0.0625
low_support,65,1366822525876883873,2,16,0.0,0.2,unacceptable,pooled,insufficient_evidence,0.03125,0.125,0.125
low_support,65,1366822525876883873,2,16,0.0,0.2,unacceptable,per_feature,insufficient_evidence,0.03125,0.125,0.125
low_support,65,1366822525876883873,2,16,0.0,0.2,unacceptable,same_evidence,insufficient_evidence,0.03125,0.125,0.125
low_support,65,1366822525876883873,2,16,0.0,0.2,unacceptable,framework,insufficient_evidence,0.03125,0.125,0.125
low_support,66,3390192862360340826,2,16,0.0,0.2,unacceptable,pooled,insufficient_evidence,0.03125,0.0625,0.0
low_support,66,3390192862360340826,2,16,0.0,0.2,unacceptable,per_feature,insufficient_evidence,0.03125,0.0625,0.0
low_support,66,3390192862360340826,2,16,0.0,0.2,unacceptable,same_evidence,insufficient_evidence,0.03125,0.0625,0.0
low_support,66,3390192862360340826,2,16,0.0,0.2,unacceptable,framework,insufficient_evidence,0.03125,0.0625,0.0
low_support,67,4065197597612386996,2,16,0.0,0.2,unacceptable,pooled,insufficient_evidence,0.09375,0.1875,0.0
low_support,67,4065197597612386996,2,16,0.0,0.2,unacceptable,per_feature,insufficient_evidence,0.09375,0.1875,0.0
low_support,67,4065197597612386996,2,16,0.0,0.2,unacceptable,same_evidence,insufficient_evidence,0.09375,0.1875,0.0
low_support,67,4065197597612386996,2,16,0.0,0.2,unacceptable,framework,insufficient_evidence,0.09375,0.1875,0.0
low_support,68,3317065969824161944,2,16,0.0,0.2,unacceptable,pooled,insufficient_evidence,0.0,0.125,0.0
low_support,68,3317065969824161944,2,16,0.0,0.2,unacceptable,per_feature,insufficient_evidence,0.0,0.125,0.0
low_support,68,3317065969824161944,2,16,0.0,0.2,unacceptable,same_evidence,insufficient_evidence,0.0,0.125,0.0
low_support,68,3317065969824161944,2,16,0.0,0.2,unacceptable,framework,insufficient_evidence,0.0,0.125,0.0
low_support,69,4604699052508255023,2,16,0.0,0.2,unacceptable,pooled,insufficient_evidence,0.0625,0.0625,0.0
low_support,69,4604699052508255023,2,16,0.0,0.2,unacceptable,per_feature,insufficient_evidence,0.0625,0.0625,0.0
low_support,69,4604699052508255023,2,16,0.0,0.2,unacceptable,same_evidence,insufficient_evidence,0.0625,0.0625,0.0
low_support,69,4604699052508255023,2,16,0.0,0.2,unacceptable,framework,insufficient_evidence,0.0625,0.0625,0.0
low_support,70,4216359347728775895,2,16,0.0,0.2,unacceptable,pooled,insufficient_evidence,0.03125,0.125,0.125
low_support,70,4216359347728775895,2,16,0.0,0.2,unacceptable,per_feature,insufficient_evidence,0.03125,0.125,0.125
low_support,70,4216359347728775895,2,16,0.0,0.2,unacceptable,same_evidence,insufficient_evidence,0.03125,0.125,0.125
low_support,70,4216359347728775895,2,16,0.0,0.2,unacceptable,framework,insufficient_evidence,0.03125,0.125,0.125
low_support,71,837225064588017034,2,16,0.0,0.2,unacceptable,pooled,insufficient_evidence,0.03125,0.0625,0.0
low_support,71,837225064588017034,2,16,0.0,0.2,unacceptable,per_feature,insufficient_evidence,0.03125,0.0625,0.0
low_support,71,837225064588017034,2,16,0.0,0.2,unacceptable,same_evidence,insufficient_evidence,0.03125,0.0625,0.0
low_support,71,837225064588017034,2,16,0.0,0.2,unacceptable,framework,insufficient_evidence,0.03125,0.0625,0.0
low_support,72,860697298592193603,2,16,0.0,0.2,unacceptable,pooled,insufficient_evidence,0.03125,0.0625,0.0625
low_support,72,860697298592193603,2,16,0.0,0.2,unacceptable,per_feature,insufficient_evidence,0.03125,0.0625,0.0625
low_support,72,860697298592193603,2,16,0.0,0.2,unacceptable,same_evidence,insufficient_evidence,0.03125,0.0625,0.0625
low_support,72,860697298592193603,2,16,0.0,0.2,unacceptable,framework,insufficient_evidence,0.03125,0.0625,0.0625
low_support,73,1260027726588008386,2,16,0.0,0.2,unacceptable,pooled,insufficient_evidence,0.09375,0.1875,0.0625
low_support,73,1260027726588008386,2,16,0.0,0.2,unacceptable,per_feature,insufficient_evidence,0.09375,0.1875,0.0625
low_support,73,1260027726588008386,2,16,0.0,0.2,unacceptable,same_evidence,insufficient_evidence,0.09375,0.1875,0.0625
low_support,73,1260027726588008386,2,16,0.0,0.2,unacceptable,framework,insufficient_evidence,0.09375,0.1875,0.0625
low_support,74,3082233780139398254,2,16,0.0,0.2,unacceptable,pooled,insufficient_evidence,0.03125,0.125,0.0625
low_support,74,3082233780139398254,2,16,0.0,0.2,unacceptable,per_feature,insufficient_evidence,0.03125,0.125,0.0625
low_support,74,3082233780139398254,2,16,0.0,0.2,unacceptable,same_evidence,insufficient_evidence,0.03125,0.125,0.0625
low_support,74,3082233780139398254,2,16,0.0,0.2,unacceptable,framework,insufficient_evidence,0.03125,0.125,0.0625
low_support,75,4063791009189851067,2,16,0.0,0.2,unacceptable,pooled,insufficient_evidence,0.0,0.0625,0.125
low_support,75,4063791009189851067,2,16,0.0,0.2,unacceptable,per_feature,insufficient_evidence,0.0,0.0625,0.125
low_support,75,4063791009189851067,2,16,0.0,0.2,unacceptable,same_evidence,insufficient_evidence,0.0,0.0625,0.125
low_support,75,4063791009189851067,2,16,0.0,0.2,unacceptable,framework,insufficient_evidence,0.0,0.0625,0.125
low_support,76,1226333747336369764,2,16,0.0,0.2,unacceptable,pooled,insufficient_evidence,0.09375,0.1875,0.0
low_support,76,1226333747336369764,2,16,0.0,0.2,unacceptable,per_feature,insufficient_evidence,0.09375,0.1875,0.0
low_support,76,1226333747336369764,2,16,0.0,0.2,unacceptable,same_evidence,insufficient_evidence,0.09375,0.1875,0.0
low_support,76,1226333747336369764,2,16,0.0,0.2,unacceptable,framework,insufficient_evidence,0.09375,0.1875,0.0
low_support,77,1157106685964863173,2,16,0.0,0.2,unacceptable,pooled,insufficient_evidence,0.03125,0.1875,0.0
low_support,77,1157106685964863173,2,16,0.0,0.2,unacceptable,per_feature,insufficient_evidence,0.03125,0.1875,0.0
low_support,77,1157106685964863173,2,16,0.0,0.2,unacceptable,same_evidence,insufficient_evidence,0.03125,0.1875,0.0
low_support,77,1157106685964863173,2,16,0.0,0.2,unacceptable,framework,insufficient_evidence,0.03125,0.1875,0.0
low_support,78,4198593956693394793,2,16,0.0,0.2,unacceptable,pooled,insufficient_evidence,0.03125,0.0625,0.0625
low_support,78,4198593956693394793,2,16,0.0,0.2,unacceptable,per_feature,insufficient_evidence,0.03125,0.0625,0.0625
low_support,78,4198593956693394793,2,16,0.0,0.2,unacceptable,same_evidence,insufficient_evidence,0.03125,0.0625,0.0625
low_support,78,4198593956693394793,2,16,0.0,0.2,unacceptable,framework,insufficient_evidence,0.03125,0.0625,0.0625
low_support,79,353368555501831848,2,16,0.0,0.2,unacceptable,pooled,insufficient_evidence,0.09375,0.125,0.0
low_support,79,353368555501831848,2,16,0.0,0.2,unacceptable,per_feature,insufficient_evidence,0.09375,0.125,0.0
low_support,79,353368555501831848,2,16,0.0,0.2,unacceptable,same_evidence,insufficient_evidence,0.09375,0.125,0.0
low_support,79,353368555501831848,2,16,0.0,0.2,unacceptable,framework,insufficient_evidence,0.09375,0.125,0.0
low_support,80,1184071887693952729,2,16,0.0,0.2,unacceptable,pooled,insufficient_evidence,0.0625,0.125,0.0625
low_support,80,1184071887693952729,2,16,0.0,0.2,unacceptable,per_feature,insufficient_evidence,0.0625,0.125,0.0625
low_support,80,1184071887693952729,2,16,0.0,0.2,unacceptable,same_evidence,insufficient_evidence,0.0625,0.125,0.0625
low_support,80,1184071887693952729,2,16,0.0,0.2,unacceptable,framework,insufficient_evidence,0.0625,0.125,0.0625
low_support,81,1844284482701514883,2,16,0.0,0.2,unacceptable,pooled,insufficient_evidence,0.03125,0.125,0.0625
low_support,81,1844284482701514883,2,16,0.0,0.2,unacceptable,per_feature,insufficient_evidence,0.03125,0.125,0.0625
low_support,81,1844284482701514883,2,16,0.0,0.2,unacceptable,same_evidence,insufficient_evidence,0.03125,0.125,0.0625
low_support,81,1844284482701514883,2,16,0.0,0.2,unacceptable,framework,insufficient_evidence,0.03125,0.125,0.0625
low_support,82,992432257989160425,2,16,0.0,0.2,unacceptable,pooled,insufficient_evidence,0.03125,0.125,0.0625
low_support,82,992432257989160425,2,16,0.0,0.2,unacceptable,per_feature,insufficient_evidence,0.03125,0.125,0.0625
low_support,82,992432257989160425,2,16,0.0,0.2,unacceptable,same_evidence,insufficient_evidence,0.03125,0.125,0.0625
low_support,82,992432257989160425,2,16,0.0,0.2,unacceptable,framework,insufficient_evidence,0.03125,0.125,0.0625
low_support,83,4493885577344708555,2,16,0.0,0.2,unacceptable,pooled,insufficient_evidence,0.09375,0.1875,0.125
low_support,83,4493885577344708555,2,16,0.0,0.2,unacceptable,per_feature,insufficient_evidence,0.09375,0.1875,0.125
low_support,83,4493885577344708555,2,16,0.0,0.2,unacceptable,same_evidence,insufficient_evidence,0.09375,0.1875,0.125
low_support,83,4493885577344708555,2,16,0.0,0.2,unacceptable,framework,insufficient_evidence,0.09375,0.1875,0.125
low_support,84,4383509235222496847,2,16,0.0,0.2,unacceptable,pooled,insufficient_evidence,0.0625,0.125,0.125
low_support,84,4383509235222496847,2,16,0.0,0.2,unacceptable,per_feature,insufficient_evidence,0.0625,0.125,0.125
low_support,84,4383509235222496847,2,16,0.0,0.2,unacceptable,same_evidence,insufficient_evidence,0.0625,0.125,0.125
low_support,84,4383509235222496847,2,16,0.0,0.2,unacceptable,framework,insufficient_evidence,0.0625,0.125,0.125
low_support,85,2322753971556886484,2,16,0.0,0.2,unacceptable,pooled,insufficient_evidence,0.09375,0.1875,0.0
low_support,85,2322753971556886484,2,16,0.0,0.2,unacceptable,per_feature,insufficient_evidence,0.09375,0.1875,0.0
low_support,85,2322753971556886484,2,16,0.0,0.2,unacceptable,same_evidence,insufficient_evidence,0.09375,0.1875,0.0
low_support,85,2322753971556886484,2,16,0.0,0.2,unacceptable,framework,insufficient_evidence,0.09375,0.1875,0.0
low_support,86,3932068077717492796,2,16,0.0,0.2,unacceptable,pooled,insufficient_evidence,0.125,0.1875,0.0
low_support,86,3932068077717492796,2,16,0.0,0.2,unacceptable,per_feature,insufficient_evidence,0.125,0.1875,0.0
low_support,86,3932068077717492796,2,16,0.0,0.2,unacceptable,same_evidence,insufficient_evidence,0.125,0.1875,0.0
low_support,86,3932068077717492796,2,16,0.0,0.2,unacceptable,framework,insufficient_evidence,0.125,0.1875,0.0
low_support,87,2520170110596852606,2,16,0.0,0.2,unacceptable,pooled,insufficient_evidence,0.03125,0.0625,0.125
low_support,87,2520170110596852606,2,16,0.0,0.2,unacceptable,per_feature,insufficient_evidence,0.03125,0.0625,0.125
low_support,87,2520170110596852606,2,16,0.0,0.2,unacceptable,same_evidence,insufficient_evidence,0.03125,0.0625,0.125
low_support,87,2520170110596852606,2,16,0.0,0.2,unacceptable,framework,insufficient_evidence,0.03125,0.0625,0.125
low_support,88,2325659223485436471,2,16,0.0,0.2,unacceptable,pooled,insufficient_evidence,0.03125,0.125,0.0625
low_support,88,2325659223485436471,2,16,0.0,0.2,unacceptable,per_feature,insufficient_evidence,0.03125,0.125,0.0625
low_support,88,2325659223485436471,2,16,0.0,0.2,unacceptable,same_evidence,insufficient_evidence,0.03125,0.125,0.0625
low_support,88,2325659223485436471,2,16,0.0,0.2,unacceptable,framework,insufficient_evidence,0.03125,0.125,0.0625
low_support,89,1708705753479714094,2,16,0.0,0.2,unacceptable,pooled,insufficient_evidence,0.03125,0.0625,0.0625
low_support,89,1708705753479714094,2,16,0.0,0.2,unacceptable,per_feature,insufficient_evidence,0.03125,0.0625,0.0625
low_support,89,1708705753479714094,2,16,0.0,0.2,unacceptable,same_evidence,insufficient_evidence,0.03125,0.0625,0.0625
low_support,89,1708705753479714094,2,16,0.0,0.2,unacceptable,framework,insufficient_evidence,0.03125,0.0625,0.0625
low_support,90,1263616460441173952,2,16,0.0,0.2,unacceptable,pooled,insufficient_evidence,0.0625,0.0625,0.0
low_support,90,1263616460441173952,2,16,0.0,0.2,unacceptable,per_feature,insufficient_evidence,0.0625,0.0625,0.0
low_support,90,1263616460441173952,2,16,0.0,0.2,unacceptable,same_evidence,insufficient_evidence,0.0625,0.0625,0.0
low_support,90,1263616460441173952,2,16,0.0,0.2,unacceptable,framework,insufficient_evidence,0.0625,0.0625,0.0
low_support,91,1247792922110994323,2,16,0.0,0.2,unacceptable,pooled,insufficient_evidence,0.03125,0.125,0.0
low_support,91,1247792922110994323,2,16,0.0,0.2,unacceptable,per_feature,insufficient_evidence,0.03125,0.125,0.0
low_support,91,1247792922110994323,2,16,0.0,0.2,unacceptable,same_evidence,insufficient_evidence,0.03125,0.125,0.0
low_support,91,1247792922110994323,2,16,0.0,0.2,unacceptable,framework,insufficient_evidence,0.03125,0.125,0.0
low_support,92,3896316556760136752,2,16,0.0,0.2,unacceptable,pooled,insufficient_evidence,0.0625,0.0625,0.0625
low_support,92,3896316556760136752,2,16,0.0,0.2,unacceptable,per_feature,insufficient_evidence,0.0625,0.0625,0.0625
low_support,92,3896316556760136752,2,16,0.0,0.2,unacceptable,same_evidence,insufficient_evidence,0.0625,0.0625,0.0625
low_support,92,3896316556760136752,2,16,0.0,0.2,unacceptable,framework,insufficient_evidence,0.0625,0.0625,0.0625
low_support,93,960754408348261295,2,16,0.0,0.2,unacceptable,pooled,insufficient_evidence,0.09375,0.1875,0.125
low_support,93,960754408348261295,2,16,0.0,0.2,unacceptable,per_feature,insufficient_evidence,0.09375,0.1875,0.125
low_support,93,960754408348261295,2,16,0.0,0.2,unacceptable,same_evidence,insufficient_evidence,0.09375,0.1875,0.125
low_support,93,960754408348261295,2,16,0.0,0.2,unacceptable,framework,insufficient_evidence,0.09375,0.1875,0.125
low_support,94,3582284317323347124,2,16,0.0,0.2,unacceptable,pooled,insufficient_evidence,0.03125,0.0625,0.0
low_support,94,3582284317323347124,2,16,0.0,0.2,unacceptable,per_feature,insufficient_evidence,0.03125,0.0625,0.0
low_support,94,3582284317323347124,2,16,0.0,0.2,unacceptable,same_evidence,insufficient_evidence,0.03125,0.0625,0.0
low_support,94,3582284317323347124,2,16,0.0,0.2,unacceptable,framework,insufficient_evidence,0.03125,0.0625,0.0
low_support,95,3261578496639478734,2,16,0.0,0.2,unacceptable,pooled,insufficient_evidence,0.125,0.125,0.0625
low_support,95,3261578496639478734,2,16,0.0,0.2,unacceptable,per_feature,insufficient_evidence,0.125,0.125,0.0625
low_support,95,3261578496639478734,2,16,0.0,0.2,unacceptable,same_evidence,insufficient_evidence,0.125,0.125,0.0625
low_support,95,3261578496639478734,2,16,0.0,0.2,unacceptable,framework,insufficient_evidence,0.125,0.125,0.0625
low_support,96,641714689636774207,2,16,0.0,0.2,unacceptable,pooled,insufficient_evidence,0.0,0.0,0.0625
low_support,96,641714689636774207,2,16,0.0,0.2,unacceptable,per_feature,insufficient_evidence,0.0,0.0,0.0625
low_support,96,641714689636774207,2,16,0.0,0.2,unacceptable,same_evidence,insufficient_evidence,0.0,0.0,0.0625
low_support,96,641714689636774207,2,16,0.0,0.2,unacceptable,framework,insufficient_evidence,0.0,0.0,0.0625
low_support,97,2636897496588995000,2,16,0.0,0.2,unacceptable,pooled,insufficient_evidence,0.0625,0.0625,0.0
low_support,97,2636897496588995000,2,16,0.0,0.2,unacceptable,per_feature,insufficient_evidence,0.0625,0.0625,0.0
low_support,97,2636897496588995000,2,16,0.0,0.2,unacceptable,same_evidence,insufficient_evidence,0.0625,0.0625,0.0
low_support,97,2636897496588995000,2,16,0.0,0.2,unacceptable,framework,insufficient_evidence,0.0625,0.0625,0.0
low_support,98,1595521873411706316,2,16,0.0,0.2,unacceptable,pooled,insufficient_evidence,0.09375,0.25,0.25
low_support,98,1595521873411706316,2,16,0.0,0.2,unacceptable,per_feature,insufficient_evidence,0.09375,0.25,0.25
low_support,98,1595521873411706316,2,16,0.0,0.2,unacceptable,same_evidence,insufficient_evidence,0.09375,0.25,0.25
low_support,98,1595521873411706316,2,16,0.0,0.2,unacceptable,framework,insufficient_evidence,0.09375,0.25,0.25
low_support,99,1349940181192173020,2,16,0.0,0.2,unacceptable,pooled,insufficient_evidence,0.0625,0.0625,0.0625
low_support,99,1349940181192173020,2,16,0.0,0.2,unacceptable,per_feature,insufficient_evidence,0.0625,0.0625,0.0625
low_support,99,1349940181192173020,2,16,0.0,0.2,unacceptable,same_evidence,insufficient_evidence,0.0625,0.0625,0.0625
low_support,99,1349940181192173020,2,16,0.0,0.2,unacceptable,framework,insufficient_evidence,0.0625,0.0625,0.0625
